feature,index,family,status,method,source,exact_proven,confidence,value_00513,reference_value_00513,absolute_error_00513,notes
PQ_Int_I,0,PQ_Int,RECONSTRUCTED,ExtractIntervalFeaturesFromFPT,ECGDeli 1.1 ExtractIntervalFeaturesFromFPT and published fiducials,false,HIGH,132.0,132.0,0.0,Algorithm reconstructed and validated against published PTB-XL+ row 00513. 238 cells matched at <=1e-6 in forensic reconstruction.
PQ_Int_I_iqr,1,PQ_Int,RECONSTRUCTED,ExtractIntervalFeaturesFromFPT,ECGDeli 1.1 ExtractIntervalFeaturesFromFPT and published fiducials,false,HIGH,8.0,8.0,0.0,Algorithm reconstructed and validated against published PTB-XL+ row 00513. 238 cells matched at <=1e-6 in forensic reconstruction.
PQ_Int_I_count,2,PQ_Int,RECONSTRUCTED,ExtractIntervalFeaturesFromFPT,ECGDeli 1.1 ExtractIntervalFeaturesFromFPT and published fiducials,false,HIGH,12.0,12.0,0.0,Algorithm reconstructed and validated against published PTB-XL+ row 00513. 238 cells matched at <=1e-6 in forensic reconstruction.
PQ_Int_II,3,PQ_Int,RECONSTRUCTED,ExtractIntervalFeaturesFromFPT,ECGDeli 1.1 ExtractIntervalFeaturesFromFPT and published fiducials,false,HIGH,146.0,146.0,0.0,Algorithm reconstructed and validated against published PTB-XL+ row 00513. 238 cells matched at <=1e-6 in forensic reconstruction.
PQ_Int_II_iqr,4,PQ_Int,RECONSTRUCTED,ExtractIntervalFeaturesFromFPT,ECGDeli 1.1 ExtractIntervalFeaturesFromFPT and published fiducials,false,HIGH,2.0,2.0,0.0,Algorithm reconstructed and validated against published PTB-XL+ row 00513. 238 cells matched at <=1e-6 in forensic reconstruction.
PQ_Int_II_count,5,PQ_Int,RECONSTRUCTED,ExtractIntervalFeaturesFromFPT,ECGDeli 1.1 ExtractIntervalFeaturesFromFPT and published fiducials,false,HIGH,12.0,12.0,0.0,Algorithm reconstructed and validated against published PTB-XL+ row 00513. 238 cells matched at <=1e-6 in forensic reconstruction.
PQ_Int_III,6,PQ_Int,RECONSTRUCTED,ExtractIntervalFeaturesFromFPT,ECGDeli 1.1 ExtractIntervalFeaturesFromFPT and published fiducials,false,HIGH,156.0,156.0,0.0,Algorithm reconstructed and validated against published PTB-XL+ row 00513. 238 cells matched at <=1e-6 in forensic reconstruction.
PQ_Int_III_iqr,7,PQ_Int,RECONSTRUCTED,ExtractIntervalFeaturesFromFPT,ECGDeli 1.1 ExtractIntervalFeaturesFromFPT and published fiducials,false,HIGH,29.0,29.0,0.0,Algorithm reconstructed and validated against published PTB-XL+ row 00513. 238 cells matched at <=1e-6 in forensic reconstruction.
PQ_Int_III_count,8,PQ_Int,RECONSTRUCTED,ExtractIntervalFeaturesFromFPT,ECGDeli 1.1 ExtractIntervalFeaturesFromFPT and published fiducials,false,HIGH,12.0,12.0,0.0,Algorithm reconstructed and validated against published PTB-XL+ row 00513. 238 cells matched at <=1e-6 in forensic reconstruction.
PQ_Int_V1,9,PQ_Int,RECONSTRUCTED,ExtractIntervalFeaturesFromFPT,ECGDeli 1.1 ExtractIntervalFeaturesFromFPT and published fiducials,false,HIGH,178.0,178.0,0.0,Algorithm reconstructed and validated against published PTB-XL+ row 00513. 238 cells matched at <=1e-6 in forensic reconstruction.
PQ_Int_V1_iqr,10,PQ_Int,RECONSTRUCTED,ExtractIntervalFeaturesFromFPT,ECGDeli 1.1 ExtractIntervalFeaturesFromFPT and published fiducials,false,HIGH,8.5,8.5,0.0,Algorithm reconstructed and validated against published PTB-XL+ row 00513. 238 cells matched at <=1e-6 in forensic reconstruction.
PQ_Int_V1_count,11,PQ_Int,RECONSTRUCTED,ExtractIntervalFeaturesFromFPT,ECGDeli 1.1 ExtractIntervalFeaturesFromFPT and published fiducials,false,HIGH,12.0,12.0,0.0,Algorithm reconstructed and validated against published PTB-XL+ row 00513. 238 cells matched at <=1e-6 in forensic reconstruction.
PQ_Int_V2,12,PQ_Int,RECONSTRUCTED,ExtractIntervalFeaturesFromFPT,ECGDeli 1.1 ExtractIntervalFeaturesFromFPT and published fiducials,false,HIGH,130.0,130.0,0.0,Algorithm reconstructed and validated against published PTB-XL+ row 00513. 238 cells matched at <=1e-6 in forensic reconstruction.
PQ_Int_V2_iqr,13,PQ_Int,RECONSTRUCTED,ExtractIntervalFeaturesFromFPT,ECGDeli 1.1 ExtractIntervalFeaturesFromFPT and published fiducials,false,HIGH,46.5,46.5,0.0,Algorithm reconstructed and validated against published PTB-XL+ row 00513. 238 cells matched at <=1e-6 in forensic reconstruction.
PQ_Int_V2_count,14,PQ_Int,RECONSTRUCTED,ExtractIntervalFeaturesFromFPT,ECGDeli 1.1 ExtractIntervalFeaturesFromFPT and published fiducials,false,HIGH,12.0,12.0,0.0,Algorithm reconstructed and validated against published PTB-XL+ row 00513. 238 cells matched at <=1e-6 in forensic reconstruction.
PQ_Int_V3,15,PQ_Int,RECONSTRUCTED,ExtractIntervalFeaturesFromFPT,ECGDeli 1.1 ExtractIntervalFeaturesFromFPT and published fiducials,false,HIGH,154.0,154.0,0.0,Algorithm reconstructed and validated against published PTB-XL+ row 00513. 238 cells matched at <=1e-6 in forensic reconstruction.
PQ_Int_V3_iqr,16,PQ_Int,RECONSTRUCTED,ExtractIntervalFeaturesFromFPT,ECGDeli 1.1 ExtractIntervalFeaturesFromFPT and published fiducials,false,HIGH,8.0,8.0,0.0,Algorithm reconstructed and validated against published PTB-XL+ row 00513. 238 cells matched at <=1e-6 in forensic reconstruction.
PQ_Int_V3_count,17,PQ_Int,RECONSTRUCTED,ExtractIntervalFeaturesFromFPT,ECGDeli 1.1 ExtractIntervalFeaturesFromFPT and published fiducials,false,HIGH,12.0,12.0,0.0,Algorithm reconstructed and validated against published PTB-XL+ row 00513. 238 cells matched at <=1e-6 in forensic reconstruction.
PQ_Int_V4,18,PQ_Int,RECONSTRUCTED,ExtractIntervalFeaturesFromFPT,ECGDeli 1.1 ExtractIntervalFeaturesFromFPT and published fiducials,false,HIGH,147.0,147.0,0.0,Algorithm reconstructed and validated against published PTB-XL+ row 00513. 238 cells matched at <=1e-6 in forensic reconstruction.
PQ_Int_V4_iqr,19,PQ_Int,RECONSTRUCTED,ExtractIntervalFeaturesFromFPT,ECGDeli 1.1 ExtractIntervalFeaturesFromFPT and published fiducials,false,HIGH,6.0,6.0,0.0,Algorithm reconstructed and validated against published PTB-XL+ row 00513. 238 cells matched at <=1e-6 in forensic reconstruction.
PQ_Int_V4_count,20,PQ_Int,RECONSTRUCTED,ExtractIntervalFeaturesFromFPT,ECGDeli 1.1 ExtractIntervalFeaturesFromFPT and published fiducials,false,HIGH,12.0,12.0,0.0,Algorithm reconstructed and validated against published PTB-XL+ row 00513. 238 cells matched at <=1e-6 in forensic reconstruction.
PQ_Int_V5,21,PQ_Int,RECONSTRUCTED,ExtractIntervalFeaturesFromFPT,ECGDeli 1.1 ExtractIntervalFeaturesFromFPT and published fiducials,false,HIGH,148.0,148.0,0.0,Algorithm reconstructed and validated against published PTB-XL+ row 00513. 238 cells matched at <=1e-6 in forensic reconstruction.
PQ_Int_V5_iqr,22,PQ_Int,RECONSTRUCTED,ExtractIntervalFeaturesFromFPT,ECGDeli 1.1 ExtractIntervalFeaturesFromFPT and published fiducials,false,HIGH,12.5,12.5,0.0,Algorithm reconstructed and validated against published PTB-XL+ row 00513. 238 cells matched at <=1e-6 in forensic reconstruction.
PQ_Int_V5_count,23,PQ_Int,RECONSTRUCTED,ExtractIntervalFeaturesFromFPT,ECGDeli 1.1 ExtractIntervalFeaturesFromFPT and published fiducials,false,HIGH,12.0,12.0,0.0,Algorithm reconstructed and validated against published PTB-XL+ row 00513. 238 cells matched at <=1e-6 in forensic reconstruction.
PQ_Int_V6,24,PQ_Int,RECONSTRUCTED,ExtractIntervalFeaturesFromFPT,ECGDeli 1.1 ExtractIntervalFeaturesFromFPT and published fiducials,false,HIGH,140.0,140.0,0.0,Algorithm reconstructed and validated against published PTB-XL+ row 00513. 238 cells matched at <=1e-6 in forensic reconstruction.
PQ_Int_V6_iqr,25,PQ_Int,RECONSTRUCTED,ExtractIntervalFeaturesFromFPT,ECGDeli 1.1 ExtractIntervalFeaturesFromFPT and published fiducials,false,HIGH,5.0,5.0,0.0,Algorithm reconstructed and validated against published PTB-XL+ row 00513. 238 cells matched at <=1e-6 in forensic reconstruction.
PQ_Int_V6_count,26,PQ_Int,RECONSTRUCTED,ExtractIntervalFeaturesFromFPT,ECGDeli 1.1 ExtractIntervalFeaturesFromFPT and published fiducials,false,HIGH,12.0,12.0,0.0,Algorithm reconstructed and validated against published PTB-XL+ row 00513. 238 cells matched at <=1e-6 in forensic reconstruction.
PQ_Int_aVF,27,PQ_Int,RECONSTRUCTED,ExtractIntervalFeaturesFromFPT,ECGDeli 1.1 ExtractIntervalFeaturesFromFPT and published fiducials,false,HIGH,160.0,160.0,0.0,Algorithm reconstructed and validated against published PTB-XL+ row 00513. 238 cells matched at <=1e-6 in forensic reconstruction.
PQ_Int_aVF_iqr,28,PQ_Int,RECONSTRUCTED,ExtractIntervalFeaturesFromFPT,ECGDeli 1.1 ExtractIntervalFeaturesFromFPT and published fiducials,false,HIGH,14.5,14.5,0.0,Algorithm reconstructed and validated against published PTB-XL+ row 00513. 238 cells matched at <=1e-6 in forensic reconstruction.
PQ_Int_aVF_count,29,PQ_Int,RECONSTRUCTED,ExtractIntervalFeaturesFromFPT,ECGDeli 1.1 ExtractIntervalFeaturesFromFPT and published fiducials,false,HIGH,12.0,12.0,0.0,Algorithm reconstructed and validated against published PTB-XL+ row 00513. 238 cells matched at <=1e-6 in forensic reconstruction.
PQ_Int_aVL,30,PQ_Int,RECONSTRUCTED,ExtractIntervalFeaturesFromFPT,ECGDeli 1.1 ExtractIntervalFeaturesFromFPT and published fiducials,false,HIGH,124.0,124.0,0.0,Algorithm reconstructed and validated against published PTB-XL+ row 00513. 238 cells matched at <=1e-6 in forensic reconstruction.
PQ_Int_aVL_iqr,31,PQ_Int,RECONSTRUCTED,ExtractIntervalFeaturesFromFPT,ECGDeli 1.1 ExtractIntervalFeaturesFromFPT and published fiducials,false,HIGH,9.0,9.0,0.0,Algorithm reconstructed and validated against published PTB-XL+ row 00513. 238 cells matched at <=1e-6 in forensic reconstruction.
PQ_Int_aVL_count,32,PQ_Int,RECONSTRUCTED,ExtractIntervalFeaturesFromFPT,ECGDeli 1.1 ExtractIntervalFeaturesFromFPT and published fiducials,false,HIGH,12.0,12.0,0.0,Algorithm reconstructed and validated against published PTB-XL+ row 00513. 238 cells matched at <=1e-6 in forensic reconstruction.
PQ_Int_aVR,33,PQ_Int,RECONSTRUCTED,ExtractIntervalFeaturesFromFPT,ECGDeli 1.1 ExtractIntervalFeaturesFromFPT and published fiducials,false,HIGH,138.0,138.0,0.0,Algorithm reconstructed and validated against published PTB-XL+ row 00513. 238 cells matched at <=1e-6 in forensic reconstruction.
PQ_Int_aVR_iqr,34,PQ_Int,RECONSTRUCTED,ExtractIntervalFeaturesFromFPT,ECGDeli 1.1 ExtractIntervalFeaturesFromFPT and published fiducials,false,HIGH,4.5,4.5,0.0,Algorithm reconstructed and validated against published PTB-XL+ row 00513. 238 cells matched at <=1e-6 in forensic reconstruction.
PQ_Int_aVR_count,35,PQ_Int,RECONSTRUCTED,ExtractIntervalFeaturesFromFPT,ECGDeli 1.1 ExtractIntervalFeaturesFromFPT and published fiducials,false,HIGH,12.0,12.0,0.0,Algorithm reconstructed and validated against published PTB-XL+ row 00513. 238 cells matched at <=1e-6 in forensic reconstruction.
PQ_Int_Global,36,PQ_Int,RECONSTRUCTED,ExtractIntervalFeaturesFromFPT,ECGDeli 1.1 ExtractIntervalFeaturesFromFPT and published fiducials,false,HIGH,193.0,193.0,0.0,Algorithm reconstructed and validated against published PTB-XL+ row 00513. 238 cells matched at <=1e-6 in forensic reconstruction.
PQ_Int_Global_iqr,37,PQ_Int,RECONSTRUCTED,ExtractIntervalFeaturesFromFPT,ECGDeli 1.1 ExtractIntervalFeaturesFromFPT and published fiducials,false,HIGH,38.0,38.0,0.0,Algorithm reconstructed and validated against published PTB-XL+ row 00513. 238 cells matched at <=1e-6 in forensic reconstruction.
PQ_Int_Global_count,38,PQ_Int,RECONSTRUCTED,ExtractIntervalFeaturesFromFPT,ECGDeli 1.1 ExtractIntervalFeaturesFromFPT and published fiducials,false,HIGH,12.0,12.0,0.0,Algorithm reconstructed and validated against published PTB-XL+ row 00513. 238 cells matched at <=1e-6 in forensic reconstruction.
PR_Int_I,39,PR_Int,RECONSTRUCTED,ExtractIntervalFeaturesFromFPT,ECGDeli 1.1 ExtractIntervalFeaturesFromFPT and published fiducials,false,HIGH,189.0,189.0,0.0,Algorithm reconstructed and validated against published PTB-XL+ row 00513. 238 cells matched at <=1e-6 in forensic reconstruction.
PR_Int_I_iqr,40,PR_Int,RECONSTRUCTED,ExtractIntervalFeaturesFromFPT,ECGDeli 1.1 ExtractIntervalFeaturesFromFPT and published fiducials,false,HIGH,6.5,6.5,0.0,Algorithm reconstructed and validated against published PTB-XL+ row 00513. 238 cells matched at <=1e-6 in forensic reconstruction.
PR_Int_I_count,41,PR_Int,RECONSTRUCTED,ExtractIntervalFeaturesFromFPT,ECGDeli 1.1 ExtractIntervalFeaturesFromFPT and published fiducials,false,HIGH,12.0,12.0,0.0,Algorithm reconstructed and validated against published PTB-XL+ row 00513. 238 cells matched at <=1e-6 in forensic reconstruction.
PR_Int_II,42,PR_Int,RECONSTRUCTED,ExtractIntervalFeaturesFromFPT,ECGDeli 1.1 ExtractIntervalFeaturesFromFPT and published fiducials,false,HIGH,202.0,202.0,0.0,Algorithm reconstructed and validated against published PTB-XL+ row 00513. 238 cells matched at <=1e-6 in forensic reconstruction.
PR_Int_II_iqr,43,PR_Int,RECONSTRUCTED,ExtractIntervalFeaturesFromFPT,ECGDeli 1.1 ExtractIntervalFeaturesFromFPT and published fiducials,false,HIGH,2.0,2.0,0.0,Algorithm reconstructed and validated against published PTB-XL+ row 00513. 238 cells matched at <=1e-6 in forensic reconstruction.
PR_Int_II_count,44,PR_Int,RECONSTRUCTED,ExtractIntervalFeaturesFromFPT,ECGDeli 1.1 ExtractIntervalFeaturesFromFPT and published fiducials,false,HIGH,12.0,12.0,0.0,Algorithm reconstructed and validated against published PTB-XL+ row 00513. 238 cells matched at <=1e-6 in forensic reconstruction.
PR_Int_III,45,PR_Int,RECONSTRUCTED,ExtractIntervalFeaturesFromFPT,ECGDeli 1.1 ExtractIntervalFeaturesFromFPT and published fiducials,false,HIGH,254.0,254.0,0.0,Algorithm reconstructed and validated against published PTB-XL+ row 00513. 238 cells matched at <=1e-6 in forensic reconstruction.
PR_Int_III_iqr,46,PR_Int,RECONSTRUCTED,ExtractIntervalFeaturesFromFPT,ECGDeli 1.1 ExtractIntervalFeaturesFromFPT and published fiducials,false,HIGH,49.5,49.5,0.0,Algorithm reconstructed and validated against published PTB-XL+ row 00513. 238 cells matched at <=1e-6 in forensic reconstruction.
PR_Int_III_count,47,PR_Int,RECONSTRUCTED,ExtractIntervalFeaturesFromFPT,ECGDeli 1.1 ExtractIntervalFeaturesFromFPT and published fiducials,false,HIGH,12.0,12.0,0.0,Algorithm reconstructed and validated against published PTB-XL+ row 00513. 238 cells matched at <=1e-6 in forensic reconstruction.
PR_Int_V1,48,PR_Int,RECONSTRUCTED,ExtractIntervalFeaturesFromFPT,ECGDeli 1.1 ExtractIntervalFeaturesFromFPT and published fiducials,false,HIGH,237.0,237.0,0.0,Algorithm reconstructed and validated against published PTB-XL+ row 00513. 238 cells matched at <=1e-6 in forensic reconstruction.
PR_Int_V1_iqr,49,PR_Int,RECONSTRUCTED,ExtractIntervalFeaturesFromFPT,ECGDeli 1.1 ExtractIntervalFeaturesFromFPT and published fiducials,false,HIGH,8.5,8.5,0.0,Algorithm reconstructed and validated against published PTB-XL+ row 00513. 238 cells matched at <=1e-6 in forensic reconstruction.
PR_Int_V1_count,50,PR_Int,RECONSTRUCTED,ExtractIntervalFeaturesFromFPT,ECGDeli 1.1 ExtractIntervalFeaturesFromFPT and published fiducials,false,HIGH,12.0,12.0,0.0,Algorithm reconstructed and validated against published PTB-XL+ row 00513. 238 cells matched at <=1e-6 in forensic reconstruction.
PR_Int_V2,51,PR_Int,RECONSTRUCTED,ExtractIntervalFeaturesFromFPT,ECGDeli 1.1 ExtractIntervalFeaturesFromFPT and published fiducials,false,HIGH,221.0,221.0,0.0,Algorithm reconstructed and validated against published PTB-XL+ row 00513. 238 cells matched at <=1e-6 in forensic reconstruction.
PR_Int_V2_iqr,52,PR_Int,RECONSTRUCTED,ExtractIntervalFeaturesFromFPT,ECGDeli 1.1 ExtractIntervalFeaturesFromFPT and published fiducials,false,HIGH,51.0,51.0,0.0,Algorithm reconstructed and validated against published PTB-XL+ row 00513. 238 cells matched at <=1e-6 in forensic reconstruction.
PR_Int_V2_count,53,PR_Int,RECONSTRUCTED,ExtractIntervalFeaturesFromFPT,ECGDeli 1.1 ExtractIntervalFeaturesFromFPT and published fiducials,false,HIGH,12.0,12.0,0.0,Algorithm reconstructed and validated against published PTB-XL+ row 00513. 238 cells matched at <=1e-6 in forensic reconstruction.
PR_Int_V3,54,PR_Int,RECONSTRUCTED,ExtractIntervalFeaturesFromFPT,ECGDeli 1.1 ExtractIntervalFeaturesFromFPT and published fiducials,false,HIGH,212.0,212.0,0.0,Algorithm reconstructed and validated against published PTB-XL+ row 00513. 238 cells matched at <=1e-6 in forensic reconstruction.
PR_Int_V3_iqr,55,PR_Int,RECONSTRUCTED,ExtractIntervalFeaturesFromFPT,ECGDeli 1.1 ExtractIntervalFeaturesFromFPT and published fiducials,false,HIGH,9.0,9.0,0.0,Algorithm reconstructed and validated against published PTB-XL+ row 00513. 238 cells matched at <=1e-6 in forensic reconstruction.
PR_Int_V3_count,56,PR_Int,RECONSTRUCTED,ExtractIntervalFeaturesFromFPT,ECGDeli 1.1 ExtractIntervalFeaturesFromFPT and published fiducials,false,HIGH,12.0,12.0,0.0,Algorithm reconstructed and validated against published PTB-XL+ row 00513. 238 cells matched at <=1e-6 in forensic reconstruction.
PR_Int_V4,57,PR_Int,RECONSTRUCTED,ExtractIntervalFeaturesFromFPT,ECGDeli 1.1 ExtractIntervalFeaturesFromFPT and published fiducials,false,HIGH,202.0,202.0,0.0,Algorithm reconstructed and validated against published PTB-XL+ row 00513. 238 cells matched at <=1e-6 in forensic reconstruction.
PR_Int_V4_iqr,58,PR_Int,RECONSTRUCTED,ExtractIntervalFeaturesFromFPT,ECGDeli 1.1 ExtractIntervalFeaturesFromFPT and published fiducials,false,HIGH,5.5,5.5,0.0,Algorithm reconstructed and validated against published PTB-XL+ row 00513. 238 cells matched at <=1e-6 in forensic reconstruction.
PR_Int_V4_count,59,PR_Int,RECONSTRUCTED,ExtractIntervalFeaturesFromFPT,ECGDeli 1.1 ExtractIntervalFeaturesFromFPT and published fiducials,false,HIGH,12.0,12.0,0.0,Algorithm reconstructed and validated against published PTB-XL+ row 00513. 238 cells matched at <=1e-6 in forensic reconstruction.
PR_Int_V5,60,PR_Int,RECONSTRUCTED,ExtractIntervalFeaturesFromFPT,ECGDeli 1.1 ExtractIntervalFeaturesFromFPT and published fiducials,false,HIGH,204.0,204.0,0.0,Algorithm reconstructed and validated against published PTB-XL+ row 00513. 238 cells matched at <=1e-6 in forensic reconstruction.
PR_Int_V5_iqr,61,PR_Int,RECONSTRUCTED,ExtractIntervalFeaturesFromFPT,ECGDeli 1.1 ExtractIntervalFeaturesFromFPT and published fiducials,false,HIGH,14.0,14.0,0.0,Algorithm reconstructed and validated against published PTB-XL+ row 00513. 238 cells matched at <=1e-6 in forensic reconstruction.
PR_Int_V5_count,62,PR_Int,RECONSTRUCTED,ExtractIntervalFeaturesFromFPT,ECGDeli 1.1 ExtractIntervalFeaturesFromFPT and published fiducials,false,HIGH,12.0,12.0,0.0,Algorithm reconstructed and validated against published PTB-XL+ row 00513. 238 cells matched at <=1e-6 in forensic reconstruction.
PR_Int_V6,63,PR_Int,RECONSTRUCTED,ExtractIntervalFeaturesFromFPT,ECGDeli 1.1 ExtractIntervalFeaturesFromFPT and published fiducials,false,HIGH,196.0,196.0,0.0,Algorithm reconstructed and validated against published PTB-XL+ row 00513. 238 cells matched at <=1e-6 in forensic reconstruction.
PR_Int_V6_iqr,64,PR_Int,RECONSTRUCTED,ExtractIntervalFeaturesFromFPT,ECGDeli 1.1 ExtractIntervalFeaturesFromFPT and published fiducials,false,HIGH,5.0,5.0,0.0,Algorithm reconstructed and validated against published PTB-XL+ row 00513. 238 cells matched at <=1e-6 in forensic reconstruction.
PR_Int_V6_count,65,PR_Int,RECONSTRUCTED,ExtractIntervalFeaturesFromFPT,ECGDeli 1.1 ExtractIntervalFeaturesFromFPT and published fiducials,false,HIGH,12.0,12.0,0.0,Algorithm reconstructed and validated against published PTB-XL+ row 00513. 238 cells matched at <=1e-6 in forensic reconstruction.
PR_Int_aVF,66,PR_Int,RECONSTRUCTED,ExtractIntervalFeaturesFromFPT,ECGDeli 1.1 ExtractIntervalFeaturesFromFPT and published fiducials,false,HIGH,216.0,216.0,0.0,Algorithm reconstructed and validated against published PTB-XL+ row 00513. 238 cells matched at <=1e-6 in forensic reconstruction.
PR_Int_aVF_iqr,67,PR_Int,RECONSTRUCTED,ExtractIntervalFeaturesFromFPT,ECGDeli 1.1 ExtractIntervalFeaturesFromFPT and published fiducials,false,HIGH,15.0,15.0,0.0,Algorithm reconstructed and validated against published PTB-XL+ row 00513. 238 cells matched at <=1e-6 in forensic reconstruction.
PR_Int_aVF_count,68,PR_Int,RECONSTRUCTED,ExtractIntervalFeaturesFromFPT,ECGDeli 1.1 ExtractIntervalFeaturesFromFPT and published fiducials,false,HIGH,12.0,12.0,0.0,Algorithm reconstructed and validated against published PTB-XL+ row 00513. 238 cells matched at <=1e-6 in forensic reconstruction.
PR_Int_aVL,69,PR_Int,RECONSTRUCTED,ExtractIntervalFeaturesFromFPT,ECGDeli 1.1 ExtractIntervalFeaturesFromFPT and published fiducials,false,HIGH,182.0,182.0,0.0,Algorithm reconstructed and validated against published PTB-XL+ row 00513. 238 cells matched at <=1e-6 in forensic reconstruction.
PR_Int_aVL_iqr,70,PR_Int,RECONSTRUCTED,ExtractIntervalFeaturesFromFPT,ECGDeli 1.1 ExtractIntervalFeaturesFromFPT and published fiducials,false,HIGH,9.0,9.0,0.0,Algorithm reconstructed and validated against published PTB-XL+ row 00513. 238 cells matched at <=1e-6 in forensic reconstruction.
PR_Int_aVL_count,71,PR_Int,RECONSTRUCTED,ExtractIntervalFeaturesFromFPT,ECGDeli 1.1 ExtractIntervalFeaturesFromFPT and published fiducials,false,HIGH,12.0,12.0,0.0,Algorithm reconstructed and validated against published PTB-XL+ row 00513. 238 cells matched at <=1e-6 in forensic reconstruction.
PR_Int_aVR,72,PR_Int,RECONSTRUCTED,ExtractIntervalFeaturesFromFPT,ECGDeli 1.1 ExtractIntervalFeaturesFromFPT and published fiducials,false,HIGH,196.0,196.0,0.0,Algorithm reconstructed and validated against published PTB-XL+ row 00513. 238 cells matched at <=1e-6 in forensic reconstruction.
PR_Int_aVR_iqr,73,PR_Int,RECONSTRUCTED,ExtractIntervalFeaturesFromFPT,ECGDeli 1.1 ExtractIntervalFeaturesFromFPT and published fiducials,false,HIGH,6.0,6.0,0.0,Algorithm reconstructed and validated against published PTB-XL+ row 00513. 238 cells matched at <=1e-6 in forensic reconstruction.
PR_Int_aVR_count,74,PR_Int,RECONSTRUCTED,ExtractIntervalFeaturesFromFPT,ECGDeli 1.1 ExtractIntervalFeaturesFromFPT and published fiducials,false,HIGH,12.0,12.0,0.0,Algorithm reconstructed and validated against published PTB-XL+ row 00513. 238 cells matched at <=1e-6 in forensic reconstruction.
PR_Int_Global,75,PR_Int,RECONSTRUCTED,ExtractIntervalFeaturesFromFPT,ECGDeli 1.1 ExtractIntervalFeaturesFromFPT and published fiducials,false,HIGH,250.0,250.0,0.0,Algorithm reconstructed and validated against published PTB-XL+ row 00513. 238 cells matched at <=1e-6 in forensic reconstruction.
PR_Int_Global_iqr,76,PR_Int,RECONSTRUCTED,ExtractIntervalFeaturesFromFPT,ECGDeli 1.1 ExtractIntervalFeaturesFromFPT and published fiducials,false,HIGH,38.0,38.0,0.0,Algorithm reconstructed and validated against published PTB-XL+ row 00513. 238 cells matched at <=1e-6 in forensic reconstruction.
PR_Int_Global_count,77,PR_Int,RECONSTRUCTED,ExtractIntervalFeaturesFromFPT,ECGDeli 1.1 ExtractIntervalFeaturesFromFPT and published fiducials,false,HIGH,12.0,12.0,0.0,Algorithm reconstructed and validated against published PTB-XL+ row 00513. 238 cells matched at <=1e-6 in forensic reconstruction.
P_Amp_I,78,P_Amp,RECONSTRUCTED,ExtractAmplitudeFeaturesFromFPT,ECGDeli 1.1 ExtractAmplitudeFeaturesFromFPT,false,MEDIUM,0.0745,0.075,0.0005000000000000004,Public ECGDeli implementation identified. Original author preprocessing and signal-conditioning pipeline not fully recovered.
P_Amp_I_iqr,79,P_Amp,RECONSTRUCTED,ExtractAmplitudeFeaturesFromFPT,ECGDeli 1.1 ExtractAmplitudeFeaturesFromFPT,false,MEDIUM,0.0295,0.0325,0.0030000000000000027,Public ECGDeli implementation identified. Original author preprocessing and signal-conditioning pipeline not fully recovered.
P_Amp_I_count,80,P_Amp,RECONSTRUCTED,ExtractAmplitudeFeaturesFromFPT,ECGDeli 1.1 ExtractAmplitudeFeaturesFromFPT,false,MEDIUM,12,12.0,0.0,Public ECGDeli implementation identified. Original author preprocessing and signal-conditioning pipeline not fully recovered.
P_Amp_II,81,P_Amp,RECONSTRUCTED,ExtractAmplitudeFeaturesFromFPT,ECGDeli 1.1 ExtractAmplitudeFeaturesFromFPT,false,MEDIUM,0.1245,0.125,0.0005000000000000004,Public ECGDeli implementation identified. Original author preprocessing and signal-conditioning pipeline not fully recovered.
P_Amp_II_iqr,82,P_Amp,RECONSTRUCTED,ExtractAmplitudeFeaturesFromFPT,ECGDeli 1.1 ExtractAmplitudeFeaturesFromFPT,false,MEDIUM,0.03325,0.0325,0.0007500000000000007,Public ECGDeli implementation identified. Original author preprocessing and signal-conditioning pipeline not fully recovered.
P_Amp_II_count,83,P_Amp,RECONSTRUCTED,ExtractAmplitudeFeaturesFromFPT,ECGDeli 1.1 ExtractAmplitudeFeaturesFromFPT,false,MEDIUM,12,12.0,0.0,Public ECGDeli implementation identified. Original author preprocessing and signal-conditioning pipeline not fully recovered.
P_Amp_III,84,P_Amp,RECONSTRUCTED,ExtractAmplitudeFeaturesFromFPT,ECGDeli 1.1 ExtractAmplitudeFeaturesFromFPT,false,MEDIUM,0.07500000000000001,0.075,1.3877787807814457e-17,Public ECGDeli implementation identified. Original author preprocessing and signal-conditioning pipeline not fully recovered.
P_Amp_III_iqr,85,P_Amp,RECONSTRUCTED,ExtractAmplitudeFeaturesFromFPT,ECGDeli 1.1 ExtractAmplitudeFeaturesFromFPT,false,MEDIUM,0.029249999999999998,0.0249999999999999,0.0042500000000000974,Public ECGDeli implementation identified. Original author preprocessing and signal-conditioning pipeline not fully recovered.
P_Amp_III_count,86,P_Amp,RECONSTRUCTED,ExtractAmplitudeFeaturesFromFPT,ECGDeli 1.1 ExtractAmplitudeFeaturesFromFPT,false,MEDIUM,12,12.0,0.0,Public ECGDeli implementation identified. Original author preprocessing and signal-conditioning pipeline not fully recovered.
P_Amp_V1,87,P_Amp,RECONSTRUCTED,ExtractAmplitudeFeaturesFromFPT,ECGDeli 1.1 ExtractAmplitudeFeaturesFromFPT,false,MEDIUM,-0.041,-0.04,0.0010000000000000009,Public ECGDeli implementation identified. Original author preprocessing and signal-conditioning pipeline not fully recovered.
P_Amp_V1_iqr,88,P_Amp,RECONSTRUCTED,ExtractAmplitudeFeaturesFromFPT,ECGDeli 1.1 ExtractAmplitudeFeaturesFromFPT,false,MEDIUM,0.010999999999999996,0.0025,0.008499999999999995,Public ECGDeli implementation identified. Original author preprocessing and signal-conditioning pipeline not fully recovered.
P_Amp_V1_count,89,P_Amp,RECONSTRUCTED,ExtractAmplitudeFeaturesFromFPT,ECGDeli 1.1 ExtractAmplitudeFeaturesFromFPT,false,MEDIUM,12,12.0,0.0,Public ECGDeli implementation identified. Original author preprocessing and signal-conditioning pipeline not fully recovered.
P_Amp_V2,90,P_Amp,RECONSTRUCTED,ExtractAmplitudeFeaturesFromFPT,ECGDeli 1.1 ExtractAmplitudeFeaturesFromFPT,false,MEDIUM,-0.04,-0.04,0.0,Public ECGDeli implementation identified. Original author preprocessing and signal-conditioning pipeline not fully recovered.
P_Amp_V2_iqr,91,P_Amp,RECONSTRUCTED,ExtractAmplitudeFeaturesFromFPT,ECGDeli 1.1 ExtractAmplitudeFeaturesFromFPT,false,MEDIUM,0.012000000000000004,0.01,0.0020000000000000035,Public ECGDeli implementation identified. Original author preprocessing and signal-conditioning pipeline not fully recovered.
P_Amp_V2_count,92,P_Amp,RECONSTRUCTED,ExtractAmplitudeFeaturesFromFPT,ECGDeli 1.1 ExtractAmplitudeFeaturesFromFPT,false,MEDIUM,12,12.0,0.0,Public ECGDeli implementation identified. Original author preprocessing and signal-conditioning pipeline not fully recovered.
P_Amp_V3,93,P_Amp,RECONSTRUCTED,ExtractAmplitudeFeaturesFromFPT,ECGDeli 1.1 ExtractAmplitudeFeaturesFromFPT,false,MEDIUM,-0.037500000000000006,-0.04,0.0024999999999999953,Public ECGDeli implementation identified. Original author preprocessing and signal-conditioning pipeline not fully recovered.
P_Amp_V3_iqr,94,P_Amp,RECONSTRUCTED,ExtractAmplitudeFeaturesFromFPT,ECGDeli 1.1 ExtractAmplitudeFeaturesFromFPT,false,MEDIUM,0.034,0.035,0.0010000000000000009,Public ECGDeli implementation identified. Original author preprocessing and signal-conditioning pipeline not fully recovered.
P_Amp_V3_count,95,P_Amp,RECONSTRUCTED,ExtractAmplitudeFeaturesFromFPT,ECGDeli 1.1 ExtractAmplitudeFeaturesFromFPT,false,MEDIUM,12,12.0,0.0,Public ECGDeli implementation identified. Original author preprocessing and signal-conditioning pipeline not fully recovered.
P_Amp_V4,96,P_Amp,RECONSTRUCTED,ExtractAmplitudeFeaturesFromFPT,ECGDeli 1.1 ExtractAmplitudeFeaturesFromFPT,false,MEDIUM,0.0225,0.025,0.0025000000000000022,Public ECGDeli implementation identified. Original author preprocessing and signal-conditioning pipeline not fully recovered.
P_Amp_V4_iqr,97,P_Amp,RECONSTRUCTED,ExtractAmplitudeFeaturesFromFPT,ECGDeli 1.1 ExtractAmplitudeFeaturesFromFPT,false,MEDIUM,0.025,0.0275,0.0024999999999999988,Public ECGDeli implementation identified. Original author preprocessing and signal-conditioning pipeline not fully recovered.
P_Amp_V4_count,98,P_Amp,RECONSTRUCTED,ExtractAmplitudeFeaturesFromFPT,ECGDeli 1.1 ExtractAmplitudeFeaturesFromFPT,false,MEDIUM,12,12.0,0.0,Public ECGDeli implementation identified. Original author preprocessing and signal-conditioning pipeline not fully recovered.
P_Amp_V5,99,P_Amp,RECONSTRUCTED,ExtractAmplitudeFeaturesFromFPT,ECGDeli 1.1 ExtractAmplitudeFeaturesFromFPT,false,MEDIUM,0.027999999999999997,0.03,0.0020000000000000018,Public ECGDeli implementation identified. Original author preprocessing and signal-conditioning pipeline not fully recovered.
P_Amp_V5_iqr,100,P_Amp,RECONSTRUCTED,ExtractAmplitudeFeaturesFromFPT,ECGDeli 1.1 ExtractAmplitudeFeaturesFromFPT,false,MEDIUM,0.0405,0.0375,0.0030000000000000027,Public ECGDeli implementation identified. Original author preprocessing and signal-conditioning pipeline not fully recovered.
P_Amp_V5_count,101,P_Amp,RECONSTRUCTED,ExtractAmplitudeFeaturesFromFPT,ECGDeli 1.1 ExtractAmplitudeFeaturesFromFPT,false,MEDIUM,12,12.0,0.0,Public ECGDeli implementation identified. Original author preprocessing and signal-conditioning pipeline not fully recovered.
P_Amp_V6,102,P_Amp,RECONSTRUCTED,ExtractAmplitudeFeaturesFromFPT,ECGDeli 1.1 ExtractAmplitudeFeaturesFromFPT,false,MEDIUM,0.0415,0.04,0.0015000000000000013,Public ECGDeli implementation identified. Original author preprocessing and signal-conditioning pipeline not fully recovered.
P_Amp_V6_iqr,103,P_Amp,RECONSTRUCTED,ExtractAmplitudeFeaturesFromFPT,ECGDeli 1.1 ExtractAmplitudeFeaturesFromFPT,false,MEDIUM,0.051750000000000004,0.05,0.0017500000000000016,Public ECGDeli implementation identified. Original author preprocessing and signal-conditioning pipeline not fully recovered.
P_Amp_V6_count,104,P_Amp,RECONSTRUCTED,ExtractAmplitudeFeaturesFromFPT,ECGDeli 1.1 ExtractAmplitudeFeaturesFromFPT,false,MEDIUM,12,12.0,0.0,Public ECGDeli implementation identified. Original author preprocessing and signal-conditioning pipeline not fully recovered.
P_Amp_aVF,105,P_Amp,RECONSTRUCTED,ExtractAmplitudeFeaturesFromFPT,ECGDeli 1.1 ExtractAmplitudeFeaturesFromFPT,false,MEDIUM,0.087,0.09,0.0030000000000000027,Public ECGDeli implementation identified. Original author preprocessing and signal-conditioning pipeline not fully recovered.
P_Amp_aVF_iqr,106,P_Amp,RECONSTRUCTED,ExtractAmplitudeFeaturesFromFPT,ECGDeli 1.1 ExtractAmplitudeFeaturesFromFPT,false,MEDIUM,0.031750000000000014,0.0325,0.0007499999999999868,Public ECGDeli implementation identified. Original author preprocessing and signal-conditioning pipeline not fully recovered.
P_Amp_aVF_count,107,P_Amp,RECONSTRUCTED,ExtractAmplitudeFeaturesFromFPT,ECGDeli 1.1 ExtractAmplitudeFeaturesFromFPT,false,MEDIUM,12,12.0,0.0,Public ECGDeli implementation identified. Original author preprocessing and signal-conditioning pipeline not fully recovered.
P_Amp_aVL,108,P_Amp,RECONSTRUCTED,ExtractAmplitudeFeaturesFromFPT,ECGDeli 1.1 ExtractAmplitudeFeaturesFromFPT,false,MEDIUM,0.02,0.02,0.0,Public ECGDeli implementation identified. Original author preprocessing and signal-conditioning pipeline not fully recovered.
P_Amp_aVL_iqr,109,P_Amp,RECONSTRUCTED,ExtractAmplitudeFeaturesFromFPT,ECGDeli 1.1 ExtractAmplitudeFeaturesFromFPT,false,MEDIUM,0.04725,0.045,0.002250000000000002,Public ECGDeli implementation identified. Original author preprocessing and signal-conditioning pipeline not fully recovered.
P_Amp_aVL_count,110,P_Amp,RECONSTRUCTED,ExtractAmplitudeFeaturesFromFPT,ECGDeli 1.1 ExtractAmplitudeFeaturesFromFPT,false,MEDIUM,12,12.0,0.0,Public ECGDeli implementation identified. Original author preprocessing and signal-conditioning pipeline not fully recovered.
P_Amp_aVR,111,P_Amp,RECONSTRUCTED,ExtractAmplitudeFeaturesFromFPT,ECGDeli 1.1 ExtractAmplitudeFeaturesFromFPT,false,MEDIUM,-0.0945,-0.095,0.0005000000000000004,Public ECGDeli implementation identified. Original author preprocessing and signal-conditioning pipeline not fully recovered.
P_Amp_aVR_iqr,112,P_Amp,RECONSTRUCTED,ExtractAmplitudeFeaturesFromFPT,ECGDeli 1.1 ExtractAmplitudeFeaturesFromFPT,false,MEDIUM,0.0175,0.02,0.0024999999999999988,Public ECGDeli implementation identified. Original author preprocessing and signal-conditioning pipeline not fully recovered.
P_Amp_aVR_count,113,P_Amp,RECONSTRUCTED,ExtractAmplitudeFeaturesFromFPT,ECGDeli 1.1 ExtractAmplitudeFeaturesFromFPT,false,MEDIUM,12,12.0,0.0,Public ECGDeli implementation identified. Original author preprocessing and signal-conditioning pipeline not fully recovered.
P_DurFull_I,114,P_DurFull,RECONSTRUCTED,ExtractIntervalFeaturesFromFPT,ECGDeli 1.1 ExtractIntervalFeaturesFromFPT and published fiducials,false,HIGH,120.0,120.0,0.0,Algorithm reconstructed and validated against published PTB-XL+ row 00513. 238 cells matched at <=1e-6 in forensic reconstruction.
P_DurFull_I_iqr,115,P_DurFull,RECONSTRUCTED,ExtractIntervalFeaturesFromFPT,ECGDeli 1.1 ExtractIntervalFeaturesFromFPT and published fiducials,false,HIGH,3.0,3.0,0.0,Algorithm reconstructed and validated against published PTB-XL+ row 00513. 238 cells matched at <=1e-6 in forensic reconstruction.
P_DurFull_I_count,116,P_DurFull,RECONSTRUCTED,ExtractIntervalFeaturesFromFPT,ECGDeli 1.1 ExtractIntervalFeaturesFromFPT and published fiducials,false,HIGH,12.0,12.0,0.0,Algorithm reconstructed and validated against published PTB-XL+ row 00513. 238 cells matched at <=1e-6 in forensic reconstruction.
P_DurFull_II,117,P_DurFull,RECONSTRUCTED,ExtractIntervalFeaturesFromFPT,ECGDeli 1.1 ExtractIntervalFeaturesFromFPT and published fiducials,false,HIGH,133.0,133.0,0.0,Algorithm reconstructed and validated against published PTB-XL+ row 00513. 238 cells matched at <=1e-6 in forensic reconstruction.
P_DurFull_II_iqr,118,P_DurFull,RECONSTRUCTED,ExtractIntervalFeaturesFromFPT,ECGDeli 1.1 ExtractIntervalFeaturesFromFPT and published fiducials,false,HIGH,4.5,4.5,0.0,Algorithm reconstructed and validated against published PTB-XL+ row 00513. 238 cells matched at <=1e-6 in forensic reconstruction.
P_DurFull_II_count,119,P_DurFull,RECONSTRUCTED,ExtractIntervalFeaturesFromFPT,ECGDeli 1.1 ExtractIntervalFeaturesFromFPT and published fiducials,false,HIGH,12.0,12.0,0.0,Algorithm reconstructed and validated against published PTB-XL+ row 00513. 238 cells matched at <=1e-6 in forensic reconstruction.
P_DurFull_III,120,P_DurFull,RECONSTRUCTED,ExtractIntervalFeaturesFromFPT,ECGDeli 1.1 ExtractIntervalFeaturesFromFPT and published fiducials,false,HIGH,156.0,156.0,0.0,Algorithm reconstructed and validated against published PTB-XL+ row 00513. 238 cells matched at <=1e-6 in forensic reconstruction.
P_DurFull_III_iqr,121,P_DurFull,RECONSTRUCTED,ExtractIntervalFeaturesFromFPT,ECGDeli 1.1 ExtractIntervalFeaturesFromFPT and published fiducials,false,HIGH,30.0,30.0,0.0,Algorithm reconstructed and validated against published PTB-XL+ row 00513. 238 cells matched at <=1e-6 in forensic reconstruction.
P_DurFull_III_count,122,P_DurFull,RECONSTRUCTED,ExtractIntervalFeaturesFromFPT,ECGDeli 1.1 ExtractIntervalFeaturesFromFPT and published fiducials,false,HIGH,12.0,12.0,0.0,Algorithm reconstructed and validated against published PTB-XL+ row 00513. 238 cells matched at <=1e-6 in forensic reconstruction.
P_DurFull_V1,123,P_DurFull,RECONSTRUCTED,ExtractIntervalFeaturesFromFPT,ECGDeli 1.1 ExtractIntervalFeaturesFromFPT and published fiducials,false,HIGH,176.0,176.0,0.0,Algorithm reconstructed and validated against published PTB-XL+ row 00513. 238 cells matched at <=1e-6 in forensic reconstruction.
P_DurFull_V1_iqr,124,P_DurFull,RECONSTRUCTED,ExtractIntervalFeaturesFromFPT,ECGDeli 1.1 ExtractIntervalFeaturesFromFPT and published fiducials,false,HIGH,5.0,5.0,0.0,Algorithm reconstructed and validated against published PTB-XL+ row 00513. 238 cells matched at <=1e-6 in forensic reconstruction.
P_DurFull_V1_count,125,P_DurFull,RECONSTRUCTED,ExtractIntervalFeaturesFromFPT,ECGDeli 1.1 ExtractIntervalFeaturesFromFPT and published fiducials,false,HIGH,12.0,12.0,0.0,Algorithm reconstructed and validated against published PTB-XL+ row 00513. 238 cells matched at <=1e-6 in forensic reconstruction.
P_DurFull_V2,126,P_DurFull,RECONSTRUCTED,ExtractIntervalFeaturesFromFPT,ECGDeli 1.1 ExtractIntervalFeaturesFromFPT and published fiducials,false,HIGH,132.0,132.0,0.0,Algorithm reconstructed and validated against published PTB-XL+ row 00513. 238 cells matched at <=1e-6 in forensic reconstruction.
P_DurFull_V2_iqr,127,P_DurFull,RECONSTRUCTED,ExtractIntervalFeaturesFromFPT,ECGDeli 1.1 ExtractIntervalFeaturesFromFPT and published fiducials,false,HIGH,52.0,52.0,0.0,Algorithm reconstructed and validated against published PTB-XL+ row 00513. 238 cells matched at <=1e-6 in forensic reconstruction.
P_DurFull_V2_count,128,P_DurFull,RECONSTRUCTED,ExtractIntervalFeaturesFromFPT,ECGDeli 1.1 ExtractIntervalFeaturesFromFPT and published fiducials,false,HIGH,12.0,12.0,0.0,Algorithm reconstructed and validated against published PTB-XL+ row 00513. 238 cells matched at <=1e-6 in forensic reconstruction.
P_DurFull_V3,129,P_DurFull,RECONSTRUCTED,ExtractIntervalFeaturesFromFPT,ECGDeli 1.1 ExtractIntervalFeaturesFromFPT and published fiducials,false,HIGH,134.0,134.0,0.0,Algorithm reconstructed and validated against published PTB-XL+ row 00513. 238 cells matched at <=1e-6 in forensic reconstruction.
P_DurFull_V3_iqr,130,P_DurFull,RECONSTRUCTED,ExtractIntervalFeaturesFromFPT,ECGDeli 1.1 ExtractIntervalFeaturesFromFPT and published fiducials,false,HIGH,18.0,18.0,0.0,Algorithm reconstructed and validated against published PTB-XL+ row 00513. 238 cells matched at <=1e-6 in forensic reconstruction.
P_DurFull_V3_count,131,P_DurFull,RECONSTRUCTED,ExtractIntervalFeaturesFromFPT,ECGDeli 1.1 ExtractIntervalFeaturesFromFPT and published fiducials,false,HIGH,12.0,12.0,0.0,Algorithm reconstructed and validated against published PTB-XL+ row 00513. 238 cells matched at <=1e-6 in forensic reconstruction.
P_DurFull_V4,132,P_DurFull,RECONSTRUCTED,ExtractIntervalFeaturesFromFPT,ECGDeli 1.1 ExtractIntervalFeaturesFromFPT and published fiducials,false,HIGH,135.0,135.0,0.0,Algorithm reconstructed and validated against published PTB-XL+ row 00513. 238 cells matched at <=1e-6 in forensic reconstruction.
P_DurFull_V4_iqr,133,P_DurFull,RECONSTRUCTED,ExtractIntervalFeaturesFromFPT,ECGDeli 1.1 ExtractIntervalFeaturesFromFPT and published fiducials,false,HIGH,6.5,6.5,0.0,Algorithm reconstructed and validated against published PTB-XL+ row 00513. 238 cells matched at <=1e-6 in forensic reconstruction.
P_DurFull_V4_count,134,P_DurFull,RECONSTRUCTED,ExtractIntervalFeaturesFromFPT,ECGDeli 1.1 ExtractIntervalFeaturesFromFPT and published fiducials,false,HIGH,12.0,12.0,0.0,Algorithm reconstructed and validated against published PTB-XL+ row 00513. 238 cells matched at <=1e-6 in forensic reconstruction.
P_DurFull_V5,135,P_DurFull,RECONSTRUCTED,ExtractIntervalFeaturesFromFPT,ECGDeli 1.1 ExtractIntervalFeaturesFromFPT and published fiducials,false,HIGH,140.0,140.0,0.0,Algorithm reconstructed and validated against published PTB-XL+ row 00513. 238 cells matched at <=1e-6 in forensic reconstruction.
P_DurFull_V5_iqr,136,P_DurFull,RECONSTRUCTED,ExtractIntervalFeaturesFromFPT,ECGDeli 1.1 ExtractIntervalFeaturesFromFPT and published fiducials,false,HIGH,13.5,13.5,0.0,Algorithm reconstructed and validated against published PTB-XL+ row 00513. 238 cells matched at <=1e-6 in forensic reconstruction.
P_DurFull_V5_count,137,P_DurFull,RECONSTRUCTED,ExtractIntervalFeaturesFromFPT,ECGDeli 1.1 ExtractIntervalFeaturesFromFPT and published fiducials,false,HIGH,12.0,12.0,0.0,Algorithm reconstructed and validated against published PTB-XL+ row 00513. 238 cells matched at <=1e-6 in forensic reconstruction.
P_DurFull_V6,138,P_DurFull,RECONSTRUCTED,ExtractIntervalFeaturesFromFPT,ECGDeli 1.1 ExtractIntervalFeaturesFromFPT and published fiducials,false,HIGH,133.0,133.0,0.0,Algorithm reconstructed and validated against published PTB-XL+ row 00513. 238 cells matched at <=1e-6 in forensic reconstruction.
P_DurFull_V6_iqr,139,P_DurFull,RECONSTRUCTED,ExtractIntervalFeaturesFromFPT,ECGDeli 1.1 ExtractIntervalFeaturesFromFPT and published fiducials,false,HIGH,7.0,7.0,0.0,Algorithm reconstructed and validated against published PTB-XL+ row 00513. 238 cells matched at <=1e-6 in forensic reconstruction.
P_DurFull_V6_count,140,P_DurFull,RECONSTRUCTED,ExtractIntervalFeaturesFromFPT,ECGDeli 1.1 ExtractIntervalFeaturesFromFPT and published fiducials,false,HIGH,12.0,12.0,0.0,Algorithm reconstructed and validated against published PTB-XL+ row 00513. 238 cells matched at <=1e-6 in forensic reconstruction.
P_DurFull_aVF,141,P_DurFull,RECONSTRUCTED,ExtractIntervalFeaturesFromFPT,ECGDeli 1.1 ExtractIntervalFeaturesFromFPT and published fiducials,false,HIGH,148.0,148.0,0.0,Algorithm reconstructed and validated against published PTB-XL+ row 00513. 238 cells matched at <=1e-6 in forensic reconstruction.
P_DurFull_aVF_iqr,142,P_DurFull,RECONSTRUCTED,ExtractIntervalFeaturesFromFPT,ECGDeli 1.1 ExtractIntervalFeaturesFromFPT and published fiducials,false,HIGH,33.0,33.0,0.0,Algorithm reconstructed and validated against published PTB-XL+ row 00513. 238 cells matched at <=1e-6 in forensic reconstruction.
P_DurFull_aVF_count,143,P_DurFull,RECONSTRUCTED,ExtractIntervalFeaturesFromFPT,ECGDeli 1.1 ExtractIntervalFeaturesFromFPT and published fiducials,false,HIGH,12.0,12.0,0.0,Algorithm reconstructed and validated against published PTB-XL+ row 00513. 238 cells matched at <=1e-6 in forensic reconstruction.
P_DurFull_aVL,144,P_DurFull,RECONSTRUCTED,ExtractIntervalFeaturesFromFPT,ECGDeli 1.1 ExtractIntervalFeaturesFromFPT and published fiducials,false,HIGH,114.0,114.0,0.0,Algorithm reconstructed and validated against published PTB-XL+ row 00513. 238 cells matched at <=1e-6 in forensic reconstruction.
P_DurFull_aVL_iqr,145,P_DurFull,RECONSTRUCTED,ExtractIntervalFeaturesFromFPT,ECGDeli 1.1 ExtractIntervalFeaturesFromFPT and published fiducials,false,HIGH,4.5,4.5,0.0,Algorithm reconstructed and validated against published PTB-XL+ row 00513. 238 cells matched at <=1e-6 in forensic reconstruction.
P_DurFull_aVL_count,146,P_DurFull,RECONSTRUCTED,ExtractIntervalFeaturesFromFPT,ECGDeli 1.1 ExtractIntervalFeaturesFromFPT and published fiducials,false,HIGH,12.0,12.0,0.0,Algorithm reconstructed and validated against published PTB-XL+ row 00513. 238 cells matched at <=1e-6 in forensic reconstruction.
P_DurFull_aVR,147,P_DurFull,RECONSTRUCTED,ExtractIntervalFeaturesFromFPT,ECGDeli 1.1 ExtractIntervalFeaturesFromFPT and published fiducials,false,HIGH,126.0,126.0,0.0,Algorithm reconstructed and validated against published PTB-XL+ row 00513. 238 cells matched at <=1e-6 in forensic reconstruction.
P_DurFull_aVR_iqr,148,P_DurFull,RECONSTRUCTED,ExtractIntervalFeaturesFromFPT,ECGDeli 1.1 ExtractIntervalFeaturesFromFPT and published fiducials,false,HIGH,3.0,3.0,0.0,Algorithm reconstructed and validated against published PTB-XL+ row 00513. 238 cells matched at <=1e-6 in forensic reconstruction.
P_DurFull_aVR_count,149,P_DurFull,RECONSTRUCTED,ExtractIntervalFeaturesFromFPT,ECGDeli 1.1 ExtractIntervalFeaturesFromFPT and published fiducials,false,HIGH,12.0,12.0,0.0,Algorithm reconstructed and validated against published PTB-XL+ row 00513. 238 cells matched at <=1e-6 in forensic reconstruction.
P_Dur_Global,150,P_Dur,RECONSTRUCTED,ExtractIntervalFeaturesFromFPT,ECGDeli 1.1 ExtractIntervalFeaturesFromFPT and published fiducials,false,HIGH,192.0,192.0,0.0,Algorithm reconstructed and validated against published PTB-XL+ row 00513. 238 cells matched at <=1e-6 in forensic reconstruction.
P_Dur_Global_iqr,151,P_Dur,RECONSTRUCTED,ExtractIntervalFeaturesFromFPT,ECGDeli 1.1 ExtractIntervalFeaturesFromFPT and published fiducials,false,HIGH,39.0,39.0,0.0,Algorithm reconstructed and validated against published PTB-XL+ row 00513. 238 cells matched at <=1e-6 in forensic reconstruction.
P_Dur_Global_count,152,P_Dur,RECONSTRUCTED,ExtractIntervalFeaturesFromFPT,ECGDeli 1.1 ExtractIntervalFeaturesFromFPT and published fiducials,false,HIGH,12.0,12.0,0.0,Algorithm reconstructed and validated against published PTB-XL+ row 00513. 238 cells matched at <=1e-6 in forensic reconstruction.
P_Morph_I,153,P_Morph,NOT_EXECUTED,Get_P_Morphology,ECGDeli 1.1 Get_P_Morphology,false,UNKNOWN,,1.0,,"Function identified in ECGDeli. Required inputs are signal, sampling frequency and FPT. Function was not executed because MATLAB/Octave/MATLAB Runtime were unavailable."
P_Morph_I_iqr,154,P_Morph,NOT_EXECUTED,Get_P_Morphology,ECGDeli 1.1 Get_P_Morphology,false,UNKNOWN,,0.0,,"Function identified in ECGDeli. Required inputs are signal, sampling frequency and FPT. Function was not executed because MATLAB/Octave/MATLAB Runtime were unavailable."
P_Morph_I_count,155,P_Morph,NOT_EXECUTED,Get_P_Morphology,ECGDeli 1.1 Get_P_Morphology,false,UNKNOWN,,12.0,,"Function identified in ECGDeli. Required inputs are signal, sampling frequency and FPT. Function was not executed because MATLAB/Octave/MATLAB Runtime were unavailable."
P_Morph_II,156,P_Morph,NOT_EXECUTED,Get_P_Morphology,ECGDeli 1.1 Get_P_Morphology,false,UNKNOWN,,1.0,,"Function identified in ECGDeli. Required inputs are signal, sampling frequency and FPT. Function was not executed because MATLAB/Octave/MATLAB Runtime were unavailable."
P_Morph_II_iqr,157,P_Morph,NOT_EXECUTED,Get_P_Morphology,ECGDeli 1.1 Get_P_Morphology,false,UNKNOWN,,0.0,,"Function identified in ECGDeli. Required inputs are signal, sampling frequency and FPT. Function was not executed because MATLAB/Octave/MATLAB Runtime were unavailable."
P_Morph_II_count,158,P_Morph,NOT_EXECUTED,Get_P_Morphology,ECGDeli 1.1 Get_P_Morphology,false,UNKNOWN,,12.0,,"Function identified in ECGDeli. Required inputs are signal, sampling frequency and FPT. Function was not executed because MATLAB/Octave/MATLAB Runtime were unavailable."
P_Morph_III,159,P_Morph,NOT_EXECUTED,Get_P_Morphology,ECGDeli 1.1 Get_P_Morphology,false,UNKNOWN,,1.0,,"Function identified in ECGDeli. Required inputs are signal, sampling frequency and FPT. Function was not executed because MATLAB/Octave/MATLAB Runtime were unavailable."
P_Morph_III_iqr,160,P_Morph,NOT_EXECUTED,Get_P_Morphology,ECGDeli 1.1 Get_P_Morphology,false,UNKNOWN,,1.25,,"Function identified in ECGDeli. Required inputs are signal, sampling frequency and FPT. Function was not executed because MATLAB/Octave/MATLAB Runtime were unavailable."
P_Morph_III_count,161,P_Morph,NOT_EXECUTED,Get_P_Morphology,ECGDeli 1.1 Get_P_Morphology,false,UNKNOWN,,12.0,,"Function identified in ECGDeli. Required inputs are signal, sampling frequency and FPT. Function was not executed because MATLAB/Octave/MATLAB Runtime were unavailable."
P_Morph_V1,162,P_Morph,NOT_EXECUTED,Get_P_Morphology,ECGDeli 1.1 Get_P_Morphology,false,UNKNOWN,,2.0,,"Function identified in ECGDeli. Required inputs are signal, sampling frequency and FPT. Function was not executed because MATLAB/Octave/MATLAB Runtime were unavailable."
P_Morph_V1_iqr,163,P_Morph,NOT_EXECUTED,Get_P_Morphology,ECGDeli 1.1 Get_P_Morphology,false,UNKNOWN,,0.0,,"Function identified in ECGDeli. Required inputs are signal, sampling frequency and FPT. Function was not executed because MATLAB/Octave/MATLAB Runtime were unavailable."
P_Morph_V1_count,164,P_Morph,NOT_EXECUTED,Get_P_Morphology,ECGDeli 1.1 Get_P_Morphology,false,UNKNOWN,,12.0,,"Function identified in ECGDeli. Required inputs are signal, sampling frequency and FPT. Function was not executed because MATLAB/Octave/MATLAB Runtime were unavailable."
P_Morph_V2,165,P_Morph,NOT_EXECUTED,Get_P_Morphology,ECGDeli 1.1 Get_P_Morphology,false,UNKNOWN,,1.0,,"Function identified in ECGDeli. Required inputs are signal, sampling frequency and FPT. Function was not executed because MATLAB/Octave/MATLAB Runtime were unavailable."
P_Morph_V2_iqr,166,P_Morph,NOT_EXECUTED,Get_P_Morphology,ECGDeli 1.1 Get_P_Morphology,false,UNKNOWN,,0.25,,"Function identified in ECGDeli. Required inputs are signal, sampling frequency and FPT. Function was not executed because MATLAB/Octave/MATLAB Runtime were unavailable."
P_Morph_V2_count,167,P_Morph,NOT_EXECUTED,Get_P_Morphology,ECGDeli 1.1 Get_P_Morphology,false,UNKNOWN,,12.0,,"Function identified in ECGDeli. Required inputs are signal, sampling frequency and FPT. Function was not executed because MATLAB/Octave/MATLAB Runtime were unavailable."
P_Morph_V3,168,P_Morph,NOT_EXECUTED,Get_P_Morphology,ECGDeli 1.1 Get_P_Morphology,false,UNKNOWN,,1.0,,"Function identified in ECGDeli. Required inputs are signal, sampling frequency and FPT. Function was not executed because MATLAB/Octave/MATLAB Runtime were unavailable."
P_Morph_V3_iqr,169,P_Morph,NOT_EXECUTED,Get_P_Morphology,ECGDeli 1.1 Get_P_Morphology,false,UNKNOWN,,0.0,,"Function identified in ECGDeli. Required inputs are signal, sampling frequency and FPT. Function was not executed because MATLAB/Octave/MATLAB Runtime were unavailable."
P_Morph_V3_count,170,P_Morph,NOT_EXECUTED,Get_P_Morphology,ECGDeli 1.1 Get_P_Morphology,false,UNKNOWN,,12.0,,"Function identified in ECGDeli. Required inputs are signal, sampling frequency and FPT. Function was not executed because MATLAB/Octave/MATLAB Runtime were unavailable."
P_Morph_V4,171,P_Morph,NOT_EXECUTED,Get_P_Morphology,ECGDeli 1.1 Get_P_Morphology,false,UNKNOWN,,1.0,,"Function identified in ECGDeli. Required inputs are signal, sampling frequency and FPT. Function was not executed because MATLAB/Octave/MATLAB Runtime were unavailable."
P_Morph_V4_iqr,172,P_Morph,NOT_EXECUTED,Get_P_Morphology,ECGDeli 1.1 Get_P_Morphology,false,UNKNOWN,,0.0,,"Function identified in ECGDeli. Required inputs are signal, sampling frequency and FPT. Function was not executed because MATLAB/Octave/MATLAB Runtime were unavailable."
P_Morph_V4_count,173,P_Morph,NOT_EXECUTED,Get_P_Morphology,ECGDeli 1.1 Get_P_Morphology,false,UNKNOWN,,12.0,,"Function identified in ECGDeli. Required inputs are signal, sampling frequency and FPT. Function was not executed because MATLAB/Octave/MATLAB Runtime were unavailable."
P_Morph_V5,174,P_Morph,NOT_EXECUTED,Get_P_Morphology,ECGDeli 1.1 Get_P_Morphology,false,UNKNOWN,,1.0,,"Function identified in ECGDeli. Required inputs are signal, sampling frequency and FPT. Function was not executed because MATLAB/Octave/MATLAB Runtime were unavailable."
P_Morph_V5_iqr,175,P_Morph,NOT_EXECUTED,Get_P_Morphology,ECGDeli 1.1 Get_P_Morphology,false,UNKNOWN,,0.0,,"Function identified in ECGDeli. Required inputs are signal, sampling frequency and FPT. Function was not executed because MATLAB/Octave/MATLAB Runtime were unavailable."
P_Morph_V5_count,176,P_Morph,NOT_EXECUTED,Get_P_Morphology,ECGDeli 1.1 Get_P_Morphology,false,UNKNOWN,,12.0,,"Function identified in ECGDeli. Required inputs are signal, sampling frequency and FPT. Function was not executed because MATLAB/Octave/MATLAB Runtime were unavailable."
P_Morph_V6,177,P_Morph,NOT_EXECUTED,Get_P_Morphology,ECGDeli 1.1 Get_P_Morphology,false,UNKNOWN,,1.0,,"Function identified in ECGDeli. Required inputs are signal, sampling frequency and FPT. Function was not executed because MATLAB/Octave/MATLAB Runtime were unavailable."
P_Morph_V6_iqr,178,P_Morph,NOT_EXECUTED,Get_P_Morphology,ECGDeli 1.1 Get_P_Morphology,false,UNKNOWN,,0.0,,"Function identified in ECGDeli. Required inputs are signal, sampling frequency and FPT. Function was not executed because MATLAB/Octave/MATLAB Runtime were unavailable."
P_Morph_V6_count,179,P_Morph,NOT_EXECUTED,Get_P_Morphology,ECGDeli 1.1 Get_P_Morphology,false,UNKNOWN,,12.0,,"Function identified in ECGDeli. Required inputs are signal, sampling frequency and FPT. Function was not executed because MATLAB/Octave/MATLAB Runtime were unavailable."
P_Morph_aVF,180,P_Morph,NOT_EXECUTED,Get_P_Morphology,ECGDeli 1.1 Get_P_Morphology,false,UNKNOWN,,1.0,,"Function identified in ECGDeli. Required inputs are signal, sampling frequency and FPT. Function was not executed because MATLAB/Octave/MATLAB Runtime were unavailable."
P_Morph_aVF_iqr,181,P_Morph,NOT_EXECUTED,Get_P_Morphology,ECGDeli 1.1 Get_P_Morphology,false,UNKNOWN,,0.0,,"Function identified in ECGDeli. Required inputs are signal, sampling frequency and FPT. Function was not executed because MATLAB/Octave/MATLAB Runtime were unavailable."
P_Morph_aVF_count,182,P_Morph,NOT_EXECUTED,Get_P_Morphology,ECGDeli 1.1 Get_P_Morphology,false,UNKNOWN,,12.0,,"Function identified in ECGDeli. Required inputs are signal, sampling frequency and FPT. Function was not executed because MATLAB/Octave/MATLAB Runtime were unavailable."
P_Morph_aVL,183,P_Morph,NOT_EXECUTED,Get_P_Morphology,ECGDeli 1.1 Get_P_Morphology,false,UNKNOWN,,1.0,,"Function identified in ECGDeli. Required inputs are signal, sampling frequency and FPT. Function was not executed because MATLAB/Octave/MATLAB Runtime were unavailable."
P_Morph_aVL_iqr,184,P_Morph,NOT_EXECUTED,Get_P_Morphology,ECGDeli 1.1 Get_P_Morphology,false,UNKNOWN,,0.0,,"Function identified in ECGDeli. Required inputs are signal, sampling frequency and FPT. Function was not executed because MATLAB/Octave/MATLAB Runtime were unavailable."
P_Morph_aVL_count,185,P_Morph,NOT_EXECUTED,Get_P_Morphology,ECGDeli 1.1 Get_P_Morphology,false,UNKNOWN,,12.0,,"Function identified in ECGDeli. Required inputs are signal, sampling frequency and FPT. Function was not executed because MATLAB/Octave/MATLAB Runtime were unavailable."
P_Morph_aVR,186,P_Morph,NOT_EXECUTED,Get_P_Morphology,ECGDeli 1.1 Get_P_Morphology,false,UNKNOWN,,-1.0,,"Function identified in ECGDeli. Required inputs are signal, sampling frequency and FPT. Function was not executed because MATLAB/Octave/MATLAB Runtime were unavailable."
P_Morph_aVR_iqr,187,P_Morph,NOT_EXECUTED,Get_P_Morphology,ECGDeli 1.1 Get_P_Morphology,false,UNKNOWN,,0.0,,"Function identified in ECGDeli. Required inputs are signal, sampling frequency and FPT. Function was not executed because MATLAB/Octave/MATLAB Runtime were unavailable."
P_Morph_aVR_count,188,P_Morph,NOT_EXECUTED,Get_P_Morphology,ECGDeli 1.1 Get_P_Morphology,false,UNKNOWN,,12.0,,"Function identified in ECGDeli. Required inputs are signal, sampling frequency and FPT. Function was not executed because MATLAB/Octave/MATLAB Runtime were unavailable."
Q_Amp_I,189,Q_Amp,RECONSTRUCTED,ExtractAmplitudeFeaturesFromFPT,ECGDeli 1.1 ExtractAmplitudeFeaturesFromFPT,false,MEDIUM,-0.14100000000000001,-0.14,0.0010000000000000009,Public ECGDeli implementation identified. Original author preprocessing and signal-conditioning pipeline not fully recovered.
Q_Amp_I_iqr,190,Q_Amp,RECONSTRUCTED,ExtractAmplitudeFeaturesFromFPT,ECGDeli 1.1 ExtractAmplitudeFeaturesFromFPT,false,MEDIUM,0.03950000000000001,0.0425,0.0029999999999999957,Public ECGDeli implementation identified. Original author preprocessing and signal-conditioning pipeline not fully recovered.
Q_Amp_I_count,191,Q_Amp,RECONSTRUCTED,ExtractAmplitudeFeaturesFromFPT,ECGDeli 1.1 ExtractAmplitudeFeaturesFromFPT,false,MEDIUM,12,12.0,0.0,Public ECGDeli implementation identified. Original author preprocessing and signal-conditioning pipeline not fully recovered.
Q_Amp_II,192,Q_Amp,RECONSTRUCTED,ExtractAmplitudeFeaturesFromFPT,ECGDeli 1.1 ExtractAmplitudeFeaturesFromFPT,false,MEDIUM,-0.143,-0.14,0.002999999999999975,Public ECGDeli implementation identified. Original author preprocessing and signal-conditioning pipeline not fully recovered.
Q_Amp_II_iqr,193,Q_Amp,RECONSTRUCTED,ExtractAmplitudeFeaturesFromFPT,ECGDeli 1.1 ExtractAmplitudeFeaturesFromFPT,false,MEDIUM,0.028749999999999998,0.0325,0.0037500000000000033,Public ECGDeli implementation identified. Original author preprocessing and signal-conditioning pipeline not fully recovered.
Q_Amp_II_count,194,Q_Amp,RECONSTRUCTED,ExtractAmplitudeFeaturesFromFPT,ECGDeli 1.1 ExtractAmplitudeFeaturesFromFPT,false,MEDIUM,12,12.0,0.0,Public ECGDeli implementation identified. Original author preprocessing and signal-conditioning pipeline not fully recovered.
Q_Amp_III,195,Q_Amp,RECONSTRUCTED,ExtractAmplitudeFeaturesFromFPT,ECGDeli 1.1 ExtractAmplitudeFeaturesFromFPT,false,MEDIUM,0.059500000000000004,0.06,0.0004999999999999935,Public ECGDeli implementation identified. Original author preprocessing and signal-conditioning pipeline not fully recovered.
Q_Amp_III_iqr,196,Q_Amp,RECONSTRUCTED,ExtractAmplitudeFeaturesFromFPT,ECGDeli 1.1 ExtractAmplitudeFeaturesFromFPT,false,MEDIUM,0.03675,0.035,0.0017499999999999946,Public ECGDeli implementation identified. Original author preprocessing and signal-conditioning pipeline not fully recovered.
Q_Amp_III_count,197,Q_Amp,RECONSTRUCTED,ExtractAmplitudeFeaturesFromFPT,ECGDeli 1.1 ExtractAmplitudeFeaturesFromFPT,false,MEDIUM,12,12.0,0.0,Public ECGDeli implementation identified. Original author preprocessing and signal-conditioning pipeline not fully recovered.
Q_Amp_V1,198,Q_Amp,RECONSTRUCTED,ExtractAmplitudeFeaturesFromFPT,ECGDeli 1.1 ExtractAmplitudeFeaturesFromFPT,false,MEDIUM,0.202,0.2,0.0020000000000000018,Public ECGDeli implementation identified. Original author preprocessing and signal-conditioning pipeline not fully recovered.
Q_Amp_V1_iqr,199,Q_Amp,RECONSTRUCTED,ExtractAmplitudeFeaturesFromFPT,ECGDeli 1.1 ExtractAmplitudeFeaturesFromFPT,false,MEDIUM,0.037750000000000006,0.0399999999999999,0.002249999999999891,Public ECGDeli implementation identified. Original author preprocessing and signal-conditioning pipeline not fully recovered.
Q_Amp_V1_count,200,Q_Amp,RECONSTRUCTED,ExtractAmplitudeFeaturesFromFPT,ECGDeli 1.1 ExtractAmplitudeFeaturesFromFPT,false,MEDIUM,12,12.0,0.0,Public ECGDeli implementation identified. Original author preprocessing and signal-conditioning pipeline not fully recovered.
Q_Amp_V2,201,Q_Amp,RECONSTRUCTED,ExtractAmplitudeFeaturesFromFPT,ECGDeli 1.1 ExtractAmplitudeFeaturesFromFPT,false,MEDIUM,-0.0825,-0.0849999999999999,0.002499999999999891,Public ECGDeli implementation identified. Original author preprocessing and signal-conditioning pipeline not fully recovered.
Q_Amp_V2_iqr,202,Q_Amp,RECONSTRUCTED,ExtractAmplitudeFeaturesFromFPT,ECGDeli 1.1 ExtractAmplitudeFeaturesFromFPT,false,MEDIUM,0.01575,0.0224999999999999,0.0067499999999998984,Public ECGDeli implementation identified. Original author preprocessing and signal-conditioning pipeline not fully recovered.
Q_Amp_V2_count,203,Q_Amp,RECONSTRUCTED,ExtractAmplitudeFeaturesFromFPT,ECGDeli 1.1 ExtractAmplitudeFeaturesFromFPT,false,MEDIUM,12,12.0,0.0,Public ECGDeli implementation identified. Original author preprocessing and signal-conditioning pipeline not fully recovered.
Q_Amp_V3,204,Q_Amp,RECONSTRUCTED,ExtractAmplitudeFeaturesFromFPT,ECGDeli 1.1 ExtractAmplitudeFeaturesFromFPT,false,MEDIUM,-0.0475,-0.045,0.0025000000000000022,Public ECGDeli implementation identified. Original author preprocessing and signal-conditioning pipeline not fully recovered.
Q_Amp_V3_iqr,205,Q_Amp,RECONSTRUCTED,ExtractAmplitudeFeaturesFromFPT,ECGDeli 1.1 ExtractAmplitudeFeaturesFromFPT,false,MEDIUM,0.0325,0.0325,0.0,Public ECGDeli implementation identified. Original author preprocessing and signal-conditioning pipeline not fully recovered.
Q_Amp_V3_count,206,Q_Amp,RECONSTRUCTED,ExtractAmplitudeFeaturesFromFPT,ECGDeli 1.1 ExtractAmplitudeFeaturesFromFPT,false,MEDIUM,12,12.0,0.0,Public ECGDeli implementation identified. Original author preprocessing and signal-conditioning pipeline not fully recovered.
Q_Amp_V4,207,Q_Amp,RECONSTRUCTED,ExtractAmplitudeFeaturesFromFPT,ECGDeli 1.1 ExtractAmplitudeFeaturesFromFPT,false,MEDIUM,-0.0985,-0.1,0.0015000000000000013,Public ECGDeli implementation identified. Original author preprocessing and signal-conditioning pipeline not fully recovered.
Q_Amp_V4_iqr,208,Q_Amp,RECONSTRUCTED,ExtractAmplitudeFeaturesFromFPT,ECGDeli 1.1 ExtractAmplitudeFeaturesFromFPT,false,MEDIUM,0.01625,0.0125,0.00375,Public ECGDeli implementation identified. Original author preprocessing and signal-conditioning pipeline not fully recovered.
Q_Amp_V4_count,209,Q_Amp,RECONSTRUCTED,ExtractAmplitudeFeaturesFromFPT,ECGDeli 1.1 ExtractAmplitudeFeaturesFromFPT,false,MEDIUM,12,12.0,0.0,Public ECGDeli implementation identified. Original author preprocessing and signal-conditioning pipeline not fully recovered.
Q_Amp_V5,210,Q_Amp,RECONSTRUCTED,ExtractAmplitudeFeaturesFromFPT,ECGDeli 1.1 ExtractAmplitudeFeaturesFromFPT,false,MEDIUM,-0.17099999999999999,-0.17,0.0009999999999999731,Public ECGDeli implementation identified. Original author preprocessing and signal-conditioning pipeline not fully recovered.
Q_Amp_V5_iqr,211,Q_Amp,RECONSTRUCTED,ExtractAmplitudeFeaturesFromFPT,ECGDeli 1.1 ExtractAmplitudeFeaturesFromFPT,false,MEDIUM,0.03875000000000001,0.0375,0.001250000000000008,Public ECGDeli implementation identified. Original author preprocessing and signal-conditioning pipeline not fully recovered.
Q_Amp_V5_count,212,Q_Amp,RECONSTRUCTED,ExtractAmplitudeFeaturesFromFPT,ECGDeli 1.1 ExtractAmplitudeFeaturesFromFPT,false,MEDIUM,12,12.0,0.0,Public ECGDeli implementation identified. Original author preprocessing and signal-conditioning pipeline not fully recovered.
Q_Amp_V6,213,Q_Amp,RECONSTRUCTED,ExtractAmplitudeFeaturesFromFPT,ECGDeli 1.1 ExtractAmplitudeFeaturesFromFPT,false,MEDIUM,-0.1535,-0.155,0.0015000000000000013,Public ECGDeli implementation identified. Original author preprocessing and signal-conditioning pipeline not fully recovered.
Q_Amp_V6_iqr,214,Q_Amp,RECONSTRUCTED,ExtractAmplitudeFeaturesFromFPT,ECGDeli 1.1 ExtractAmplitudeFeaturesFromFPT,false,MEDIUM,0.05224999999999999,0.0499999999999999,0.002250000000000092,Public ECGDeli implementation identified. Original author preprocessing and signal-conditioning pipeline not fully recovered.
Q_Amp_V6_count,215,Q_Amp,RECONSTRUCTED,ExtractAmplitudeFeaturesFromFPT,ECGDeli 1.1 ExtractAmplitudeFeaturesFromFPT,false,MEDIUM,12,12.0,0.0,Public ECGDeli implementation identified. Original author preprocessing and signal-conditioning pipeline not fully recovered.
Q_Amp_aVF,216,Q_Amp,RECONSTRUCTED,ExtractAmplitudeFeaturesFromFPT,ECGDeli 1.1 ExtractAmplitudeFeaturesFromFPT,false,MEDIUM,-0.1045,-0.105,0.0005000000000000004,Public ECGDeli implementation identified. Original author preprocessing and signal-conditioning pipeline not fully recovered.
Q_Amp_aVF_iqr,217,Q_Amp,RECONSTRUCTED,ExtractAmplitudeFeaturesFromFPT,ECGDeli 1.1 ExtractAmplitudeFeaturesFromFPT,false,MEDIUM,0.04000000000000001,0.0375,0.002500000000000009,Public ECGDeli implementation identified. Original author preprocessing and signal-conditioning pipeline not fully recovered.
Q_Amp_aVF_count,218,Q_Amp,RECONSTRUCTED,ExtractAmplitudeFeaturesFromFPT,ECGDeli 1.1 ExtractAmplitudeFeaturesFromFPT,false,MEDIUM,12,12.0,0.0,Public ECGDeli implementation identified. Original author preprocessing and signal-conditioning pipeline not fully recovered.
Q_Amp_aVL,219,Q_Amp,RECONSTRUCTED,ExtractAmplitudeFeaturesFromFPT,ECGDeli 1.1 ExtractAmplitudeFeaturesFromFPT,false,MEDIUM,-0.076,-0.075,0.0010000000000000009,Public ECGDeli implementation identified. Original author preprocessing and signal-conditioning pipeline not fully recovered.
Q_Amp_aVL_iqr,220,Q_Amp,RECONSTRUCTED,ExtractAmplitudeFeaturesFromFPT,ECGDeli 1.1 ExtractAmplitudeFeaturesFromFPT,false,MEDIUM,0.0455,0.0424999999999999,0.0030000000000001,Public ECGDeli implementation identified. Original author preprocessing and signal-conditioning pipeline not fully recovered.
Q_Amp_aVL_count,221,Q_Amp,RECONSTRUCTED,ExtractAmplitudeFeaturesFromFPT,ECGDeli 1.1 ExtractAmplitudeFeaturesFromFPT,false,MEDIUM,12,12.0,0.0,Public ECGDeli implementation identified. Original author preprocessing and signal-conditioning pipeline not fully recovered.
Q_Amp_aVR,222,Q_Amp,RECONSTRUCTED,ExtractAmplitudeFeaturesFromFPT,ECGDeli 1.1 ExtractAmplitudeFeaturesFromFPT,false,MEDIUM,0.14100000000000001,0.145,0.003999999999999976,Public ECGDeli implementation identified. Original author preprocessing and signal-conditioning pipeline not fully recovered.
Q_Amp_aVR_iqr,223,Q_Amp,RECONSTRUCTED,ExtractAmplitudeFeaturesFromFPT,ECGDeli 1.1 ExtractAmplitudeFeaturesFromFPT,false,MEDIUM,0.026749999999999996,0.0325,0.005750000000000005,Public ECGDeli implementation identified. Original author preprocessing and signal-conditioning pipeline not fully recovered.
Q_Amp_aVR_count,224,Q_Amp,RECONSTRUCTED,ExtractAmplitudeFeaturesFromFPT,ECGDeli 1.1 ExtractAmplitudeFeaturesFromFPT,false,MEDIUM,12,12.0,0.0,Public ECGDeli implementation identified. Original author preprocessing and signal-conditioning pipeline not fully recovered.
QRS_Dur_I,225,QRS_Dur,RECONSTRUCTED,ExtractIntervalFeaturesFromFPT,ECGDeli 1.1 ExtractIntervalFeaturesFromFPT and published fiducials,false,HIGH,145.0,145.0,0.0,Algorithm reconstructed and validated against published PTB-XL+ row 00513. 238 cells matched at <=1e-6 in forensic reconstruction.
QRS_Dur_I_iqr,226,QRS_Dur,RECONSTRUCTED,ExtractIntervalFeaturesFromFPT,ECGDeli 1.1 ExtractIntervalFeaturesFromFPT and published fiducials,false,HIGH,10.0,10.0,0.0,Algorithm reconstructed and validated against published PTB-XL+ row 00513. 238 cells matched at <=1e-6 in forensic reconstruction.
QRS_Dur_I_count,227,QRS_Dur,RECONSTRUCTED,ExtractIntervalFeaturesFromFPT,ECGDeli 1.1 ExtractIntervalFeaturesFromFPT and published fiducials,false,HIGH,12.0,12.0,0.0,Algorithm reconstructed and validated against published PTB-XL+ row 00513. 238 cells matched at <=1e-6 in forensic reconstruction.
QRS_Dur_II,228,QRS_Dur,RECONSTRUCTED,ExtractIntervalFeaturesFromFPT,ECGDeli 1.1 ExtractIntervalFeaturesFromFPT and published fiducials,false,HIGH,114.0,114.0,0.0,Algorithm reconstructed and validated against published PTB-XL+ row 00513. 238 cells matched at <=1e-6 in forensic reconstruction.
QRS_Dur_II_iqr,229,QRS_Dur,RECONSTRUCTED,ExtractIntervalFeaturesFromFPT,ECGDeli 1.1 ExtractIntervalFeaturesFromFPT and published fiducials,false,HIGH,0.5,0.5,0.0,Algorithm reconstructed and validated against published PTB-XL+ row 00513. 238 cells matched at <=1e-6 in forensic reconstruction.
QRS_Dur_II_count,230,QRS_Dur,RECONSTRUCTED,ExtractIntervalFeaturesFromFPT,ECGDeli 1.1 ExtractIntervalFeaturesFromFPT and published fiducials,false,HIGH,12.0,12.0,0.0,Algorithm reconstructed and validated against published PTB-XL+ row 00513. 238 cells matched at <=1e-6 in forensic reconstruction.
QRS_Dur_III,231,QRS_Dur,RECONSTRUCTED,ExtractIntervalFeaturesFromFPT,ECGDeli 1.1 ExtractIntervalFeaturesFromFPT and published fiducials,false,HIGH,154.0,154.0,0.0,Algorithm reconstructed and validated against published PTB-XL+ row 00513. 238 cells matched at <=1e-6 in forensic reconstruction.
QRS_Dur_III_iqr,232,QRS_Dur,RECONSTRUCTED,ExtractIntervalFeaturesFromFPT,ECGDeli 1.1 ExtractIntervalFeaturesFromFPT and published fiducials,false,HIGH,15.0,15.0,0.0,Algorithm reconstructed and validated against published PTB-XL+ row 00513. 238 cells matched at <=1e-6 in forensic reconstruction.
QRS_Dur_III_count,233,QRS_Dur,RECONSTRUCTED,ExtractIntervalFeaturesFromFPT,ECGDeli 1.1 ExtractIntervalFeaturesFromFPT and published fiducials,false,HIGH,12.0,12.0,0.0,Algorithm reconstructed and validated against published PTB-XL+ row 00513. 238 cells matched at <=1e-6 in forensic reconstruction.
QRS_Dur_V1,234,QRS_Dur,RECONSTRUCTED,ExtractIntervalFeaturesFromFPT,ECGDeli 1.1 ExtractIntervalFeaturesFromFPT and published fiducials,false,HIGH,134.0,134.0,0.0,Algorithm reconstructed and validated against published PTB-XL+ row 00513. 238 cells matched at <=1e-6 in forensic reconstruction.
QRS_Dur_V1_iqr,235,QRS_Dur,RECONSTRUCTED,ExtractIntervalFeaturesFromFPT,ECGDeli 1.1 ExtractIntervalFeaturesFromFPT and published fiducials,false,HIGH,5.5,5.5,0.0,Algorithm reconstructed and validated against published PTB-XL+ row 00513. 238 cells matched at <=1e-6 in forensic reconstruction.
QRS_Dur_V1_count,236,QRS_Dur,RECONSTRUCTED,ExtractIntervalFeaturesFromFPT,ECGDeli 1.1 ExtractIntervalFeaturesFromFPT and published fiducials,false,HIGH,12.0,12.0,0.0,Algorithm reconstructed and validated against published PTB-XL+ row 00513. 238 cells matched at <=1e-6 in forensic reconstruction.
QRS_Dur_V2,237,QRS_Dur,RECONSTRUCTED,ExtractIntervalFeaturesFromFPT,ECGDeli 1.1 ExtractIntervalFeaturesFromFPT and published fiducials,false,HIGH,142.0,142.0,0.0,Algorithm reconstructed and validated against published PTB-XL+ row 00513. 238 cells matched at <=1e-6 in forensic reconstruction.
QRS_Dur_V2_iqr,238,QRS_Dur,RECONSTRUCTED,ExtractIntervalFeaturesFromFPT,ECGDeli 1.1 ExtractIntervalFeaturesFromFPT and published fiducials,false,HIGH,11.5,11.5,0.0,Algorithm reconstructed and validated against published PTB-XL+ row 00513. 238 cells matched at <=1e-6 in forensic reconstruction.
QRS_Dur_V2_count,239,QRS_Dur,RECONSTRUCTED,ExtractIntervalFeaturesFromFPT,ECGDeli 1.1 ExtractIntervalFeaturesFromFPT and published fiducials,false,HIGH,12.0,12.0,0.0,Algorithm reconstructed and validated against published PTB-XL+ row 00513. 238 cells matched at <=1e-6 in forensic reconstruction.
QRS_Dur_V3,240,QRS_Dur,RECONSTRUCTED,ExtractIntervalFeaturesFromFPT,ECGDeli 1.1 ExtractIntervalFeaturesFromFPT and published fiducials,false,HIGH,108.0,108.0,0.0,Algorithm reconstructed and validated against published PTB-XL+ row 00513. 238 cells matched at <=1e-6 in forensic reconstruction.
QRS_Dur_V3_iqr,241,QRS_Dur,RECONSTRUCTED,ExtractIntervalFeaturesFromFPT,ECGDeli 1.1 ExtractIntervalFeaturesFromFPT and published fiducials,false,HIGH,0.0,0.0,0.0,Algorithm reconstructed and validated against published PTB-XL+ row 00513. 238 cells matched at <=1e-6 in forensic reconstruction.
QRS_Dur_V3_count,242,QRS_Dur,RECONSTRUCTED,ExtractIntervalFeaturesFromFPT,ECGDeli 1.1 ExtractIntervalFeaturesFromFPT and published fiducials,false,HIGH,12.0,12.0,0.0,Algorithm reconstructed and validated against published PTB-XL+ row 00513. 238 cells matched at <=1e-6 in forensic reconstruction.
QRS_Dur_V4,243,QRS_Dur,RECONSTRUCTED,ExtractIntervalFeaturesFromFPT,ECGDeli 1.1 ExtractIntervalFeaturesFromFPT and published fiducials,false,HIGH,108.0,108.0,0.0,Algorithm reconstructed and validated against published PTB-XL+ row 00513. 238 cells matched at <=1e-6 in forensic reconstruction.
QRS_Dur_V4_iqr,244,QRS_Dur,RECONSTRUCTED,ExtractIntervalFeaturesFromFPT,ECGDeli 1.1 ExtractIntervalFeaturesFromFPT and published fiducials,false,HIGH,2.0,2.0,0.0,Algorithm reconstructed and validated against published PTB-XL+ row 00513. 238 cells matched at <=1e-6 in forensic reconstruction.
QRS_Dur_V4_count,245,QRS_Dur,RECONSTRUCTED,ExtractIntervalFeaturesFromFPT,ECGDeli 1.1 ExtractIntervalFeaturesFromFPT and published fiducials,false,HIGH,12.0,12.0,0.0,Algorithm reconstructed and validated against published PTB-XL+ row 00513. 238 cells matched at <=1e-6 in forensic reconstruction.
QRS_Dur_V5,246,QRS_Dur,RECONSTRUCTED,ExtractIntervalFeaturesFromFPT,ECGDeli 1.1 ExtractIntervalFeaturesFromFPT and published fiducials,false,HIGH,114.0,114.0,0.0,Algorithm reconstructed and validated against published PTB-XL+ row 00513. 238 cells matched at <=1e-6 in forensic reconstruction.
QRS_Dur_V5_iqr,247,QRS_Dur,RECONSTRUCTED,ExtractIntervalFeaturesFromFPT,ECGDeli 1.1 ExtractIntervalFeaturesFromFPT and published fiducials,false,HIGH,2.0,2.0,0.0,Algorithm reconstructed and validated against published PTB-XL+ row 00513. 238 cells matched at <=1e-6 in forensic reconstruction.
QRS_Dur_V5_count,248,QRS_Dur,RECONSTRUCTED,ExtractIntervalFeaturesFromFPT,ECGDeli 1.1 ExtractIntervalFeaturesFromFPT and published fiducials,false,HIGH,12.0,12.0,0.0,Algorithm reconstructed and validated against published PTB-XL+ row 00513. 238 cells matched at <=1e-6 in forensic reconstruction.
QRS_Dur_V6,249,QRS_Dur,RECONSTRUCTED,ExtractIntervalFeaturesFromFPT,ECGDeli 1.1 ExtractIntervalFeaturesFromFPT and published fiducials,false,HIGH,120.0,120.0,0.0,Algorithm reconstructed and validated against published PTB-XL+ row 00513. 238 cells matched at <=1e-6 in forensic reconstruction.
QRS_Dur_V6_iqr,250,QRS_Dur,RECONSTRUCTED,ExtractIntervalFeaturesFromFPT,ECGDeli 1.1 ExtractIntervalFeaturesFromFPT and published fiducials,false,HIGH,9.5,9.5,0.0,Algorithm reconstructed and validated against published PTB-XL+ row 00513. 238 cells matched at <=1e-6 in forensic reconstruction.
QRS_Dur_V6_count,251,QRS_Dur,RECONSTRUCTED,ExtractIntervalFeaturesFromFPT,ECGDeli 1.1 ExtractIntervalFeaturesFromFPT and published fiducials,false,HIGH,12.0,12.0,0.0,Algorithm reconstructed and validated against published PTB-XL+ row 00513. 238 cells matched at <=1e-6 in forensic reconstruction.
QRS_Dur_aVF,252,QRS_Dur,RECONSTRUCTED,ExtractIntervalFeaturesFromFPT,ECGDeli 1.1 ExtractIntervalFeaturesFromFPT and published fiducials,false,HIGH,108.0,108.0,0.0,Algorithm reconstructed and validated against published PTB-XL+ row 00513. 238 cells matched at <=1e-6 in forensic reconstruction.
QRS_Dur_aVF_iqr,253,QRS_Dur,RECONSTRUCTED,ExtractIntervalFeaturesFromFPT,ECGDeli 1.1 ExtractIntervalFeaturesFromFPT and published fiducials,false,HIGH,2.5,2.5,0.0,Algorithm reconstructed and validated against published PTB-XL+ row 00513. 238 cells matched at <=1e-6 in forensic reconstruction.
QRS_Dur_aVF_count,254,QRS_Dur,RECONSTRUCTED,ExtractIntervalFeaturesFromFPT,ECGDeli 1.1 ExtractIntervalFeaturesFromFPT and published fiducials,false,HIGH,12.0,12.0,0.0,Algorithm reconstructed and validated against published PTB-XL+ row 00513. 238 cells matched at <=1e-6 in forensic reconstruction.
QRS_Dur_aVL,255,QRS_Dur,RECONSTRUCTED,ExtractIntervalFeaturesFromFPT,ECGDeli 1.1 ExtractIntervalFeaturesFromFPT and published fiducials,false,HIGH,145.0,145.0,0.0,Algorithm reconstructed and validated against published PTB-XL+ row 00513. 238 cells matched at <=1e-6 in forensic reconstruction.
QRS_Dur_aVL_iqr,256,QRS_Dur,RECONSTRUCTED,ExtractIntervalFeaturesFromFPT,ECGDeli 1.1 ExtractIntervalFeaturesFromFPT and published fiducials,false,HIGH,16.0,16.0,0.0,Algorithm reconstructed and validated against published PTB-XL+ row 00513. 238 cells matched at <=1e-6 in forensic reconstruction.
QRS_Dur_aVL_count,257,QRS_Dur,RECONSTRUCTED,ExtractIntervalFeaturesFromFPT,ECGDeli 1.1 ExtractIntervalFeaturesFromFPT and published fiducials,false,HIGH,12.0,12.0,0.0,Algorithm reconstructed and validated against published PTB-XL+ row 00513. 238 cells matched at <=1e-6 in forensic reconstruction.
QRS_Dur_aVR,258,QRS_Dur,RECONSTRUCTED,ExtractIntervalFeaturesFromFPT,ECGDeli 1.1 ExtractIntervalFeaturesFromFPT and published fiducials,false,HIGH,119.0,119.0,0.0,Algorithm reconstructed and validated against published PTB-XL+ row 00513. 238 cells matched at <=1e-6 in forensic reconstruction.
QRS_Dur_aVR_iqr,259,QRS_Dur,RECONSTRUCTED,ExtractIntervalFeaturesFromFPT,ECGDeli 1.1 ExtractIntervalFeaturesFromFPT and published fiducials,false,HIGH,28.5,28.5,0.0,Algorithm reconstructed and validated against published PTB-XL+ row 00513. 238 cells matched at <=1e-6 in forensic reconstruction.
QRS_Dur_aVR_count,260,QRS_Dur,RECONSTRUCTED,ExtractIntervalFeaturesFromFPT,ECGDeli 1.1 ExtractIntervalFeaturesFromFPT and published fiducials,false,HIGH,12.0,12.0,0.0,Algorithm reconstructed and validated against published PTB-XL+ row 00513. 238 cells matched at <=1e-6 in forensic reconstruction.
QRS_Dur_Global,261,QRS_Dur,RECONSTRUCTED,ExtractIntervalFeaturesFromFPT,ECGDeli 1.1 ExtractIntervalFeaturesFromFPT and published fiducials,false,HIGH,162.0,162.0,0.0,Algorithm reconstructed and validated against published PTB-XL+ row 00513. 238 cells matched at <=1e-6 in forensic reconstruction.
QRS_Dur_Global_iqr,262,QRS_Dur,RECONSTRUCTED,ExtractIntervalFeaturesFromFPT,ECGDeli 1.1 ExtractIntervalFeaturesFromFPT and published fiducials,false,HIGH,30.5,30.5,0.0,Algorithm reconstructed and validated against published PTB-XL+ row 00513. 238 cells matched at <=1e-6 in forensic reconstruction.
QRS_Dur_Global_count,263,QRS_Dur,RECONSTRUCTED,ExtractIntervalFeaturesFromFPT,ECGDeli 1.1 ExtractIntervalFeaturesFromFPT and published fiducials,false,HIGH,12.0,12.0,0.0,Algorithm reconstructed and validated against published PTB-XL+ row 00513. 238 cells matched at <=1e-6 in forensic reconstruction.
QT_IntCorr_I,264,QT_IntCorr,RECONSTRUCTED,"Framingham per beat, then median and IQR",lead-wise QT and padded lead RR through the public Framingham expression,false,HIGH,442.794,442.795,0.0010000000000331966,Formula reconstructed from published ECGDeli/PTB-XL+ evidence. Numerical residual remains below approximately 0.0055 ms for record 00513 but strict 1e-6 equivalence was not achieved.
QT_IntCorr_I_iqr,265,QT_IntCorr,RECONSTRUCTED,"Framingham per beat, then median and IQR",lead-wise QT and padded lead RR through the public Framingham expression,false,HIGH,7.543000000000006,7.542500000000018,0.0004999999999881766,Formula reconstructed from published ECGDeli/PTB-XL+ evidence. Numerical residual remains below approximately 0.0055 ms for record 00513 but strict 1e-6 equivalence was not achieved.
QT_IntCorr_I_count,266,QT_IntCorr,RECONSTRUCTED,"Framingham per beat, then median and IQR",lead-wise QT and padded lead RR through the public Framingham expression,false,HIGH,12.0,12.0,0.0,Formula reconstructed from published ECGDeli/PTB-XL+ evidence. Numerical residual remains below approximately 0.0055 ms for record 00513 but strict 1e-6 equivalence was not achieved.
QT_IntCorr_II,267,QT_IntCorr,RECONSTRUCTED,"Framingham per beat, then median and IQR",lead-wise QT and padded lead RR through the public Framingham expression,false,HIGH,419.796,419.795,0.0009999999999763531,Formula reconstructed from published ECGDeli/PTB-XL+ evidence. Numerical residual remains below approximately 0.0055 ms for record 00513 but strict 1e-6 equivalence was not achieved.
QT_IntCorr_II_iqr,268,QT_IntCorr,RECONSTRUCTED,"Framingham per beat, then median and IQR",lead-wise QT and padded lead RR through the public Framingham expression,false,HIGH,76.11600000000004,76.11500000000001,0.0010000000000331966,Formula reconstructed from published ECGDeli/PTB-XL+ evidence. Numerical residual remains below approximately 0.0055 ms for record 00513 but strict 1e-6 equivalence was not achieved.
QT_IntCorr_II_count,269,QT_IntCorr,RECONSTRUCTED,"Framingham per beat, then median and IQR",lead-wise QT and padded lead RR through the public Framingham expression,false,HIGH,12.0,12.0,0.0,Formula reconstructed from published ECGDeli/PTB-XL+ evidence. Numerical residual remains below approximately 0.0055 ms for record 00513 but strict 1e-6 equivalence was not achieved.
QT_IntCorr_III,270,QT_IntCorr,RECONSTRUCTED,"Framingham per beat, then median and IQR",lead-wise QT and padded lead RR through the public Framingham expression,false,HIGH,451.25,451.25,0.0,Formula reconstructed from published ECGDeli/PTB-XL+ evidence. Numerical residual remains below approximately 0.0055 ms for record 00513 but strict 1e-6 equivalence was not achieved.
QT_IntCorr_III_iqr,271,QT_IntCorr,RECONSTRUCTED,"Framingham per beat, then median and IQR",lead-wise QT and padded lead RR through the public Framingham expression,false,HIGH,42.351,42.347500000000025,0.0034999999999740794,Formula reconstructed from published ECGDeli/PTB-XL+ evidence. Numerical residual remains below approximately 0.0055 ms for record 00513 but strict 1e-6 equivalence was not achieved.
QT_IntCorr_III_count,272,QT_IntCorr,RECONSTRUCTED,"Framingham per beat, then median and IQR",lead-wise QT and padded lead RR through the public Framingham expression,false,HIGH,12.0,12.0,0.0,Formula reconstructed from published ECGDeli/PTB-XL+ evidence. Numerical residual remains below approximately 0.0055 ms for record 00513 but strict 1e-6 equivalence was not achieved.
QT_IntCorr_V1,273,QT_IntCorr,RECONSTRUCTED,"Framingham per beat, then median and IQR",lead-wise QT and padded lead RR through the public Framingham expression,false,HIGH,416.408,416.405,0.0030000000000427463,Formula reconstructed from published ECGDeli/PTB-XL+ evidence. Numerical residual remains below approximately 0.0055 ms for record 00513 but strict 1e-6 equivalence was not achieved.
QT_IntCorr_V1_iqr,274,QT_IntCorr,RECONSTRUCTED,"Framingham per beat, then median and IQR",lead-wise QT and padded lead RR through the public Framingham expression,false,HIGH,95.07400000000001,95.075,0.000999999999990564,Formula reconstructed from published ECGDeli/PTB-XL+ evidence. Numerical residual remains below approximately 0.0055 ms for record 00513 but strict 1e-6 equivalence was not achieved.
QT_IntCorr_V1_count,275,QT_IntCorr,RECONSTRUCTED,"Framingham per beat, then median and IQR",lead-wise QT and padded lead RR through the public Framingham expression,false,HIGH,12.0,12.0,0.0,Formula reconstructed from published ECGDeli/PTB-XL+ evidence. Numerical residual remains below approximately 0.0055 ms for record 00513 but strict 1e-6 equivalence was not achieved.
QT_IntCorr_V2,276,QT_IntCorr,RECONSTRUCTED,"Framingham per beat, then median and IQR",lead-wise QT and padded lead RR through the public Framingham expression,false,HIGH,466.406,466.405,0.0010000000000331966,Formula reconstructed from published ECGDeli/PTB-XL+ evidence. Numerical residual remains below approximately 0.0055 ms for record 00513 but strict 1e-6 equivalence was not achieved.
QT_IntCorr_V2_iqr,277,QT_IntCorr,RECONSTRUCTED,"Framingham per beat, then median and IQR",lead-wise QT and padded lead RR through the public Framingham expression,false,HIGH,11.117000000000019,11.120000000000005,0.002999999999985903,Formula reconstructed from published ECGDeli/PTB-XL+ evidence. Numerical residual remains below approximately 0.0055 ms for record 00513 but strict 1e-6 equivalence was not achieved.
QT_IntCorr_V2_count,278,QT_IntCorr,RECONSTRUCTED,"Framingham per beat, then median and IQR",lead-wise QT and padded lead RR through the public Framingham expression,false,HIGH,12.0,12.0,0.0,Formula reconstructed from published ECGDeli/PTB-XL+ evidence. Numerical residual remains below approximately 0.0055 ms for record 00513 but strict 1e-6 equivalence was not achieved.
QT_IntCorr_V3,279,QT_IntCorr,RECONSTRUCTED,"Framingham per beat, then median and IQR",lead-wise QT and padded lead RR through the public Framingham expression,false,HIGH,437.332,437.33,0.0020000000000095497,Formula reconstructed from published ECGDeli/PTB-XL+ evidence. Numerical residual remains below approximately 0.0055 ms for record 00513 but strict 1e-6 equivalence was not achieved.
QT_IntCorr_V3_iqr,280,QT_IntCorr,RECONSTRUCTED,"Framingham per beat, then median and IQR",lead-wise QT and padded lead RR through the public Framingham expression,false,HIGH,7.007000000000005,7.00750000000005,0.00050000000004502,Formula reconstructed from published ECGDeli/PTB-XL+ evidence. Numerical residual remains below approximately 0.0055 ms for record 00513 but strict 1e-6 equivalence was not achieved.
QT_IntCorr_V3_count,281,QT_IntCorr,RECONSTRUCTED,"Framingham per beat, then median and IQR",lead-wise QT and padded lead RR through the public Framingham expression,false,HIGH,12.0,12.0,0.0,Formula reconstructed from published ECGDeli/PTB-XL+ evidence. Numerical residual remains below approximately 0.0055 ms for record 00513 but strict 1e-6 equivalence was not achieved.
QT_IntCorr_V4,282,QT_IntCorr,RECONSTRUCTED,"Framingham per beat, then median and IQR",lead-wise QT and padded lead RR through the public Framingham expression,false,HIGH,456.486,456.485,0.0009999999999763531,Formula reconstructed from published ECGDeli/PTB-XL+ evidence. Numerical residual remains below approximately 0.0055 ms for record 00513 but strict 1e-6 equivalence was not achieved.
QT_IntCorr_V4_iqr,283,QT_IntCorr,RECONSTRUCTED,"Framingham per beat, then median and IQR",lead-wise QT and padded lead RR through the public Framingham expression,false,HIGH,7.852999999999952,7.85250000000002,0.0004999999999322213,Formula reconstructed from published ECGDeli/PTB-XL+ evidence. Numerical residual remains below approximately 0.0055 ms for record 00513 but strict 1e-6 equivalence was not achieved.
QT_IntCorr_V4_count,284,QT_IntCorr,RECONSTRUCTED,"Framingham per beat, then median and IQR",lead-wise QT and padded lead RR through the public Framingham expression,false,HIGH,12.0,12.0,0.0,Formula reconstructed from published ECGDeli/PTB-XL+ evidence. Numerical residual remains below approximately 0.0055 ms for record 00513 but strict 1e-6 equivalence was not achieved.
QT_IntCorr_V5,285,QT_IntCorr,RECONSTRUCTED,"Framingham per beat, then median and IQR",lead-wise QT and padded lead RR through the public Framingham expression,false,HIGH,401.56,401.56,0.0,Formula reconstructed from published ECGDeli/PTB-XL+ evidence. Numerical residual remains below approximately 0.0055 ms for record 00513 but strict 1e-6 equivalence was not achieved.
QT_IntCorr_V5_iqr,286,QT_IntCorr,RECONSTRUCTED,"Framingham per beat, then median and IQR",lead-wise QT and padded lead RR through the public Framingham expression,false,HIGH,28.852000000000032,28.850000000000023,0.0020000000000095497,Formula reconstructed from published ECGDeli/PTB-XL+ evidence. Numerical residual remains below approximately 0.0055 ms for record 00513 but strict 1e-6 equivalence was not achieved.
QT_IntCorr_V5_count,287,QT_IntCorr,RECONSTRUCTED,"Framingham per beat, then median and IQR",lead-wise QT and padded lead RR through the public Framingham expression,false,HIGH,12.0,12.0,0.0,Formula reconstructed from published ECGDeli/PTB-XL+ evidence. Numerical residual remains below approximately 0.0055 ms for record 00513 but strict 1e-6 equivalence was not achieved.
QT_IntCorr_V6,288,QT_IntCorr,RECONSTRUCTED,"Framingham per beat, then median and IQR",lead-wise QT and padded lead RR through the public Framingham expression,false,HIGH,411.252,411.25,0.0020000000000095497,Formula reconstructed from published ECGDeli/PTB-XL+ evidence. Numerical residual remains below approximately 0.0055 ms for record 00513 but strict 1e-6 equivalence was not achieved.
QT_IntCorr_V6_iqr,289,QT_IntCorr,RECONSTRUCTED,"Framingham per beat, then median and IQR",lead-wise QT and padded lead RR through the public Framingham expression,false,HIGH,9.32099999999997,9.322499999999993,0.0015000000000231495,Formula reconstructed from published ECGDeli/PTB-XL+ evidence. Numerical residual remains below approximately 0.0055 ms for record 00513 but strict 1e-6 equivalence was not achieved.
QT_IntCorr_V6_count,290,QT_IntCorr,RECONSTRUCTED,"Framingham per beat, then median and IQR",lead-wise QT and padded lead RR through the public Framingham expression,false,HIGH,12.0,12.0,0.0,Formula reconstructed from published ECGDeli/PTB-XL+ evidence. Numerical residual remains below approximately 0.0055 ms for record 00513 but strict 1e-6 equivalence was not achieved.
QT_IntCorr_aVF,291,QT_IntCorr,RECONSTRUCTED,"Framingham per beat, then median and IQR",lead-wise QT and padded lead RR through the public Framingham expression,false,HIGH,416.86800000000005,416.87,0.0019999999999527063,Formula reconstructed from published ECGDeli/PTB-XL+ evidence. Numerical residual remains below approximately 0.0055 ms for record 00513 but strict 1e-6 equivalence was not achieved.
QT_IntCorr_aVF_iqr,292,QT_IntCorr,RECONSTRUCTED,"Framingham per beat, then median and IQR",lead-wise QT and padded lead RR through the public Framingham expression,false,HIGH,5.124000000000024,5.120000000000061,0.003999999999962256,Formula reconstructed from published ECGDeli/PTB-XL+ evidence. Numerical residual remains below approximately 0.0055 ms for record 00513 but strict 1e-6 equivalence was not achieved.
QT_IntCorr_aVF_count,293,QT_IntCorr,RECONSTRUCTED,"Framingham per beat, then median and IQR",lead-wise QT and padded lead RR through the public Framingham expression,false,HIGH,12.0,12.0,0.0,Formula reconstructed from published ECGDeli/PTB-XL+ evidence. Numerical residual remains below approximately 0.0055 ms for record 00513 but strict 1e-6 equivalence was not achieved.
QT_IntCorr_aVL,294,QT_IntCorr,RECONSTRUCTED,"Framingham per beat, then median and IQR",lead-wise QT and padded lead RR through the public Framingham expression,false,HIGH,435.634,435.635,0.0009999999999763531,Formula reconstructed from published ECGDeli/PTB-XL+ evidence. Numerical residual remains below approximately 0.0055 ms for record 00513 but strict 1e-6 equivalence was not achieved.
QT_IntCorr_aVL_iqr,295,QT_IntCorr,RECONSTRUCTED,"Framingham per beat, then median and IQR",lead-wise QT and padded lead RR through the public Framingham expression,false,HIGH,4.5120000000000005,4.515000000000043,0.0030000000000427463,Formula reconstructed from published ECGDeli/PTB-XL+ evidence. Numerical residual remains below approximately 0.0055 ms for record 00513 but strict 1e-6 equivalence was not achieved.
QT_IntCorr_aVL_count,296,QT_IntCorr,RECONSTRUCTED,"Framingham per beat, then median and IQR",lead-wise QT and padded lead RR through the public Framingham expression,false,HIGH,12.0,12.0,0.0,Formula reconstructed from published ECGDeli/PTB-XL+ evidence. Numerical residual remains below approximately 0.0055 ms for record 00513 but strict 1e-6 equivalence was not achieved.
QT_IntCorr_aVR,297,QT_IntCorr,RECONSTRUCTED,"Framingham per beat, then median and IQR",lead-wise QT and padded lead RR through the public Framingham expression,false,HIGH,511.794,511.795,0.0010000000000331966,Formula reconstructed from published ECGDeli/PTB-XL+ evidence. Numerical residual remains below approximately 0.0055 ms for record 00513 but strict 1e-6 equivalence was not achieved.
QT_IntCorr_aVR_iqr,298,QT_IntCorr,RECONSTRUCTED,"Framingham per beat, then median and IQR",lead-wise QT and padded lead RR through the public Framingham expression,false,HIGH,75.65200000000004,75.65750000000003,0.005499999999983629,Formula reconstructed from published ECGDeli/PTB-XL+ evidence. Numerical residual remains below approximately 0.0055 ms for record 00513 but strict 1e-6 equivalence was not achieved.
QT_IntCorr_aVR_count,299,QT_IntCorr,RECONSTRUCTED,"Framingham per beat, then median and IQR",lead-wise QT and padded lead RR through the public Framingham expression,false,HIGH,12.0,12.0,0.0,Formula reconstructed from published ECGDeli/PTB-XL+ evidence. Numerical residual remains below approximately 0.0055 ms for record 00513 but strict 1e-6 equivalence was not achieved.
QT_IntFramingham_Global,300,QT_IntFramingham,RECONSTRUCTED,ExtractIntervalFeaturesFromFPT,ECGDeli 1.1 ExtractIntervalFeaturesFromFPT and published fiducials,false,HIGH,522.0120000000001,522.01,0.002000000000066393,Algorithm reconstructed and validated against published PTB-XL+ row 00513. 238 cells matched at <=1e-6 in forensic reconstruction.
QT_IntFramingham_Global_iqr,301,QT_IntFramingham,RECONSTRUCTED,ExtractIntervalFeaturesFromFPT,ECGDeli 1.1 ExtractIntervalFeaturesFromFPT and published fiducials,false,HIGH,55.53199999999998,55.53499999999997,0.002999999999985903,Algorithm reconstructed and validated against published PTB-XL+ row 00513. 238 cells matched at <=1e-6 in forensic reconstruction.
QT_IntFramingham_Global_count,302,QT_IntFramingham,RECONSTRUCTED,ExtractIntervalFeaturesFromFPT,ECGDeli 1.1 ExtractIntervalFeaturesFromFPT and published fiducials,false,HIGH,11.0,11.0,0.0,Algorithm reconstructed and validated against published PTB-XL+ row 00513. 238 cells matched at <=1e-6 in forensic reconstruction.
QT_Int_I,303,QT_Int,RECONSTRUCTED,ExtractIntervalFeaturesFromFPT,ECGDeli 1.1 ExtractIntervalFeaturesFromFPT and published fiducials,false,HIGH,419.0,419.0,0.0,Algorithm reconstructed and validated against published PTB-XL+ row 00513. 238 cells matched at <=1e-6 in forensic reconstruction.
QT_Int_I_iqr,304,QT_Int,RECONSTRUCTED,ExtractIntervalFeaturesFromFPT,ECGDeli 1.1 ExtractIntervalFeaturesFromFPT and published fiducials,false,HIGH,11.0,11.0,0.0,Algorithm reconstructed and validated against published PTB-XL+ row 00513. 238 cells matched at <=1e-6 in forensic reconstruction.
QT_Int_I_count,305,QT_Int,RECONSTRUCTED,ExtractIntervalFeaturesFromFPT,ECGDeli 1.1 ExtractIntervalFeaturesFromFPT and published fiducials,false,HIGH,12.0,12.0,0.0,Algorithm reconstructed and validated against published PTB-XL+ row 00513. 238 cells matched at <=1e-6 in forensic reconstruction.
QT_Int_II,306,QT_Int,RECONSTRUCTED,ExtractIntervalFeaturesFromFPT,ECGDeli 1.1 ExtractIntervalFeaturesFromFPT and published fiducials,false,HIGH,395.0,395.0,0.0,Algorithm reconstructed and validated against published PTB-XL+ row 00513. 238 cells matched at <=1e-6 in forensic reconstruction.
QT_Int_II_iqr,307,QT_Int,RECONSTRUCTED,ExtractIntervalFeaturesFromFPT,ECGDeli 1.1 ExtractIntervalFeaturesFromFPT and published fiducials,false,HIGH,75.5,75.5,0.0,Algorithm reconstructed and validated against published PTB-XL+ row 00513. 238 cells matched at <=1e-6 in forensic reconstruction.
QT_Int_II_count,308,QT_Int,RECONSTRUCTED,ExtractIntervalFeaturesFromFPT,ECGDeli 1.1 ExtractIntervalFeaturesFromFPT and published fiducials,false,HIGH,12.0,12.0,0.0,Algorithm reconstructed and validated against published PTB-XL+ row 00513. 238 cells matched at <=1e-6 in forensic reconstruction.
QT_Int_III,309,QT_Int,RECONSTRUCTED,ExtractIntervalFeaturesFromFPT,ECGDeli 1.1 ExtractIntervalFeaturesFromFPT and published fiducials,false,HIGH,432.0,432.0,0.0,Algorithm reconstructed and validated against published PTB-XL+ row 00513. 238 cells matched at <=1e-6 in forensic reconstruction.
QT_Int_III_iqr,310,QT_Int,RECONSTRUCTED,ExtractIntervalFeaturesFromFPT,ECGDeli 1.1 ExtractIntervalFeaturesFromFPT and published fiducials,false,HIGH,37.0,37.0,0.0,Algorithm reconstructed and validated against published PTB-XL+ row 00513. 238 cells matched at <=1e-6 in forensic reconstruction.
QT_Int_III_count,311,QT_Int,RECONSTRUCTED,ExtractIntervalFeaturesFromFPT,ECGDeli 1.1 ExtractIntervalFeaturesFromFPT and published fiducials,false,HIGH,12.0,12.0,0.0,Algorithm reconstructed and validated against published PTB-XL+ row 00513. 238 cells matched at <=1e-6 in forensic reconstruction.
QT_Int_V1,312,QT_Int,RECONSTRUCTED,ExtractIntervalFeaturesFromFPT,ECGDeli 1.1 ExtractIntervalFeaturesFromFPT and published fiducials,false,HIGH,393.0,393.0,0.0,Algorithm reconstructed and validated against published PTB-XL+ row 00513. 238 cells matched at <=1e-6 in forensic reconstruction.
QT_Int_V1_iqr,313,QT_Int,RECONSTRUCTED,ExtractIntervalFeaturesFromFPT,ECGDeli 1.1 ExtractIntervalFeaturesFromFPT and published fiducials,false,HIGH,98.0,98.0,0.0,Algorithm reconstructed and validated against published PTB-XL+ row 00513. 238 cells matched at <=1e-6 in forensic reconstruction.
QT_Int_V1_count,314,QT_Int,RECONSTRUCTED,ExtractIntervalFeaturesFromFPT,ECGDeli 1.1 ExtractIntervalFeaturesFromFPT and published fiducials,false,HIGH,12.0,12.0,0.0,Algorithm reconstructed and validated against published PTB-XL+ row 00513. 238 cells matched at <=1e-6 in forensic reconstruction.
QT_Int_V2,315,QT_Int,RECONSTRUCTED,ExtractIntervalFeaturesFromFPT,ECGDeli 1.1 ExtractIntervalFeaturesFromFPT and published fiducials,false,HIGH,448.0,448.0,0.0,Algorithm reconstructed and validated against published PTB-XL+ row 00513. 238 cells matched at <=1e-6 in forensic reconstruction.
QT_Int_V2_iqr,316,QT_Int,RECONSTRUCTED,ExtractIntervalFeaturesFromFPT,ECGDeli 1.1 ExtractIntervalFeaturesFromFPT and published fiducials,false,HIGH,10.0,10.0,0.0,Algorithm reconstructed and validated against published PTB-XL+ row 00513. 238 cells matched at <=1e-6 in forensic reconstruction.
QT_Int_V2_count,317,QT_Int,RECONSTRUCTED,ExtractIntervalFeaturesFromFPT,ECGDeli 1.1 ExtractIntervalFeaturesFromFPT and published fiducials,false,HIGH,12.0,12.0,0.0,Algorithm reconstructed and validated against published PTB-XL+ row 00513. 238 cells matched at <=1e-6 in forensic reconstruction.
QT_Int_V3,318,QT_Int,RECONSTRUCTED,ExtractIntervalFeaturesFromFPT,ECGDeli 1.1 ExtractIntervalFeaturesFromFPT and published fiducials,false,HIGH,416.0,416.0,0.0,Algorithm reconstructed and validated against published PTB-XL+ row 00513. 238 cells matched at <=1e-6 in forensic reconstruction.
QT_Int_V3_iqr,319,QT_Int,RECONSTRUCTED,ExtractIntervalFeaturesFromFPT,ECGDeli 1.1 ExtractIntervalFeaturesFromFPT and published fiducials,false,HIGH,4.5,4.5,0.0,Algorithm reconstructed and validated against published PTB-XL+ row 00513. 238 cells matched at <=1e-6 in forensic reconstruction.
QT_Int_V3_count,320,QT_Int,RECONSTRUCTED,ExtractIntervalFeaturesFromFPT,ECGDeli 1.1 ExtractIntervalFeaturesFromFPT and published fiducials,false,HIGH,12.0,12.0,0.0,Algorithm reconstructed and validated against published PTB-XL+ row 00513. 238 cells matched at <=1e-6 in forensic reconstruction.
QT_Int_V4,321,QT_Int,RECONSTRUCTED,ExtractIntervalFeaturesFromFPT,ECGDeli 1.1 ExtractIntervalFeaturesFromFPT and published fiducials,false,HIGH,433.0,433.0,0.0,Algorithm reconstructed and validated against published PTB-XL+ row 00513. 238 cells matched at <=1e-6 in forensic reconstruction.
QT_Int_V4_iqr,322,QT_Int,RECONSTRUCTED,ExtractIntervalFeaturesFromFPT,ECGDeli 1.1 ExtractIntervalFeaturesFromFPT and published fiducials,false,HIGH,7.5,7.5,0.0,Algorithm reconstructed and validated against published PTB-XL+ row 00513. 238 cells matched at <=1e-6 in forensic reconstruction.
QT_Int_V4_count,323,QT_Int,RECONSTRUCTED,ExtractIntervalFeaturesFromFPT,ECGDeli 1.1 ExtractIntervalFeaturesFromFPT and published fiducials,false,HIGH,12.0,12.0,0.0,Algorithm reconstructed and validated against published PTB-XL+ row 00513. 238 cells matched at <=1e-6 in forensic reconstruction.
QT_Int_V5,324,QT_Int,RECONSTRUCTED,ExtractIntervalFeaturesFromFPT,ECGDeli 1.1 ExtractIntervalFeaturesFromFPT and published fiducials,false,HIGH,381.0,381.0,0.0,Algorithm reconstructed and validated against published PTB-XL+ row 00513. 238 cells matched at <=1e-6 in forensic reconstruction.
QT_Int_V5_iqr,325,QT_Int,RECONSTRUCTED,ExtractIntervalFeaturesFromFPT,ECGDeli 1.1 ExtractIntervalFeaturesFromFPT and published fiducials,false,HIGH,23.0,23.0,0.0,Algorithm reconstructed and validated against published PTB-XL+ row 00513. 238 cells matched at <=1e-6 in forensic reconstruction.
QT_Int_V5_count,326,QT_Int,RECONSTRUCTED,ExtractIntervalFeaturesFromFPT,ECGDeli 1.1 ExtractIntervalFeaturesFromFPT and published fiducials,false,HIGH,12.0,12.0,0.0,Algorithm reconstructed and validated against published PTB-XL+ row 00513. 238 cells matched at <=1e-6 in forensic reconstruction.
QT_Int_V6,327,QT_Int,RECONSTRUCTED,ExtractIntervalFeaturesFromFPT,ECGDeli 1.1 ExtractIntervalFeaturesFromFPT and published fiducials,false,HIGH,388.0,388.0,0.0,Algorithm reconstructed and validated against published PTB-XL+ row 00513. 238 cells matched at <=1e-6 in forensic reconstruction.
QT_Int_V6_iqr,328,QT_Int,RECONSTRUCTED,ExtractIntervalFeaturesFromFPT,ECGDeli 1.1 ExtractIntervalFeaturesFromFPT and published fiducials,false,HIGH,7.0,7.0,0.0,Algorithm reconstructed and validated against published PTB-XL+ row 00513. 238 cells matched at <=1e-6 in forensic reconstruction.
QT_Int_V6_count,329,QT_Int,RECONSTRUCTED,ExtractIntervalFeaturesFromFPT,ECGDeli 1.1 ExtractIntervalFeaturesFromFPT and published fiducials,false,HIGH,12.0,12.0,0.0,Algorithm reconstructed and validated against published PTB-XL+ row 00513. 238 cells matched at <=1e-6 in forensic reconstruction.
QT_Int_aVF,330,QT_Int,RECONSTRUCTED,ExtractIntervalFeaturesFromFPT,ECGDeli 1.1 ExtractIntervalFeaturesFromFPT and published fiducials,false,HIGH,396.0,396.0,0.0,Algorithm reconstructed and validated against published PTB-XL+ row 00513. 238 cells matched at <=1e-6 in forensic reconstruction.
QT_Int_aVF_iqr,331,QT_Int,RECONSTRUCTED,ExtractIntervalFeaturesFromFPT,ECGDeli 1.1 ExtractIntervalFeaturesFromFPT and published fiducials,false,HIGH,4.5,4.5,0.0,Algorithm reconstructed and validated against published PTB-XL+ row 00513. 238 cells matched at <=1e-6 in forensic reconstruction.
QT_Int_aVF_count,332,QT_Int,RECONSTRUCTED,ExtractIntervalFeaturesFromFPT,ECGDeli 1.1 ExtractIntervalFeaturesFromFPT and published fiducials,false,HIGH,12.0,12.0,0.0,Algorithm reconstructed and validated against published PTB-XL+ row 00513. 238 cells matched at <=1e-6 in forensic reconstruction.
QT_Int_aVL,333,QT_Int,RECONSTRUCTED,ExtractIntervalFeaturesFromFPT,ECGDeli 1.1 ExtractIntervalFeaturesFromFPT and published fiducials,false,HIGH,414.0,414.0,0.0,Algorithm reconstructed and validated against published PTB-XL+ row 00513. 238 cells matched at <=1e-6 in forensic reconstruction.
QT_Int_aVL_iqr,334,QT_Int,RECONSTRUCTED,ExtractIntervalFeaturesFromFPT,ECGDeli 1.1 ExtractIntervalFeaturesFromFPT and published fiducials,false,HIGH,6.5,6.5,0.0,Algorithm reconstructed and validated against published PTB-XL+ row 00513. 238 cells matched at <=1e-6 in forensic reconstruction.
QT_Int_aVL_count,335,QT_Int,RECONSTRUCTED,ExtractIntervalFeaturesFromFPT,ECGDeli 1.1 ExtractIntervalFeaturesFromFPT and published fiducials,false,HIGH,12.0,12.0,0.0,Algorithm reconstructed and validated against published PTB-XL+ row 00513. 238 cells matched at <=1e-6 in forensic reconstruction.
QT_Int_aVR,336,QT_Int,RECONSTRUCTED,ExtractIntervalFeaturesFromFPT,ECGDeli 1.1 ExtractIntervalFeaturesFromFPT and published fiducials,false,HIGH,487.0,487.0,0.0,Algorithm reconstructed and validated against published PTB-XL+ row 00513. 238 cells matched at <=1e-6 in forensic reconstruction.
QT_Int_aVR_iqr,337,QT_Int,RECONSTRUCTED,ExtractIntervalFeaturesFromFPT,ECGDeli 1.1 ExtractIntervalFeaturesFromFPT and published fiducials,false,HIGH,77.5,77.5,0.0,Algorithm reconstructed and validated against published PTB-XL+ row 00513. 238 cells matched at <=1e-6 in forensic reconstruction.
QT_Int_aVR_count,338,QT_Int,RECONSTRUCTED,ExtractIntervalFeaturesFromFPT,ECGDeli 1.1 ExtractIntervalFeaturesFromFPT and published fiducials,false,HIGH,12.0,12.0,0.0,Algorithm reconstructed and validated against published PTB-XL+ row 00513. 238 cells matched at <=1e-6 in forensic reconstruction.
QT_Int_Global,339,QT_Int,RECONSTRUCTED,ExtractIntervalFeaturesFromFPT,ECGDeli 1.1 ExtractIntervalFeaturesFromFPT and published fiducials,false,HIGH,499.0,499.0,0.0,Algorithm reconstructed and validated against published PTB-XL+ row 00513. 238 cells matched at <=1e-6 in forensic reconstruction.
QT_Int_Global_iqr,340,QT_Int,RECONSTRUCTED,ExtractIntervalFeaturesFromFPT,ECGDeli 1.1 ExtractIntervalFeaturesFromFPT and published fiducials,false,HIGH,66.5,66.5,0.0,Algorithm reconstructed and validated against published PTB-XL+ row 00513. 238 cells matched at <=1e-6 in forensic reconstruction.
QT_Int_Global_count,341,QT_Int,RECONSTRUCTED,ExtractIntervalFeaturesFromFPT,ECGDeli 1.1 ExtractIntervalFeaturesFromFPT and published fiducials,false,HIGH,12.0,12.0,0.0,Algorithm reconstructed and validated against published PTB-XL+ row 00513. 238 cells matched at <=1e-6 in forensic reconstruction.
R_Amp_I,342,R_Amp,RECONSTRUCTED,ExtractAmplitudeFeaturesFromFPT,ECGDeli 1.1 ExtractAmplitudeFeaturesFromFPT,false,MEDIUM,1.5990000000000002,1.6,0.0009999999999998899,Public ECGDeli implementation identified. Original author preprocessing and signal-conditioning pipeline not fully recovered.
R_Amp_I_iqr,343,R_Amp,RECONSTRUCTED,ExtractAmplitudeFeaturesFromFPT,ECGDeli 1.1 ExtractAmplitudeFeaturesFromFPT,false,MEDIUM,0.1217499999999998,0.1224999999999998,0.0007500000000000007,Public ECGDeli implementation identified. Original author preprocessing and signal-conditioning pipeline not fully recovered.
R_Amp_I_count,344,R_Amp,RECONSTRUCTED,ExtractAmplitudeFeaturesFromFPT,ECGDeli 1.1 ExtractAmplitudeFeaturesFromFPT,false,MEDIUM,12,12.0,0.0,Public ECGDeli implementation identified. Original author preprocessing and signal-conditioning pipeline not fully recovered.
R_Amp_II,345,R_Amp,RECONSTRUCTED,ExtractAmplitudeFeaturesFromFPT,ECGDeli 1.1 ExtractAmplitudeFeaturesFromFPT,false,MEDIUM,0.9784999999999999,0.975,0.0034999999999999476,Public ECGDeli implementation identified. Original author preprocessing and signal-conditioning pipeline not fully recovered.
R_Amp_II_iqr,346,R_Amp,RECONSTRUCTED,ExtractAmplitudeFeaturesFromFPT,ECGDeli 1.1 ExtractAmplitudeFeaturesFromFPT,false,MEDIUM,0.04375000000000007,0.045,0.0012499999999999317,Public ECGDeli implementation identified. Original author preprocessing and signal-conditioning pipeline not fully recovered.
R_Amp_II_count,347,R_Amp,RECONSTRUCTED,ExtractAmplitudeFeaturesFromFPT,ECGDeli 1.1 ExtractAmplitudeFeaturesFromFPT,false,MEDIUM,12,12.0,0.0,Public ECGDeli implementation identified. Original author preprocessing and signal-conditioning pipeline not fully recovered.
R_Amp_III,348,R_Amp,RECONSTRUCTED,ExtractAmplitudeFeaturesFromFPT,ECGDeli 1.1 ExtractAmplitudeFeaturesFromFPT,false,MEDIUM,-0.7075,-0.71,0.0024999999999999467,Public ECGDeli implementation identified. Original author preprocessing and signal-conditioning pipeline not fully recovered.
R_Amp_III_iqr,349,R_Amp,RECONSTRUCTED,ExtractAmplitudeFeaturesFromFPT,ECGDeli 1.1 ExtractAmplitudeFeaturesFromFPT,false,MEDIUM,0.13249999999999995,0.14,0.007500000000000062,Public ECGDeli implementation identified. Original author preprocessing and signal-conditioning pipeline not fully recovered.
R_Amp_III_count,350,R_Amp,RECONSTRUCTED,ExtractAmplitudeFeaturesFromFPT,ECGDeli 1.1 ExtractAmplitudeFeaturesFromFPT,false,MEDIUM,12,12.0,0.0,Public ECGDeli implementation identified. Original author preprocessing and signal-conditioning pipeline not fully recovered.
R_Amp_V1,351,R_Amp,RECONSTRUCTED,ExtractAmplitudeFeaturesFromFPT,ECGDeli 1.1 ExtractAmplitudeFeaturesFromFPT,false,MEDIUM,-0.9525,-0.955,0.0024999999999999467,Public ECGDeli implementation identified. Original author preprocessing and signal-conditioning pipeline not fully recovered.
R_Amp_V1_iqr,352,R_Amp,RECONSTRUCTED,ExtractAmplitudeFeaturesFromFPT,ECGDeli 1.1 ExtractAmplitudeFeaturesFromFPT,false,MEDIUM,0.11649999999999994,0.1149999999999999,0.001500000000000043,Public ECGDeli implementation identified. Original author preprocessing and signal-conditioning pipeline not fully recovered.
R_Amp_V1_count,353,R_Amp,RECONSTRUCTED,ExtractAmplitudeFeaturesFromFPT,ECGDeli 1.1 ExtractAmplitudeFeaturesFromFPT,false,MEDIUM,12,12.0,0.0,Public ECGDeli implementation identified. Original author preprocessing and signal-conditioning pipeline not fully recovered.
R_Amp_V2,354,R_Amp,RECONSTRUCTED,ExtractAmplitudeFeaturesFromFPT,ECGDeli 1.1 ExtractAmplitudeFeaturesFromFPT,false,MEDIUM,0.8835,0.885,0.0015000000000000568,Public ECGDeli implementation identified. Original author preprocessing and signal-conditioning pipeline not fully recovered.
R_Amp_V2_iqr,355,R_Amp,RECONSTRUCTED,ExtractAmplitudeFeaturesFromFPT,ECGDeli 1.1 ExtractAmplitudeFeaturesFromFPT,false,MEDIUM,0.07250000000000001,0.075,0.0024999999999999883,Public ECGDeli implementation identified. Original author preprocessing and signal-conditioning pipeline not fully recovered.
R_Amp_V2_count,356,R_Amp,RECONSTRUCTED,ExtractAmplitudeFeaturesFromFPT,ECGDeli 1.1 ExtractAmplitudeFeaturesFromFPT,false,MEDIUM,12,12.0,0.0,Public ECGDeli implementation identified. Original author preprocessing and signal-conditioning pipeline not fully recovered.
R_Amp_V3,357,R_Amp,RECONSTRUCTED,ExtractAmplitudeFeaturesFromFPT,ECGDeli 1.1 ExtractAmplitudeFeaturesFromFPT,false,MEDIUM,1.681,1.68,0.001000000000000112,Public ECGDeli implementation identified. Original author preprocessing and signal-conditioning pipeline not fully recovered.
R_Amp_V3_iqr,358,R_Amp,RECONSTRUCTED,ExtractAmplitudeFeaturesFromFPT,ECGDeli 1.1 ExtractAmplitudeFeaturesFromFPT,false,MEDIUM,0.10150000000000015,0.0949999999999999,0.006500000000000242,Public ECGDeli implementation identified. Original author preprocessing and signal-conditioning pipeline not fully recovered.
R_Amp_V3_count,359,R_Amp,RECONSTRUCTED,ExtractAmplitudeFeaturesFromFPT,ECGDeli 1.1 ExtractAmplitudeFeaturesFromFPT,false,MEDIUM,12,12.0,0.0,Public ECGDeli implementation identified. Original author preprocessing and signal-conditioning pipeline not fully recovered.
R_Amp_V4,360,R_Amp,RECONSTRUCTED,ExtractAmplitudeFeaturesFromFPT,ECGDeli 1.1 ExtractAmplitudeFeaturesFromFPT,false,MEDIUM,1.8395000000000001,1.835,0.0045000000000001705,Public ECGDeli implementation identified. Original author preprocessing and signal-conditioning pipeline not fully recovered.
R_Amp_V4_iqr,361,R_Amp,RECONSTRUCTED,ExtractAmplitudeFeaturesFromFPT,ECGDeli 1.1 ExtractAmplitudeFeaturesFromFPT,false,MEDIUM,0.15549999999999997,0.1624999999999998,0.00699999999999984,Public ECGDeli implementation identified. Original author preprocessing and signal-conditioning pipeline not fully recovered.
R_Amp_V4_count,362,R_Amp,RECONSTRUCTED,ExtractAmplitudeFeaturesFromFPT,ECGDeli 1.1 ExtractAmplitudeFeaturesFromFPT,false,MEDIUM,12,12.0,0.0,Public ECGDeli implementation identified. Original author preprocessing and signal-conditioning pipeline not fully recovered.
R_Amp_V5,363,R_Amp,RECONSTRUCTED,ExtractAmplitudeFeaturesFromFPT,ECGDeli 1.1 ExtractAmplitudeFeaturesFromFPT,false,MEDIUM,1.5985,1.6,0.0015000000000000568,Public ECGDeli implementation identified. Original author preprocessing and signal-conditioning pipeline not fully recovered.
R_Amp_V5_iqr,364,R_Amp,RECONSTRUCTED,ExtractAmplitudeFeaturesFromFPT,ECGDeli 1.1 ExtractAmplitudeFeaturesFromFPT,false,MEDIUM,0.07124999999999981,0.0749999999999997,0.0037499999999998923,Public ECGDeli implementation identified. Original author preprocessing and signal-conditioning pipeline not fully recovered.
R_Amp_V5_count,365,R_Amp,RECONSTRUCTED,ExtractAmplitudeFeaturesFromFPT,ECGDeli 1.1 ExtractAmplitudeFeaturesFromFPT,false,MEDIUM,12,12.0,0.0,Public ECGDeli implementation identified. Original author preprocessing and signal-conditioning pipeline not fully recovered.
R_Amp_V6,366,R_Amp,RECONSTRUCTED,ExtractAmplitudeFeaturesFromFPT,ECGDeli 1.1 ExtractAmplitudeFeaturesFromFPT,false,MEDIUM,1.172,1.17,0.0020000000000000018,Public ECGDeli implementation identified. Original author preprocessing and signal-conditioning pipeline not fully recovered.
R_Amp_V6_iqr,367,R_Amp,RECONSTRUCTED,ExtractAmplitudeFeaturesFromFPT,ECGDeli 1.1 ExtractAmplitudeFeaturesFromFPT,false,MEDIUM,0.052000000000000046,0.0524999999999999,0.0004999999999998547,Public ECGDeli implementation identified. Original author preprocessing and signal-conditioning pipeline not fully recovered.
R_Amp_V6_count,368,R_Amp,RECONSTRUCTED,ExtractAmplitudeFeaturesFromFPT,ECGDeli 1.1 ExtractAmplitudeFeaturesFromFPT,false,MEDIUM,12,12.0,0.0,Public ECGDeli implementation identified. Original author preprocessing and signal-conditioning pipeline not fully recovered.
R_Amp_aVF,369,R_Amp,RECONSTRUCTED,ExtractAmplitudeFeaturesFromFPT,ECGDeli 1.1 ExtractAmplitudeFeaturesFromFPT,false,MEDIUM,0.2525,0.255,0.0025000000000000022,Public ECGDeli implementation identified. Original author preprocessing and signal-conditioning pipeline not fully recovered.
R_Amp_aVF_iqr,370,R_Amp,RECONSTRUCTED,ExtractAmplitudeFeaturesFromFPT,ECGDeli 1.1 ExtractAmplitudeFeaturesFromFPT,false,MEDIUM,0.08924999999999997,0.09,0.0007500000000000284,Public ECGDeli implementation identified. Original author preprocessing and signal-conditioning pipeline not fully recovered.
R_Amp_aVF_count,371,R_Amp,RECONSTRUCTED,ExtractAmplitudeFeaturesFromFPT,ECGDeli 1.1 ExtractAmplitudeFeaturesFromFPT,false,MEDIUM,12,12.0,0.0,Public ECGDeli implementation identified. Original author preprocessing and signal-conditioning pipeline not fully recovered.
R_Amp_aVL,372,R_Amp,RECONSTRUCTED,ExtractAmplitudeFeaturesFromFPT,ECGDeli 1.1 ExtractAmplitudeFeaturesFromFPT,false,MEDIUM,1.1495,1.15,0.0004999999999999449,Public ECGDeli implementation identified. Original author preprocessing and signal-conditioning pipeline not fully recovered.
R_Amp_aVL_iqr,373,R_Amp,RECONSTRUCTED,ExtractAmplitudeFeaturesFromFPT,ECGDeli 1.1 ExtractAmplitudeFeaturesFromFPT,false,MEDIUM,0.15174999999999983,0.1549999999999998,0.003249999999999975,Public ECGDeli implementation identified. Original author preprocessing and signal-conditioning pipeline not fully recovered.
R_Amp_aVL_count,374,R_Amp,RECONSTRUCTED,ExtractAmplitudeFeaturesFromFPT,ECGDeli 1.1 ExtractAmplitudeFeaturesFromFPT,false,MEDIUM,12,12.0,0.0,Public ECGDeli implementation identified. Original author preprocessing and signal-conditioning pipeline not fully recovered.
R_Amp_aVR,375,R_Amp,RECONSTRUCTED,ExtractAmplitudeFeaturesFromFPT,ECGDeli 1.1 ExtractAmplitudeFeaturesFromFPT,false,MEDIUM,-1.3010000000000002,-1.3,0.001000000000000112,Public ECGDeli implementation identified. Original author preprocessing and signal-conditioning pipeline not fully recovered.
R_Amp_aVR_iqr,376,R_Amp,RECONSTRUCTED,ExtractAmplitudeFeaturesFromFPT,ECGDeli 1.1 ExtractAmplitudeFeaturesFromFPT,false,MEDIUM,0.09274999999999989,0.09,0.0027499999999998914,Public ECGDeli implementation identified. Original author preprocessing and signal-conditioning pipeline not fully recovered.
R_Amp_aVR_count,377,R_Amp,RECONSTRUCTED,ExtractAmplitudeFeaturesFromFPT,ECGDeli 1.1 ExtractAmplitudeFeaturesFromFPT,false,MEDIUM,12,12.0,0.0,Public ECGDeli implementation identified. Original author preprocessing and signal-conditioning pipeline not fully recovered.
RR_Mean_Global,378,RR_Mean,RECONSTRUCTED,ExtractIntervalFeaturesFromFPT,ECGDeli 1.1 ExtractIntervalFeaturesFromFPT and published fiducials,false,HIGH,862.0,862.0,0.0,Algorithm reconstructed and validated against published PTB-XL+ row 00513. 238 cells matched at <=1e-6 in forensic reconstruction.
RR_Mean_Global_iqr,379,RR_Mean,RECONSTRUCTED,ExtractIntervalFeaturesFromFPT,ECGDeli 1.1 ExtractIntervalFeaturesFromFPT and published fiducials,false,HIGH,37.0,37.0,0.0,Algorithm reconstructed and validated against published PTB-XL+ row 00513. 238 cells matched at <=1e-6 in forensic reconstruction.
RR_Mean_Global_count,380,RR_Mean,RECONSTRUCTED,ExtractIntervalFeaturesFromFPT,ECGDeli 1.1 ExtractIntervalFeaturesFromFPT and published fiducials,false,HIGH,11.0,11.0,0.0,Algorithm reconstructed and validated against published PTB-XL+ row 00513. 238 cells matched at <=1e-6 in forensic reconstruction.
S_Amp_I,381,S_Amp,RECONSTRUCTED,ExtractAmplitudeFeaturesFromFPT,ECGDeli 1.1 ExtractAmplitudeFeaturesFromFPT,false,MEDIUM,-0.12,-0.12,0.0,Public ECGDeli implementation identified. Original author preprocessing and signal-conditioning pipeline not fully recovered.
S_Amp_I_iqr,382,S_Amp,RECONSTRUCTED,ExtractAmplitudeFeaturesFromFPT,ECGDeli 1.1 ExtractAmplitudeFeaturesFromFPT,false,MEDIUM,0.0505,0.0525,0.001999999999999995,Public ECGDeli implementation identified. Original author preprocessing and signal-conditioning pipeline not fully recovered.
S_Amp_I_count,383,S_Amp,RECONSTRUCTED,ExtractAmplitudeFeaturesFromFPT,ECGDeli 1.1 ExtractAmplitudeFeaturesFromFPT,false,MEDIUM,12,12.0,0.0,Public ECGDeli implementation identified. Original author preprocessing and signal-conditioning pipeline not fully recovered.
S_Amp_II,384,S_Amp,RECONSTRUCTED,ExtractAmplitudeFeaturesFromFPT,ECGDeli 1.1 ExtractAmplitudeFeaturesFromFPT,false,MEDIUM,-0.0815,-0.0849999999999999,0.003499999999999892,Public ECGDeli implementation identified. Original author preprocessing and signal-conditioning pipeline not fully recovered.
S_Amp_II_iqr,385,S_Amp,RECONSTRUCTED,ExtractAmplitudeFeaturesFromFPT,ECGDeli 1.1 ExtractAmplitudeFeaturesFromFPT,false,MEDIUM,0.031,0.0375,0.006499999999999999,Public ECGDeli implementation identified. Original author preprocessing and signal-conditioning pipeline not fully recovered.
S_Amp_II_count,386,S_Amp,RECONSTRUCTED,ExtractAmplitudeFeaturesFromFPT,ECGDeli 1.1 ExtractAmplitudeFeaturesFromFPT,false,MEDIUM,12,12.0,0.0,Public ECGDeli implementation identified. Original author preprocessing and signal-conditioning pipeline not fully recovered.
S_Amp_III,387,S_Amp,RECONSTRUCTED,ExtractAmplitudeFeaturesFromFPT,ECGDeli 1.1 ExtractAmplitudeFeaturesFromFPT,false,MEDIUM,-0.0225,-0.02,0.0024999999999999988,Public ECGDeli implementation identified. Original author preprocessing and signal-conditioning pipeline not fully recovered.
S_Amp_III_iqr,388,S_Amp,RECONSTRUCTED,ExtractAmplitudeFeaturesFromFPT,ECGDeli 1.1 ExtractAmplitudeFeaturesFromFPT,false,MEDIUM,0.09525,0.09,0.005250000000000005,Public ECGDeli implementation identified. Original author preprocessing and signal-conditioning pipeline not fully recovered.
S_Amp_III_count,389,S_Amp,RECONSTRUCTED,ExtractAmplitudeFeaturesFromFPT,ECGDeli 1.1 ExtractAmplitudeFeaturesFromFPT,false,MEDIUM,12,12.0,0.0,Public ECGDeli implementation identified. Original author preprocessing and signal-conditioning pipeline not fully recovered.
S_Amp_V1,390,S_Amp,RECONSTRUCTED,ExtractAmplitudeFeaturesFromFPT,ECGDeli 1.1 ExtractAmplitudeFeaturesFromFPT,false,MEDIUM,0.018000000000000002,0.02,0.0019999999999999983,Public ECGDeli implementation identified. Original author preprocessing and signal-conditioning pipeline not fully recovered.
S_Amp_V1_iqr,391,S_Amp,RECONSTRUCTED,ExtractAmplitudeFeaturesFromFPT,ECGDeli 1.1 ExtractAmplitudeFeaturesFromFPT,false,MEDIUM,0.025750000000000002,0.025,0.0007500000000000007,Public ECGDeli implementation identified. Original author preprocessing and signal-conditioning pipeline not fully recovered.
S_Amp_V1_count,392,S_Amp,RECONSTRUCTED,ExtractAmplitudeFeaturesFromFPT,ECGDeli 1.1 ExtractAmplitudeFeaturesFromFPT,false,MEDIUM,12,12.0,0.0,Public ECGDeli implementation identified. Original author preprocessing and signal-conditioning pipeline not fully recovered.
S_Amp_V2,393,S_Amp,RECONSTRUCTED,ExtractAmplitudeFeaturesFromFPT,ECGDeli 1.1 ExtractAmplitudeFeaturesFromFPT,false,MEDIUM,-0.7335,-0.735,0.0014999999999999458,Public ECGDeli implementation identified. Original author preprocessing and signal-conditioning pipeline not fully recovered.
S_Amp_V2_iqr,394,S_Amp,RECONSTRUCTED,ExtractAmplitudeFeaturesFromFPT,ECGDeli 1.1 ExtractAmplitudeFeaturesFromFPT,false,MEDIUM,0.05499999999999994,0.05,0.004999999999999935,Public ECGDeli implementation identified. Original author preprocessing and signal-conditioning pipeline not fully recovered.
S_Amp_V2_count,395,S_Amp,RECONSTRUCTED,ExtractAmplitudeFeaturesFromFPT,ECGDeli 1.1 ExtractAmplitudeFeaturesFromFPT,false,MEDIUM,12,12.0,0.0,Public ECGDeli implementation identified. Original author preprocessing and signal-conditioning pipeline not fully recovered.
S_Amp_V3,396,S_Amp,RECONSTRUCTED,ExtractAmplitudeFeaturesFromFPT,ECGDeli 1.1 ExtractAmplitudeFeaturesFromFPT,false,MEDIUM,-0.323,-0.325,0.0020000000000000018,Public ECGDeli implementation identified. Original author preprocessing and signal-conditioning pipeline not fully recovered.
S_Amp_V3_iqr,397,S_Amp,RECONSTRUCTED,ExtractAmplitudeFeaturesFromFPT,ECGDeli 1.1 ExtractAmplitudeFeaturesFromFPT,false,MEDIUM,0.05924999999999997,0.0575,0.0017499999999999669,Public ECGDeli implementation identified. Original author preprocessing and signal-conditioning pipeline not fully recovered.
S_Amp_V3_count,398,S_Amp,RECONSTRUCTED,ExtractAmplitudeFeaturesFromFPT,ECGDeli 1.1 ExtractAmplitudeFeaturesFromFPT,false,MEDIUM,12,12.0,0.0,Public ECGDeli implementation identified. Original author preprocessing and signal-conditioning pipeline not fully recovered.
S_Amp_V4,399,S_Amp,RECONSTRUCTED,ExtractAmplitudeFeaturesFromFPT,ECGDeli 1.1 ExtractAmplitudeFeaturesFromFPT,false,MEDIUM,-0.1285,-0.13,0.0015000000000000013,Public ECGDeli implementation identified. Original author preprocessing and signal-conditioning pipeline not fully recovered.
S_Amp_V4_iqr,400,S_Amp,RECONSTRUCTED,ExtractAmplitudeFeaturesFromFPT,ECGDeli 1.1 ExtractAmplitudeFeaturesFromFPT,false,MEDIUM,0.026249999999999996,0.03,0.0037500000000000033,Public ECGDeli implementation identified. Original author preprocessing and signal-conditioning pipeline not fully recovered.
S_Amp_V4_count,401,S_Amp,RECONSTRUCTED,ExtractAmplitudeFeaturesFromFPT,ECGDeli 1.1 ExtractAmplitudeFeaturesFromFPT,false,MEDIUM,12,12.0,0.0,Public ECGDeli implementation identified. Original author preprocessing and signal-conditioning pipeline not fully recovered.
S_Amp_V5,402,S_Amp,RECONSTRUCTED,ExtractAmplitudeFeaturesFromFPT,ECGDeli 1.1 ExtractAmplitudeFeaturesFromFPT,false,MEDIUM,-0.061,-0.065,0.0040000000000000036,Public ECGDeli implementation identified. Original author preprocessing and signal-conditioning pipeline not fully recovered.
S_Amp_V5_iqr,403,S_Amp,RECONSTRUCTED,ExtractAmplitudeFeaturesFromFPT,ECGDeli 1.1 ExtractAmplitudeFeaturesFromFPT,false,MEDIUM,0.0375,0.04,0.0025000000000000022,Public ECGDeli implementation identified. Original author preprocessing and signal-conditioning pipeline not fully recovered.
S_Amp_V5_count,404,S_Amp,RECONSTRUCTED,ExtractAmplitudeFeaturesFromFPT,ECGDeli 1.1 ExtractAmplitudeFeaturesFromFPT,false,MEDIUM,12,12.0,0.0,Public ECGDeli implementation identified. Original author preprocessing and signal-conditioning pipeline not fully recovered.
S_Amp_V6,405,S_Amp,RECONSTRUCTED,ExtractAmplitudeFeaturesFromFPT,ECGDeli 1.1 ExtractAmplitudeFeaturesFromFPT,false,MEDIUM,-0.086,-0.09,0.0040000000000000036,Public ECGDeli implementation identified. Original author preprocessing and signal-conditioning pipeline not fully recovered.
S_Amp_V6_iqr,406,S_Amp,RECONSTRUCTED,ExtractAmplitudeFeaturesFromFPT,ECGDeli 1.1 ExtractAmplitudeFeaturesFromFPT,false,MEDIUM,0.0675,0.0625,0.0050000000000000044,Public ECGDeli implementation identified. Original author preprocessing and signal-conditioning pipeline not fully recovered.
S_Amp_V6_count,407,S_Amp,RECONSTRUCTED,ExtractAmplitudeFeaturesFromFPT,ECGDeli 1.1 ExtractAmplitudeFeaturesFromFPT,false,MEDIUM,12,12.0,0.0,Public ECGDeli implementation identified. Original author preprocessing and signal-conditioning pipeline not fully recovered.
S_Amp_aVF,408,S_Amp,RECONSTRUCTED,ExtractAmplitudeFeaturesFromFPT,ECGDeli 1.1 ExtractAmplitudeFeaturesFromFPT,false,MEDIUM,-0.0635,-0.065,0.0015000000000000013,Public ECGDeli implementation identified. Original author preprocessing and signal-conditioning pipeline not fully recovered.
S_Amp_aVF_iqr,409,S_Amp,RECONSTRUCTED,ExtractAmplitudeFeaturesFromFPT,ECGDeli 1.1 ExtractAmplitudeFeaturesFromFPT,false,MEDIUM,0.029250000000000005,0.0275,0.001750000000000005,Public ECGDeli implementation identified. Original author preprocessing and signal-conditioning pipeline not fully recovered.
S_Amp_aVF_count,410,S_Amp,RECONSTRUCTED,ExtractAmplitudeFeaturesFromFPT,ECGDeli 1.1 ExtractAmplitudeFeaturesFromFPT,false,MEDIUM,12,12.0,0.0,Public ECGDeli implementation identified. Original author preprocessing and signal-conditioning pipeline not fully recovered.
S_Amp_aVL,411,S_Amp,RECONSTRUCTED,ExtractAmplitudeFeaturesFromFPT,ECGDeli 1.1 ExtractAmplitudeFeaturesFromFPT,false,MEDIUM,-0.07250000000000001,-0.07,0.0025000000000000022,Public ECGDeli implementation identified. Original author preprocessing and signal-conditioning pipeline not fully recovered.
S_Amp_aVL_iqr,412,S_Amp,RECONSTRUCTED,ExtractAmplitudeFeaturesFromFPT,ECGDeli 1.1 ExtractAmplitudeFeaturesFromFPT,false,MEDIUM,0.073,0.0699999999999999,0.0030000000000001,Public ECGDeli implementation identified. Original author preprocessing and signal-conditioning pipeline not fully recovered.
S_Amp_aVL_count,413,S_Amp,RECONSTRUCTED,ExtractAmplitudeFeaturesFromFPT,ECGDeli 1.1 ExtractAmplitudeFeaturesFromFPT,false,MEDIUM,12,12.0,0.0,Public ECGDeli implementation identified. Original author preprocessing and signal-conditioning pipeline not fully recovered.
S_Amp_aVR,414,S_Amp,RECONSTRUCTED,ExtractAmplitudeFeaturesFromFPT,ECGDeli 1.1 ExtractAmplitudeFeaturesFromFPT,false,MEDIUM,0.07050000000000001,0.07,0.0005000000000000004,Public ECGDeli implementation identified. Original author preprocessing and signal-conditioning pipeline not fully recovered.
S_Amp_aVR_iqr,415,S_Amp,RECONSTRUCTED,ExtractAmplitudeFeaturesFromFPT,ECGDeli 1.1 ExtractAmplitudeFeaturesFromFPT,false,MEDIUM,0.036000000000000004,0.035,0.0010000000000000009,Public ECGDeli implementation identified. Original author preprocessing and signal-conditioning pipeline not fully recovered.
S_Amp_aVR_count,416,S_Amp,RECONSTRUCTED,ExtractAmplitudeFeaturesFromFPT,ECGDeli 1.1 ExtractAmplitudeFeaturesFromFPT,false,MEDIUM,12,12.0,0.0,Public ECGDeli implementation identified. Original author preprocessing and signal-conditioning pipeline not fully recovered.
ST_Elev_I,417,ST_Elev,UNKNOWN,none,feature dictionary name STc_X; no public ECGDeli 1.1 function,false,UNKNOWN,,-0.355,,STc_X is named in the feature dictionary. The original algorithm was not found. ECGDeli 1.1 does not expose a corresponding public feature function. Attempted raw and fiducial reconstructions did not reproduce the published values.
ST_Elev_I_iqr,418,ST_Elev,UNKNOWN,none,feature dictionary name STc_X; no public ECGDeli 1.1 function,false,UNKNOWN,,0.085,,STc_X is named in the feature dictionary. The original algorithm was not found. ECGDeli 1.1 does not expose a corresponding public feature function. Attempted raw and fiducial reconstructions did not reproduce the published values.
ST_Elev_I_count,419,ST_Elev,UNKNOWN,none,feature dictionary name STc_X; no public ECGDeli 1.1 function,false,UNKNOWN,,12.0,,STc_X is named in the feature dictionary. The original algorithm was not found. ECGDeli 1.1 does not expose a corresponding public feature function. Attempted raw and fiducial reconstructions did not reproduce the published values.
ST_Elev_II,420,ST_Elev,UNKNOWN,none,feature dictionary name STc_X; no public ECGDeli 1.1 function,false,UNKNOWN,,-0.71,,STc_X is named in the feature dictionary. The original algorithm was not found. ECGDeli 1.1 does not expose a corresponding public feature function. Attempted raw and fiducial reconstructions did not reproduce the published values.
ST_Elev_II_iqr,421,ST_Elev,UNKNOWN,none,feature dictionary name STc_X; no public ECGDeli 1.1 function,false,UNKNOWN,,0.0949999999999999,,STc_X is named in the feature dictionary. The original algorithm was not found. ECGDeli 1.1 does not expose a corresponding public feature function. Attempted raw and fiducial reconstructions did not reproduce the published values.
ST_Elev_II_count,422,ST_Elev,UNKNOWN,none,feature dictionary name STc_X; no public ECGDeli 1.1 function,false,UNKNOWN,,12.0,,STc_X is named in the feature dictionary. The original algorithm was not found. ECGDeli 1.1 does not expose a corresponding public feature function. Attempted raw and fiducial reconstructions did not reproduce the published values.
ST_Elev_III,423,ST_Elev,UNKNOWN,none,feature dictionary name STc_X; no public ECGDeli 1.1 function,false,UNKNOWN,,-0.165,,STc_X is named in the feature dictionary. The original algorithm was not found. ECGDeli 1.1 does not expose a corresponding public feature function. Attempted raw and fiducial reconstructions did not reproduce the published values.
ST_Elev_III_iqr,424,ST_Elev,UNKNOWN,none,feature dictionary name STc_X; no public ECGDeli 1.1 function,false,UNKNOWN,,0.08,,STc_X is named in the feature dictionary. The original algorithm was not found. ECGDeli 1.1 does not expose a corresponding public feature function. Attempted raw and fiducial reconstructions did not reproduce the published values.
ST_Elev_III_count,425,ST_Elev,UNKNOWN,none,feature dictionary name STc_X; no public ECGDeli 1.1 function,false,UNKNOWN,,12.0,,STc_X is named in the feature dictionary. The original algorithm was not found. ECGDeli 1.1 does not expose a corresponding public feature function. Attempted raw and fiducial reconstructions did not reproduce the published values.
ST_Elev_V1,426,ST_Elev,UNKNOWN,none,feature dictionary name STc_X; no public ECGDeli 1.1 function,false,UNKNOWN,,0.315,,STc_X is named in the feature dictionary. The original algorithm was not found. ECGDeli 1.1 does not expose a corresponding public feature function. Attempted raw and fiducial reconstructions did not reproduce the published values.
ST_Elev_V1_iqr,427,ST_Elev,UNKNOWN,none,feature dictionary name STc_X; no public ECGDeli 1.1 function,false,UNKNOWN,,0.0824999999999999,,STc_X is named in the feature dictionary. The original algorithm was not found. ECGDeli 1.1 does not expose a corresponding public feature function. Attempted raw and fiducial reconstructions did not reproduce the published values.
ST_Elev_V1_count,428,ST_Elev,UNKNOWN,none,feature dictionary name STc_X; no public ECGDeli 1.1 function,false,UNKNOWN,,12.0,,STc_X is named in the feature dictionary. The original algorithm was not found. ECGDeli 1.1 does not expose a corresponding public feature function. Attempted raw and fiducial reconstructions did not reproduce the published values.
ST_Elev_V2,429,ST_Elev,UNKNOWN,none,feature dictionary name STc_X; no public ECGDeli 1.1 function,false,UNKNOWN,,0.045,,STc_X is named in the feature dictionary. The original algorithm was not found. ECGDeli 1.1 does not expose a corresponding public feature function. Attempted raw and fiducial reconstructions did not reproduce the published values.
ST_Elev_V2_iqr,430,ST_Elev,UNKNOWN,none,feature dictionary name STc_X; no public ECGDeli 1.1 function,false,UNKNOWN,,0.055,,STc_X is named in the feature dictionary. The original algorithm was not found. ECGDeli 1.1 does not expose a corresponding public feature function. Attempted raw and fiducial reconstructions did not reproduce the published values.
ST_Elev_V2_count,431,ST_Elev,UNKNOWN,none,feature dictionary name STc_X; no public ECGDeli 1.1 function,false,UNKNOWN,,12.0,,STc_X is named in the feature dictionary. The original algorithm was not found. ECGDeli 1.1 does not expose a corresponding public feature function. Attempted raw and fiducial reconstructions did not reproduce the published values.
ST_Elev_V3,432,ST_Elev,UNKNOWN,none,feature dictionary name STc_X; no public ECGDeli 1.1 function,false,UNKNOWN,,-0.175,,STc_X is named in the feature dictionary. The original algorithm was not found. ECGDeli 1.1 does not expose a corresponding public feature function. Attempted raw and fiducial reconstructions did not reproduce the published values.
ST_Elev_V3_iqr,433,ST_Elev,UNKNOWN,none,feature dictionary name STc_X; no public ECGDeli 1.1 function,false,UNKNOWN,,0.06,,STc_X is named in the feature dictionary. The original algorithm was not found. ECGDeli 1.1 does not expose a corresponding public feature function. Attempted raw and fiducial reconstructions did not reproduce the published values.
ST_Elev_V3_count,434,ST_Elev,UNKNOWN,none,feature dictionary name STc_X; no public ECGDeli 1.1 function,false,UNKNOWN,,12.0,,STc_X is named in the feature dictionary. The original algorithm was not found. ECGDeli 1.1 does not expose a corresponding public feature function. Attempted raw and fiducial reconstructions did not reproduce the published values.
ST_Elev_V4,435,ST_Elev,UNKNOWN,none,feature dictionary name STc_X; no public ECGDeli 1.1 function,false,UNKNOWN,,-0.58,,STc_X is named in the feature dictionary. The original algorithm was not found. ECGDeli 1.1 does not expose a corresponding public feature function. Attempted raw and fiducial reconstructions did not reproduce the published values.
ST_Elev_V4_iqr,436,ST_Elev,UNKNOWN,none,feature dictionary name STc_X; no public ECGDeli 1.1 function,false,UNKNOWN,,0.1149999999999998,,STc_X is named in the feature dictionary. The original algorithm was not found. ECGDeli 1.1 does not expose a corresponding public feature function. Attempted raw and fiducial reconstructions did not reproduce the published values.
ST_Elev_V4_count,437,ST_Elev,UNKNOWN,none,feature dictionary name STc_X; no public ECGDeli 1.1 function,false,UNKNOWN,,12.0,,STc_X is named in the feature dictionary. The original algorithm was not found. ECGDeli 1.1 does not expose a corresponding public feature function. Attempted raw and fiducial reconstructions did not reproduce the published values.
ST_Elev_V5,438,ST_Elev,UNKNOWN,none,feature dictionary name STc_X; no public ECGDeli 1.1 function,false,UNKNOWN,,-0.89,,STc_X is named in the feature dictionary. The original algorithm was not found. ECGDeli 1.1 does not expose a corresponding public feature function. Attempted raw and fiducial reconstructions did not reproduce the published values.
ST_Elev_V5_iqr,439,ST_Elev,UNKNOWN,none,feature dictionary name STc_X; no public ECGDeli 1.1 function,false,UNKNOWN,,0.1224999999999999,,STc_X is named in the feature dictionary. The original algorithm was not found. ECGDeli 1.1 does not expose a corresponding public feature function. Attempted raw and fiducial reconstructions did not reproduce the published values.
ST_Elev_V5_count,440,ST_Elev,UNKNOWN,none,feature dictionary name STc_X; no public ECGDeli 1.1 function,false,UNKNOWN,,12.0,,STc_X is named in the feature dictionary. The original algorithm was not found. ECGDeli 1.1 does not expose a corresponding public feature function. Attempted raw and fiducial reconstructions did not reproduce the published values.
ST_Elev_V6,441,ST_Elev,UNKNOWN,none,feature dictionary name STc_X; no public ECGDeli 1.1 function,false,UNKNOWN,,-0.76,,STc_X is named in the feature dictionary. The original algorithm was not found. ECGDeli 1.1 does not expose a corresponding public feature function. Attempted raw and fiducial reconstructions did not reproduce the published values.
ST_Elev_V6_iqr,442,ST_Elev,UNKNOWN,none,feature dictionary name STc_X; no public ECGDeli 1.1 function,false,UNKNOWN,,0.1999999999999999,,STc_X is named in the feature dictionary. The original algorithm was not found. ECGDeli 1.1 does not expose a corresponding public feature function. Attempted raw and fiducial reconstructions did not reproduce the published values.
ST_Elev_V6_count,443,ST_Elev,UNKNOWN,none,feature dictionary name STc_X; no public ECGDeli 1.1 function,false,UNKNOWN,,12.0,,STc_X is named in the feature dictionary. The original algorithm was not found. ECGDeli 1.1 does not expose a corresponding public feature function. Attempted raw and fiducial reconstructions did not reproduce the published values.
ST_Elev_aVF,444,ST_Elev,UNKNOWN,none,feature dictionary name STc_X; no public ECGDeli 1.1 function,false,UNKNOWN,,-0.42,,STc_X is named in the feature dictionary. The original algorithm was not found. ECGDeli 1.1 does not expose a corresponding public feature function. Attempted raw and fiducial reconstructions did not reproduce the published values.
ST_Elev_aVF_iqr,445,ST_Elev,UNKNOWN,none,feature dictionary name STc_X; no public ECGDeli 1.1 function,false,UNKNOWN,,0.1099999999999999,,STc_X is named in the feature dictionary. The original algorithm was not found. ECGDeli 1.1 does not expose a corresponding public feature function. Attempted raw and fiducial reconstructions did not reproduce the published values.
ST_Elev_aVF_count,446,ST_Elev,UNKNOWN,none,feature dictionary name STc_X; no public ECGDeli 1.1 function,false,UNKNOWN,,12.0,,STc_X is named in the feature dictionary. The original algorithm was not found. ECGDeli 1.1 does not expose a corresponding public feature function. Attempted raw and fiducial reconstructions did not reproduce the published values.
ST_Elev_aVL,447,ST_Elev,UNKNOWN,none,feature dictionary name STc_X; no public ECGDeli 1.1 function,false,UNKNOWN,,-0.09,,STc_X is named in the feature dictionary. The original algorithm was not found. ECGDeli 1.1 does not expose a corresponding public feature function. Attempted raw and fiducial reconstructions did not reproduce the published values.
ST_Elev_aVL_iqr,448,ST_Elev,UNKNOWN,none,feature dictionary name STc_X; no public ECGDeli 1.1 function,false,UNKNOWN,,0.0975,,STc_X is named in the feature dictionary. The original algorithm was not found. ECGDeli 1.1 does not expose a corresponding public feature function. Attempted raw and fiducial reconstructions did not reproduce the published values.
ST_Elev_aVL_count,449,ST_Elev,UNKNOWN,none,feature dictionary name STc_X; no public ECGDeli 1.1 function,false,UNKNOWN,,12.0,,STc_X is named in the feature dictionary. The original algorithm was not found. ECGDeli 1.1 does not expose a corresponding public feature function. Attempted raw and fiducial reconstructions did not reproduce the published values.
ST_Elev_aVR,450,ST_Elev,UNKNOWN,none,feature dictionary name STc_X; no public ECGDeli 1.1 function,false,UNKNOWN,,0.605,,STc_X is named in the feature dictionary. The original algorithm was not found. ECGDeli 1.1 does not expose a corresponding public feature function. Attempted raw and fiducial reconstructions did not reproduce the published values.
ST_Elev_aVR_iqr,451,ST_Elev,UNKNOWN,none,feature dictionary name STc_X; no public ECGDeli 1.1 function,false,UNKNOWN,,0.1149999999999999,,STc_X is named in the feature dictionary. The original algorithm was not found. ECGDeli 1.1 does not expose a corresponding public feature function. Attempted raw and fiducial reconstructions did not reproduce the published values.
ST_Elev_aVR_count,452,ST_Elev,UNKNOWN,none,feature dictionary name STc_X; no public ECGDeli 1.1 function,false,UNKNOWN,,12.0,,STc_X is named in the feature dictionary. The original algorithm was not found. ECGDeli 1.1 does not expose a corresponding public feature function. Attempted raw and fiducial reconstructions did not reproduce the published values.
T_Amp_I,453,T_Amp,RECONSTRUCTED,ExtractAmplitudeFeaturesFromFPT,ECGDeli 1.1 ExtractAmplitudeFeaturesFromFPT,false,MEDIUM,0.066,0.065,0.0010000000000000009,Public ECGDeli implementation identified. Original author preprocessing and signal-conditioning pipeline not fully recovered.
T_Amp_I_iqr,454,T_Amp,RECONSTRUCTED,ExtractAmplitudeFeaturesFromFPT,ECGDeli 1.1 ExtractAmplitudeFeaturesFromFPT,false,MEDIUM,0.03075,0.03,0.0007500000000000007,Public ECGDeli implementation identified. Original author preprocessing and signal-conditioning pipeline not fully recovered.
T_Amp_I_count,455,T_Amp,RECONSTRUCTED,ExtractAmplitudeFeaturesFromFPT,ECGDeli 1.1 ExtractAmplitudeFeaturesFromFPT,false,MEDIUM,12,12.0,0.0,Public ECGDeli implementation identified. Original author preprocessing and signal-conditioning pipeline not fully recovered.
T_Amp_II,456,T_Amp,RECONSTRUCTED,ExtractAmplitudeFeaturesFromFPT,ECGDeli 1.1 ExtractAmplitudeFeaturesFromFPT,false,MEDIUM,-0.1015,-0.1,0.0015000000000000013,Public ECGDeli implementation identified. Original author preprocessing and signal-conditioning pipeline not fully recovered.
T_Amp_II_iqr,457,T_Amp,RECONSTRUCTED,ExtractAmplitudeFeaturesFromFPT,ECGDeli 1.1 ExtractAmplitudeFeaturesFromFPT,false,MEDIUM,0.028749999999999998,0.025,0.0037499999999999964,Public ECGDeli implementation identified. Original author preprocessing and signal-conditioning pipeline not fully recovered.
T_Amp_II_count,458,T_Amp,RECONSTRUCTED,ExtractAmplitudeFeaturesFromFPT,ECGDeli 1.1 ExtractAmplitudeFeaturesFromFPT,false,MEDIUM,12,12.0,0.0,Public ECGDeli implementation identified. Original author preprocessing and signal-conditioning pipeline not fully recovered.
T_Amp_III,459,T_Amp,RECONSTRUCTED,ExtractAmplitudeFeaturesFromFPT,ECGDeli 1.1 ExtractAmplitudeFeaturesFromFPT,false,MEDIUM,-0.1525,-0.15,0.0025000000000000022,Public ECGDeli implementation identified. Original author preprocessing and signal-conditioning pipeline not fully recovered.
T_Amp_III_iqr,460,T_Amp,RECONSTRUCTED,ExtractAmplitudeFeaturesFromFPT,ECGDeli 1.1 ExtractAmplitudeFeaturesFromFPT,false,MEDIUM,0.05700000000000001,0.055,0.0020000000000000087,Public ECGDeli implementation identified. Original author preprocessing and signal-conditioning pipeline not fully recovered.
T_Amp_III_count,461,T_Amp,RECONSTRUCTED,ExtractAmplitudeFeaturesFromFPT,ECGDeli 1.1 ExtractAmplitudeFeaturesFromFPT,false,MEDIUM,12,12.0,0.0,Public ECGDeli implementation identified. Original author preprocessing and signal-conditioning pipeline not fully recovered.
T_Amp_V1,462,T_Amp,RECONSTRUCTED,ExtractAmplitudeFeaturesFromFPT,ECGDeli 1.1 ExtractAmplitudeFeaturesFromFPT,false,MEDIUM,0.11,0.11,0.0,Public ECGDeli implementation identified. Original author preprocessing and signal-conditioning pipeline not fully recovered.
T_Amp_V1_iqr,463,T_Amp,RECONSTRUCTED,ExtractAmplitudeFeaturesFromFPT,ECGDeli 1.1 ExtractAmplitudeFeaturesFromFPT,false,MEDIUM,0.023499999999999993,0.0249999999999999,0.0014999999999999077,Public ECGDeli implementation identified. Original author preprocessing and signal-conditioning pipeline not fully recovered.
T_Amp_V1_count,464,T_Amp,RECONSTRUCTED,ExtractAmplitudeFeaturesFromFPT,ECGDeli 1.1 ExtractAmplitudeFeaturesFromFPT,false,MEDIUM,12,12.0,0.0,Public ECGDeli implementation identified. Original author preprocessing and signal-conditioning pipeline not fully recovered.
T_Amp_V2,465,T_Amp,RECONSTRUCTED,ExtractAmplitudeFeaturesFromFPT,ECGDeli 1.1 ExtractAmplitudeFeaturesFromFPT,false,MEDIUM,0.2905,0.29,0.0005000000000000004,Public ECGDeli implementation identified. Original author preprocessing and signal-conditioning pipeline not fully recovered.
T_Amp_V2_iqr,466,T_Amp,RECONSTRUCTED,ExtractAmplitudeFeaturesFromFPT,ECGDeli 1.1 ExtractAmplitudeFeaturesFromFPT,false,MEDIUM,0.04574999999999996,0.0399999999999999,0.005750000000000061,Public ECGDeli implementation identified. Original author preprocessing and signal-conditioning pipeline not fully recovered.
T_Amp_V2_count,467,T_Amp,RECONSTRUCTED,ExtractAmplitudeFeaturesFromFPT,ECGDeli 1.1 ExtractAmplitudeFeaturesFromFPT,false,MEDIUM,12,12.0,0.0,Public ECGDeli implementation identified. Original author preprocessing and signal-conditioning pipeline not fully recovered.
T_Amp_V3,468,T_Amp,RECONSTRUCTED,ExtractAmplitudeFeaturesFromFPT,ECGDeli 1.1 ExtractAmplitudeFeaturesFromFPT,false,MEDIUM,0.174,0.17,0.003999999999999976,Public ECGDeli implementation identified. Original author preprocessing and signal-conditioning pipeline not fully recovered.
T_Amp_V3_iqr,469,T_Amp,RECONSTRUCTED,ExtractAmplitudeFeaturesFromFPT,ECGDeli 1.1 ExtractAmplitudeFeaturesFromFPT,false,MEDIUM,0.04025000000000001,0.0375,0.0027500000000000094,Public ECGDeli implementation identified. Original author preprocessing and signal-conditioning pipeline not fully recovered.
T_Amp_V3_count,470,T_Amp,RECONSTRUCTED,ExtractAmplitudeFeaturesFromFPT,ECGDeli 1.1 ExtractAmplitudeFeaturesFromFPT,false,MEDIUM,12,12.0,0.0,Public ECGDeli implementation identified. Original author preprocessing and signal-conditioning pipeline not fully recovered.
T_Amp_V4,471,T_Amp,RECONSTRUCTED,ExtractAmplitudeFeaturesFromFPT,ECGDeli 1.1 ExtractAmplitudeFeaturesFromFPT,false,MEDIUM,0.0545,0.055,0.0005000000000000004,Public ECGDeli implementation identified. Original author preprocessing and signal-conditioning pipeline not fully recovered.
T_Amp_V4_iqr,472,T_Amp,RECONSTRUCTED,ExtractAmplitudeFeaturesFromFPT,ECGDeli 1.1 ExtractAmplitudeFeaturesFromFPT,false,MEDIUM,0.036500000000000005,0.035,0.0015000000000000013,Public ECGDeli implementation identified. Original author preprocessing and signal-conditioning pipeline not fully recovered.
T_Amp_V4_count,473,T_Amp,RECONSTRUCTED,ExtractAmplitudeFeaturesFromFPT,ECGDeli 1.1 ExtractAmplitudeFeaturesFromFPT,false,MEDIUM,12,12.0,0.0,Public ECGDeli implementation identified. Original author preprocessing and signal-conditioning pipeline not fully recovered.
T_Amp_V5,474,T_Amp,RECONSTRUCTED,ExtractAmplitudeFeaturesFromFPT,ECGDeli 1.1 ExtractAmplitudeFeaturesFromFPT,false,MEDIUM,-0.119,-0.115,0.00399999999999999,Public ECGDeli implementation identified. Original author preprocessing and signal-conditioning pipeline not fully recovered.
T_Amp_V5_iqr,475,T_Amp,RECONSTRUCTED,ExtractAmplitudeFeaturesFromFPT,ECGDeli 1.1 ExtractAmplitudeFeaturesFromFPT,false,MEDIUM,0.05499999999999999,0.0475,0.007499999999999993,Public ECGDeli implementation identified. Original author preprocessing and signal-conditioning pipeline not fully recovered.
T_Amp_V5_count,476,T_Amp,RECONSTRUCTED,ExtractAmplitudeFeaturesFromFPT,ECGDeli 1.1 ExtractAmplitudeFeaturesFromFPT,false,MEDIUM,12,12.0,0.0,Public ECGDeli implementation identified. Original author preprocessing and signal-conditioning pipeline not fully recovered.
T_Amp_V6,477,T_Amp,RECONSTRUCTED,ExtractAmplitudeFeaturesFromFPT,ECGDeli 1.1 ExtractAmplitudeFeaturesFromFPT,false,MEDIUM,-0.11499999999999999,-0.11,0.0049999999999999906,Public ECGDeli implementation identified. Original author preprocessing and signal-conditioning pipeline not fully recovered.
T_Amp_V6_iqr,478,T_Amp,RECONSTRUCTED,ExtractAmplitudeFeaturesFromFPT,ECGDeli 1.1 ExtractAmplitudeFeaturesFromFPT,false,MEDIUM,0.06225,0.0575,0.004749999999999997,Public ECGDeli implementation identified. Original author preprocessing and signal-conditioning pipeline not fully recovered.
T_Amp_V6_count,479,T_Amp,RECONSTRUCTED,ExtractAmplitudeFeaturesFromFPT,ECGDeli 1.1 ExtractAmplitudeFeaturesFromFPT,false,MEDIUM,12,12.0,0.0,Public ECGDeli implementation identified. Original author preprocessing and signal-conditioning pipeline not fully recovered.
T_Amp_aVF,480,T_Amp,RECONSTRUCTED,ExtractAmplitudeFeaturesFromFPT,ECGDeli 1.1 ExtractAmplitudeFeaturesFromFPT,false,MEDIUM,-0.11649999999999999,-0.1149999999999999,0.0015000000000000985,Public ECGDeli implementation identified. Original author preprocessing and signal-conditioning pipeline not fully recovered.
T_Amp_aVF_iqr,481,T_Amp,RECONSTRUCTED,ExtractAmplitudeFeaturesFromFPT,ECGDeli 1.1 ExtractAmplitudeFeaturesFromFPT,false,MEDIUM,0.048250000000000015,0.0425,0.005750000000000012,Public ECGDeli implementation identified. Original author preprocessing and signal-conditioning pipeline not fully recovered.
T_Amp_aVF_count,482,T_Amp,RECONSTRUCTED,ExtractAmplitudeFeaturesFromFPT,ECGDeli 1.1 ExtractAmplitudeFeaturesFromFPT,false,MEDIUM,12,12.0,0.0,Public ECGDeli implementation identified. Original author preprocessing and signal-conditioning pipeline not fully recovered.
T_Amp_aVL,483,T_Amp,RECONSTRUCTED,ExtractAmplitudeFeaturesFromFPT,ECGDeli 1.1 ExtractAmplitudeFeaturesFromFPT,false,MEDIUM,0.104,0.1,0.00399999999999999,Public ECGDeli implementation identified. Original author preprocessing and signal-conditioning pipeline not fully recovered.
T_Amp_aVL_iqr,484,T_Amp,RECONSTRUCTED,ExtractAmplitudeFeaturesFromFPT,ECGDeli 1.1 ExtractAmplitudeFeaturesFromFPT,false,MEDIUM,0.037000000000000005,0.0424999999999999,0.005499999999999894,Public ECGDeli implementation identified. Original author preprocessing and signal-conditioning pipeline not fully recovered.
T_Amp_aVL_count,485,T_Amp,RECONSTRUCTED,ExtractAmplitudeFeaturesFromFPT,ECGDeli 1.1 ExtractAmplitudeFeaturesFromFPT,false,MEDIUM,12,12.0,0.0,Public ECGDeli implementation identified. Original author preprocessing and signal-conditioning pipeline not fully recovered.
T_Amp_aVR,486,T_Amp,RECONSTRUCTED,ExtractAmplitudeFeaturesFromFPT,ECGDeli 1.1 ExtractAmplitudeFeaturesFromFPT,false,MEDIUM,-0.014,-0.015,0.0009999999999999992,Public ECGDeli implementation identified. Original author preprocessing and signal-conditioning pipeline not fully recovered.
T_Amp_aVR_iqr,487,T_Amp,RECONSTRUCTED,ExtractAmplitudeFeaturesFromFPT,ECGDeli 1.1 ExtractAmplitudeFeaturesFromFPT,false,MEDIUM,0.0225,0.0225,0.0,Public ECGDeli implementation identified. Original author preprocessing and signal-conditioning pipeline not fully recovered.
T_Amp_aVR_count,488,T_Amp,RECONSTRUCTED,ExtractAmplitudeFeaturesFromFPT,ECGDeli 1.1 ExtractAmplitudeFeaturesFromFPT,false,MEDIUM,12,12.0,0.0,Public ECGDeli implementation identified. Original author preprocessing and signal-conditioning pipeline not fully recovered.
T_DurFull_I,489,T_DurFull,RECONSTRUCTED,ExtractIntervalFeaturesFromFPT,ECGDeli 1.1 ExtractIntervalFeaturesFromFPT and published fiducials,false,HIGH,142.0,142.0,0.0,Algorithm reconstructed and validated against published PTB-XL+ row 00513. 238 cells matched at <=1e-6 in forensic reconstruction.
T_DurFull_I_iqr,490,T_DurFull,RECONSTRUCTED,ExtractIntervalFeaturesFromFPT,ECGDeli 1.1 ExtractIntervalFeaturesFromFPT and published fiducials,false,HIGH,9.5,9.5,0.0,Algorithm reconstructed and validated against published PTB-XL+ row 00513. 238 cells matched at <=1e-6 in forensic reconstruction.
T_DurFull_I_count,491,T_DurFull,RECONSTRUCTED,ExtractIntervalFeaturesFromFPT,ECGDeli 1.1 ExtractIntervalFeaturesFromFPT and published fiducials,false,HIGH,12.0,12.0,0.0,Algorithm reconstructed and validated against published PTB-XL+ row 00513. 238 cells matched at <=1e-6 in forensic reconstruction.
T_DurFull_II,492,T_DurFull,RECONSTRUCTED,ExtractIntervalFeaturesFromFPT,ECGDeli 1.1 ExtractIntervalFeaturesFromFPT and published fiducials,false,HIGH,178.0,178.0,0.0,Algorithm reconstructed and validated against published PTB-XL+ row 00513. 238 cells matched at <=1e-6 in forensic reconstruction.
T_DurFull_II_iqr,493,T_DurFull,RECONSTRUCTED,ExtractIntervalFeaturesFromFPT,ECGDeli 1.1 ExtractIntervalFeaturesFromFPT and published fiducials,false,HIGH,77.0,77.0,0.0,Algorithm reconstructed and validated against published PTB-XL+ row 00513. 238 cells matched at <=1e-6 in forensic reconstruction.
T_DurFull_II_count,494,T_DurFull,RECONSTRUCTED,ExtractIntervalFeaturesFromFPT,ECGDeli 1.1 ExtractIntervalFeaturesFromFPT and published fiducials,false,HIGH,12.0,12.0,0.0,Algorithm reconstructed and validated against published PTB-XL+ row 00513. 238 cells matched at <=1e-6 in forensic reconstruction.
T_DurFull_III,495,T_DurFull,RECONSTRUCTED,ExtractIntervalFeaturesFromFPT,ECGDeli 1.1 ExtractIntervalFeaturesFromFPT and published fiducials,false,HIGH,142.0,142.0,0.0,Algorithm reconstructed and validated against published PTB-XL+ row 00513. 238 cells matched at <=1e-6 in forensic reconstruction.
T_DurFull_III_iqr,496,T_DurFull,RECONSTRUCTED,ExtractIntervalFeaturesFromFPT,ECGDeli 1.1 ExtractIntervalFeaturesFromFPT and published fiducials,false,HIGH,4.0,4.0,0.0,Algorithm reconstructed and validated against published PTB-XL+ row 00513. 238 cells matched at <=1e-6 in forensic reconstruction.
T_DurFull_III_count,497,T_DurFull,RECONSTRUCTED,ExtractIntervalFeaturesFromFPT,ECGDeli 1.1 ExtractIntervalFeaturesFromFPT and published fiducials,false,HIGH,12.0,12.0,0.0,Algorithm reconstructed and validated against published PTB-XL+ row 00513. 238 cells matched at <=1e-6 in forensic reconstruction.
T_DurFull_V1,498,T_DurFull,RECONSTRUCTED,ExtractIntervalFeaturesFromFPT,ECGDeli 1.1 ExtractIntervalFeaturesFromFPT and published fiducials,false,HIGH,141.0,141.0,0.0,Algorithm reconstructed and validated against published PTB-XL+ row 00513. 238 cells matched at <=1e-6 in forensic reconstruction.
T_DurFull_V1_iqr,499,T_DurFull,RECONSTRUCTED,ExtractIntervalFeaturesFromFPT,ECGDeli 1.1 ExtractIntervalFeaturesFromFPT and published fiducials,false,HIGH,100.0,100.0,0.0,Algorithm reconstructed and validated against published PTB-XL+ row 00513. 238 cells matched at <=1e-6 in forensic reconstruction.
T_DurFull_V1_count,500,T_DurFull,RECONSTRUCTED,ExtractIntervalFeaturesFromFPT,ECGDeli 1.1 ExtractIntervalFeaturesFromFPT and published fiducials,false,HIGH,12.0,12.0,0.0,Algorithm reconstructed and validated against published PTB-XL+ row 00513. 238 cells matched at <=1e-6 in forensic reconstruction.
T_DurFull_V2,501,T_DurFull,RECONSTRUCTED,ExtractIntervalFeaturesFromFPT,ECGDeli 1.1 ExtractIntervalFeaturesFromFPT and published fiducials,false,HIGH,138.0,138.0,0.0,Algorithm reconstructed and validated against published PTB-XL+ row 00513. 238 cells matched at <=1e-6 in forensic reconstruction.
T_DurFull_V2_iqr,502,T_DurFull,RECONSTRUCTED,ExtractIntervalFeaturesFromFPT,ECGDeli 1.1 ExtractIntervalFeaturesFromFPT and published fiducials,false,HIGH,2.0,2.0,0.0,Algorithm reconstructed and validated against published PTB-XL+ row 00513. 238 cells matched at <=1e-6 in forensic reconstruction.
T_DurFull_V2_count,503,T_DurFull,RECONSTRUCTED,ExtractIntervalFeaturesFromFPT,ECGDeli 1.1 ExtractIntervalFeaturesFromFPT and published fiducials,false,HIGH,12.0,12.0,0.0,Algorithm reconstructed and validated against published PTB-XL+ row 00513. 238 cells matched at <=1e-6 in forensic reconstruction.
T_DurFull_V3,504,T_DurFull,RECONSTRUCTED,ExtractIntervalFeaturesFromFPT,ECGDeli 1.1 ExtractIntervalFeaturesFromFPT and published fiducials,false,HIGH,136.0,136.0,0.0,Algorithm reconstructed and validated against published PTB-XL+ row 00513. 238 cells matched at <=1e-6 in forensic reconstruction.
T_DurFull_V3_iqr,505,T_DurFull,RECONSTRUCTED,ExtractIntervalFeaturesFromFPT,ECGDeli 1.1 ExtractIntervalFeaturesFromFPT and published fiducials,false,HIGH,4.5,4.5,0.0,Algorithm reconstructed and validated against published PTB-XL+ row 00513. 238 cells matched at <=1e-6 in forensic reconstruction.
T_DurFull_V3_count,506,T_DurFull,RECONSTRUCTED,ExtractIntervalFeaturesFromFPT,ECGDeli 1.1 ExtractIntervalFeaturesFromFPT and published fiducials,false,HIGH,12.0,12.0,0.0,Algorithm reconstructed and validated against published PTB-XL+ row 00513. 238 cells matched at <=1e-6 in forensic reconstruction.
T_DurFull_V4,507,T_DurFull,RECONSTRUCTED,ExtractIntervalFeaturesFromFPT,ECGDeli 1.1 ExtractIntervalFeaturesFromFPT and published fiducials,false,HIGH,169.0,169.0,0.0,Algorithm reconstructed and validated against published PTB-XL+ row 00513. 238 cells matched at <=1e-6 in forensic reconstruction.
T_DurFull_V4_iqr,508,T_DurFull,RECONSTRUCTED,ExtractIntervalFeaturesFromFPT,ECGDeli 1.1 ExtractIntervalFeaturesFromFPT and published fiducials,false,HIGH,75.0,75.0,0.0,Algorithm reconstructed and validated against published PTB-XL+ row 00513. 238 cells matched at <=1e-6 in forensic reconstruction.
T_DurFull_V4_count,509,T_DurFull,RECONSTRUCTED,ExtractIntervalFeaturesFromFPT,ECGDeli 1.1 ExtractIntervalFeaturesFromFPT and published fiducials,false,HIGH,12.0,12.0,0.0,Algorithm reconstructed and validated against published PTB-XL+ row 00513. 238 cells matched at <=1e-6 in forensic reconstruction.
T_DurFull_V5,510,T_DurFull,RECONSTRUCTED,ExtractIntervalFeaturesFromFPT,ECGDeli 1.1 ExtractIntervalFeaturesFromFPT and published fiducials,false,HIGH,159.0,159.0,0.0,Algorithm reconstructed and validated against published PTB-XL+ row 00513. 238 cells matched at <=1e-6 in forensic reconstruction.
T_DurFull_V5_iqr,511,T_DurFull,RECONSTRUCTED,ExtractIntervalFeaturesFromFPT,ECGDeli 1.1 ExtractIntervalFeaturesFromFPT and published fiducials,false,HIGH,66.5,66.5,0.0,Algorithm reconstructed and validated against published PTB-XL+ row 00513. 238 cells matched at <=1e-6 in forensic reconstruction.
T_DurFull_V5_count,512,T_DurFull,RECONSTRUCTED,ExtractIntervalFeaturesFromFPT,ECGDeli 1.1 ExtractIntervalFeaturesFromFPT and published fiducials,false,HIGH,12.0,12.0,0.0,Algorithm reconstructed and validated against published PTB-XL+ row 00513. 238 cells matched at <=1e-6 in forensic reconstruction.
T_DurFull_V6,513,T_DurFull,RECONSTRUCTED,ExtractIntervalFeaturesFromFPT,ECGDeli 1.1 ExtractIntervalFeaturesFromFPT and published fiducials,false,HIGH,156.0,156.0,0.0,Algorithm reconstructed and validated against published PTB-XL+ row 00513. 238 cells matched at <=1e-6 in forensic reconstruction.
T_DurFull_V6_iqr,514,T_DurFull,RECONSTRUCTED,ExtractIntervalFeaturesFromFPT,ECGDeli 1.1 ExtractIntervalFeaturesFromFPT and published fiducials,false,HIGH,52.5,52.5,0.0,Algorithm reconstructed and validated against published PTB-XL+ row 00513. 238 cells matched at <=1e-6 in forensic reconstruction.
T_DurFull_V6_count,515,T_DurFull,RECONSTRUCTED,ExtractIntervalFeaturesFromFPT,ECGDeli 1.1 ExtractIntervalFeaturesFromFPT and published fiducials,false,HIGH,12.0,12.0,0.0,Algorithm reconstructed and validated against published PTB-XL+ row 00513. 238 cells matched at <=1e-6 in forensic reconstruction.
T_DurFull_aVF,516,T_DurFull,RECONSTRUCTED,ExtractIntervalFeaturesFromFPT,ECGDeli 1.1 ExtractIntervalFeaturesFromFPT and published fiducials,false,HIGH,143.0,143.0,0.0,Algorithm reconstructed and validated against published PTB-XL+ row 00513. 238 cells matched at <=1e-6 in forensic reconstruction.
T_DurFull_aVF_iqr,517,T_DurFull,RECONSTRUCTED,ExtractIntervalFeaturesFromFPT,ECGDeli 1.1 ExtractIntervalFeaturesFromFPT and published fiducials,false,HIGH,5.0,5.0,0.0,Algorithm reconstructed and validated against published PTB-XL+ row 00513. 238 cells matched at <=1e-6 in forensic reconstruction.
T_DurFull_aVF_count,518,T_DurFull,RECONSTRUCTED,ExtractIntervalFeaturesFromFPT,ECGDeli 1.1 ExtractIntervalFeaturesFromFPT and published fiducials,false,HIGH,12.0,12.0,0.0,Algorithm reconstructed and validated against published PTB-XL+ row 00513. 238 cells matched at <=1e-6 in forensic reconstruction.
T_DurFull_aVL,519,T_DurFull,RECONSTRUCTED,ExtractIntervalFeaturesFromFPT,ECGDeli 1.1 ExtractIntervalFeaturesFromFPT and published fiducials,false,HIGH,142.0,142.0,0.0,Algorithm reconstructed and validated against published PTB-XL+ row 00513. 238 cells matched at <=1e-6 in forensic reconstruction.
T_DurFull_aVL_iqr,520,T_DurFull,RECONSTRUCTED,ExtractIntervalFeaturesFromFPT,ECGDeli 1.1 ExtractIntervalFeaturesFromFPT and published fiducials,false,HIGH,8.5,8.5,0.0,Algorithm reconstructed and validated against published PTB-XL+ row 00513. 238 cells matched at <=1e-6 in forensic reconstruction.
T_DurFull_aVL_count,521,T_DurFull,RECONSTRUCTED,ExtractIntervalFeaturesFromFPT,ECGDeli 1.1 ExtractIntervalFeaturesFromFPT and published fiducials,false,HIGH,12.0,12.0,0.0,Algorithm reconstructed and validated against published PTB-XL+ row 00513. 238 cells matched at <=1e-6 in forensic reconstruction.
T_DurFull_aVR,522,T_DurFull,RECONSTRUCTED,ExtractIntervalFeaturesFromFPT,ECGDeli 1.1 ExtractIntervalFeaturesFromFPT and published fiducials,false,HIGH,210.0,210.0,0.0,Algorithm reconstructed and validated against published PTB-XL+ row 00513. 238 cells matched at <=1e-6 in forensic reconstruction.
T_DurFull_aVR_iqr,523,T_DurFull,RECONSTRUCTED,ExtractIntervalFeaturesFromFPT,ECGDeli 1.1 ExtractIntervalFeaturesFromFPT and published fiducials,false,HIGH,75.5,75.5,0.0,Algorithm reconstructed and validated against published PTB-XL+ row 00513. 238 cells matched at <=1e-6 in forensic reconstruction.
T_DurFull_aVR_count,524,T_DurFull,RECONSTRUCTED,ExtractIntervalFeaturesFromFPT,ECGDeli 1.1 ExtractIntervalFeaturesFromFPT and published fiducials,false,HIGH,12.0,12.0,0.0,Algorithm reconstructed and validated against published PTB-XL+ row 00513. 238 cells matched at <=1e-6 in forensic reconstruction.
T_Dur_Global,525,T_Dur,RECONSTRUCTED,ExtractIntervalFeaturesFromFPT,ECGDeli 1.1 ExtractIntervalFeaturesFromFPT and published fiducials,false,HIGH,252.0,252.0,0.0,Algorithm reconstructed and validated against published PTB-XL+ row 00513. 238 cells matched at <=1e-6 in forensic reconstruction.
T_Dur_Global_iqr,526,T_Dur,RECONSTRUCTED,ExtractIntervalFeaturesFromFPT,ECGDeli 1.1 ExtractIntervalFeaturesFromFPT and published fiducials,false,HIGH,69.5,69.5,0.0,Algorithm reconstructed and validated against published PTB-XL+ row 00513. 238 cells matched at <=1e-6 in forensic reconstruction.
T_Dur_Global_count,527,T_Dur,RECONSTRUCTED,ExtractIntervalFeaturesFromFPT,ECGDeli 1.1 ExtractIntervalFeaturesFromFPT and published fiducials,false,HIGH,12.0,12.0,0.0,Algorithm reconstructed and validated against published PTB-XL+ row 00513. 238 cells matched at <=1e-6 in forensic reconstruction.
HA__Global,528,HA,UNKNOWN,none,feature dictionary name elHA; no public ECGDeli 1.1 function,false,UNKNOWN,,2.0,,elHA implementation was not recovered. An exact mapping from raw ECG to the published class was not established. PTB-XL metadata does not provide heart_axis for record 00513.
HA__Global_iqr,529,HA,UNKNOWN,none,feature dictionary name elHA; no public ECGDeli 1.1 function,false,UNKNOWN,,0.0,,elHA implementation was not recovered. An exact mapping from raw ECG to the published class was not established. PTB-XL metadata does not provide heart_axis for record 00513.
HA__Global_count,530,HA,UNKNOWN,none,feature dictionary name elHA; no public ECGDeli 1.1 function,false,UNKNOWN,,1.0,,elHA implementation was not recovered. An exact mapping from raw ECG to the published class was not established. PTB-XL metadata does not provide heart_axis for record 00513.
