feature,family,public_function,input_required,algorithm,reconstruction_status,numerical_status,published_value,reconstructed_value,abs_error
PQ_Int_I,PQ_Int,ExtractIntervalFeaturesFromFPT,published fiducial sample indices,"interval formulas and, for global QTc, Framingham on unpadded global RR",EXACT,EXACT,132.0,132.0,0.0
PQ_Int_I_iqr,PQ_Int,ExtractIntervalFeaturesFromFPT,published fiducial sample indices,"interval formulas and, for global QTc, Framingham on unpadded global RR",EXACT,EXACT,8.0,8.0,0.0
PQ_Int_I_count,PQ_Int,ExtractIntervalFeaturesFromFPT,published fiducial sample indices,"interval formulas and, for global QTc, Framingham on unpadded global RR",EXACT,EXACT,12.0,12.0,0.0
PQ_Int_II,PQ_Int,ExtractIntervalFeaturesFromFPT,published fiducial sample indices,"interval formulas and, for global QTc, Framingham on unpadded global RR",EXACT,EXACT,146.0,146.0,0.0
PQ_Int_II_iqr,PQ_Int,ExtractIntervalFeaturesFromFPT,published fiducial sample indices,"interval formulas and, for global QTc, Framingham on unpadded global RR",EXACT,EXACT,2.0,2.0,0.0
PQ_Int_II_count,PQ_Int,ExtractIntervalFeaturesFromFPT,published fiducial sample indices,"interval formulas and, for global QTc, Framingham on unpadded global RR",EXACT,EXACT,12.0,12.0,0.0
PQ_Int_III,PQ_Int,ExtractIntervalFeaturesFromFPT,published fiducial sample indices,"interval formulas and, for global QTc, Framingham on unpadded global RR",EXACT,EXACT,156.0,156.0,0.0
PQ_Int_III_iqr,PQ_Int,ExtractIntervalFeaturesFromFPT,published fiducial sample indices,"interval formulas and, for global QTc, Framingham on unpadded global RR",EXACT,EXACT,29.0,29.0,0.0
PQ_Int_III_count,PQ_Int,ExtractIntervalFeaturesFromFPT,published fiducial sample indices,"interval formulas and, for global QTc, Framingham on unpadded global RR",EXACT,EXACT,12.0,12.0,0.0
PQ_Int_V1,PQ_Int,ExtractIntervalFeaturesFromFPT,published fiducial sample indices,"interval formulas and, for global QTc, Framingham on unpadded global RR",EXACT,EXACT,178.0,178.0,0.0
PQ_Int_V1_iqr,PQ_Int,ExtractIntervalFeaturesFromFPT,published fiducial sample indices,"interval formulas and, for global QTc, Framingham on unpadded global RR",EXACT,EXACT,8.5,8.5,0.0
PQ_Int_V1_count,PQ_Int,ExtractIntervalFeaturesFromFPT,published fiducial sample indices,"interval formulas and, for global QTc, Framingham on unpadded global RR",EXACT,EXACT,12.0,12.0,0.0
PQ_Int_V2,PQ_Int,ExtractIntervalFeaturesFromFPT,published fiducial sample indices,"interval formulas and, for global QTc, Framingham on unpadded global RR",EXACT,EXACT,130.0,130.0,0.0
PQ_Int_V2_iqr,PQ_Int,ExtractIntervalFeaturesFromFPT,published fiducial sample indices,"interval formulas and, for global QTc, Framingham on unpadded global RR",EXACT,EXACT,46.5,46.5,0.0
PQ_Int_V2_count,PQ_Int,ExtractIntervalFeaturesFromFPT,published fiducial sample indices,"interval formulas and, for global QTc, Framingham on unpadded global RR",EXACT,EXACT,12.0,12.0,0.0
PQ_Int_V3,PQ_Int,ExtractIntervalFeaturesFromFPT,published fiducial sample indices,"interval formulas and, for global QTc, Framingham on unpadded global RR",EXACT,EXACT,154.0,154.0,0.0
PQ_Int_V3_iqr,PQ_Int,ExtractIntervalFeaturesFromFPT,published fiducial sample indices,"interval formulas and, for global QTc, Framingham on unpadded global RR",EXACT,EXACT,8.0,8.0,0.0
PQ_Int_V3_count,PQ_Int,ExtractIntervalFeaturesFromFPT,published fiducial sample indices,"interval formulas and, for global QTc, Framingham on unpadded global RR",EXACT,EXACT,12.0,12.0,0.0
PQ_Int_V4,PQ_Int,ExtractIntervalFeaturesFromFPT,published fiducial sample indices,"interval formulas and, for global QTc, Framingham on unpadded global RR",EXACT,EXACT,147.0,147.0,0.0
PQ_Int_V4_iqr,PQ_Int,ExtractIntervalFeaturesFromFPT,published fiducial sample indices,"interval formulas and, for global QTc, Framingham on unpadded global RR",EXACT,EXACT,6.0,6.0,0.0
PQ_Int_V4_count,PQ_Int,ExtractIntervalFeaturesFromFPT,published fiducial sample indices,"interval formulas and, for global QTc, Framingham on unpadded global RR",EXACT,EXACT,12.0,12.0,0.0
PQ_Int_V5,PQ_Int,ExtractIntervalFeaturesFromFPT,published fiducial sample indices,"interval formulas and, for global QTc, Framingham on unpadded global RR",EXACT,EXACT,148.0,148.0,0.0
PQ_Int_V5_iqr,PQ_Int,ExtractIntervalFeaturesFromFPT,published fiducial sample indices,"interval formulas and, for global QTc, Framingham on unpadded global RR",EXACT,EXACT,12.5,12.5,0.0
PQ_Int_V5_count,PQ_Int,ExtractIntervalFeaturesFromFPT,published fiducial sample indices,"interval formulas and, for global QTc, Framingham on unpadded global RR",EXACT,EXACT,12.0,12.0,0.0
PQ_Int_V6,PQ_Int,ExtractIntervalFeaturesFromFPT,published fiducial sample indices,"interval formulas and, for global QTc, Framingham on unpadded global RR",EXACT,EXACT,140.0,140.0,0.0
PQ_Int_V6_iqr,PQ_Int,ExtractIntervalFeaturesFromFPT,published fiducial sample indices,"interval formulas and, for global QTc, Framingham on unpadded global RR",EXACT,EXACT,5.0,5.0,0.0
PQ_Int_V6_count,PQ_Int,ExtractIntervalFeaturesFromFPT,published fiducial sample indices,"interval formulas and, for global QTc, Framingham on unpadded global RR",EXACT,EXACT,12.0,12.0,0.0
PQ_Int_aVF,PQ_Int,ExtractIntervalFeaturesFromFPT,published fiducial sample indices,"interval formulas and, for global QTc, Framingham on unpadded global RR",EXACT,EXACT,160.0,160.0,0.0
PQ_Int_aVF_iqr,PQ_Int,ExtractIntervalFeaturesFromFPT,published fiducial sample indices,"interval formulas and, for global QTc, Framingham on unpadded global RR",EXACT,EXACT,14.5,14.5,0.0
PQ_Int_aVF_count,PQ_Int,ExtractIntervalFeaturesFromFPT,published fiducial sample indices,"interval formulas and, for global QTc, Framingham on unpadded global RR",EXACT,EXACT,12.0,12.0,0.0
PQ_Int_aVL,PQ_Int,ExtractIntervalFeaturesFromFPT,published fiducial sample indices,"interval formulas and, for global QTc, Framingham on unpadded global RR",EXACT,EXACT,124.0,124.0,0.0
PQ_Int_aVL_iqr,PQ_Int,ExtractIntervalFeaturesFromFPT,published fiducial sample indices,"interval formulas and, for global QTc, Framingham on unpadded global RR",EXACT,EXACT,9.0,9.0,0.0
PQ_Int_aVL_count,PQ_Int,ExtractIntervalFeaturesFromFPT,published fiducial sample indices,"interval formulas and, for global QTc, Framingham on unpadded global RR",EXACT,EXACT,12.0,12.0,0.0
PQ_Int_aVR,PQ_Int,ExtractIntervalFeaturesFromFPT,published fiducial sample indices,"interval formulas and, for global QTc, Framingham on unpadded global RR",EXACT,EXACT,138.0,138.0,0.0
PQ_Int_aVR_iqr,PQ_Int,ExtractIntervalFeaturesFromFPT,published fiducial sample indices,"interval formulas and, for global QTc, Framingham on unpadded global RR",EXACT,EXACT,4.5,4.5,0.0
PQ_Int_aVR_count,PQ_Int,ExtractIntervalFeaturesFromFPT,published fiducial sample indices,"interval formulas and, for global QTc, Framingham on unpadded global RR",EXACT,EXACT,12.0,12.0,0.0
PQ_Int_Global,PQ_Int,ExtractIntervalFeaturesFromFPT,published fiducial sample indices,"interval formulas and, for global QTc, Framingham on unpadded global RR",EXACT,EXACT,193.0,193.0,0.0
PQ_Int_Global_iqr,PQ_Int,ExtractIntervalFeaturesFromFPT,published fiducial sample indices,"interval formulas and, for global QTc, Framingham on unpadded global RR",EXACT,EXACT,38.0,38.0,0.0
PQ_Int_Global_count,PQ_Int,ExtractIntervalFeaturesFromFPT,published fiducial sample indices,"interval formulas and, for global QTc, Framingham on unpadded global RR",EXACT,EXACT,12.0,12.0,0.0
PR_Int_I,PR_Int,ExtractIntervalFeaturesFromFPT,published fiducial sample indices,"interval formulas and, for global QTc, Framingham on unpadded global RR",EXACT,EXACT,189.0,189.0,0.0
PR_Int_I_iqr,PR_Int,ExtractIntervalFeaturesFromFPT,published fiducial sample indices,"interval formulas and, for global QTc, Framingham on unpadded global RR",EXACT,EXACT,6.5,6.5,0.0
PR_Int_I_count,PR_Int,ExtractIntervalFeaturesFromFPT,published fiducial sample indices,"interval formulas and, for global QTc, Framingham on unpadded global RR",EXACT,EXACT,12.0,12.0,0.0
PR_Int_II,PR_Int,ExtractIntervalFeaturesFromFPT,published fiducial sample indices,"interval formulas and, for global QTc, Framingham on unpadded global RR",EXACT,EXACT,202.0,202.0,0.0
PR_Int_II_iqr,PR_Int,ExtractIntervalFeaturesFromFPT,published fiducial sample indices,"interval formulas and, for global QTc, Framingham on unpadded global RR",EXACT,EXACT,2.0,2.0,0.0
PR_Int_II_count,PR_Int,ExtractIntervalFeaturesFromFPT,published fiducial sample indices,"interval formulas and, for global QTc, Framingham on unpadded global RR",EXACT,EXACT,12.0,12.0,0.0
PR_Int_III,PR_Int,ExtractIntervalFeaturesFromFPT,published fiducial sample indices,"interval formulas and, for global QTc, Framingham on unpadded global RR",EXACT,EXACT,254.0,254.0,0.0
PR_Int_III_iqr,PR_Int,ExtractIntervalFeaturesFromFPT,published fiducial sample indices,"interval formulas and, for global QTc, Framingham on unpadded global RR",EXACT,EXACT,49.5,49.5,0.0
PR_Int_III_count,PR_Int,ExtractIntervalFeaturesFromFPT,published fiducial sample indices,"interval formulas and, for global QTc, Framingham on unpadded global RR",EXACT,EXACT,12.0,12.0,0.0
PR_Int_V1,PR_Int,ExtractIntervalFeaturesFromFPT,published fiducial sample indices,"interval formulas and, for global QTc, Framingham on unpadded global RR",EXACT,EXACT,237.0,237.0,0.0
PR_Int_V1_iqr,PR_Int,ExtractIntervalFeaturesFromFPT,published fiducial sample indices,"interval formulas and, for global QTc, Framingham on unpadded global RR",EXACT,EXACT,8.5,8.5,0.0
PR_Int_V1_count,PR_Int,ExtractIntervalFeaturesFromFPT,published fiducial sample indices,"interval formulas and, for global QTc, Framingham on unpadded global RR",EXACT,EXACT,12.0,12.0,0.0
PR_Int_V2,PR_Int,ExtractIntervalFeaturesFromFPT,published fiducial sample indices,"interval formulas and, for global QTc, Framingham on unpadded global RR",EXACT,EXACT,221.0,221.0,0.0
PR_Int_V2_iqr,PR_Int,ExtractIntervalFeaturesFromFPT,published fiducial sample indices,"interval formulas and, for global QTc, Framingham on unpadded global RR",EXACT,EXACT,51.0,51.0,0.0
PR_Int_V2_count,PR_Int,ExtractIntervalFeaturesFromFPT,published fiducial sample indices,"interval formulas and, for global QTc, Framingham on unpadded global RR",EXACT,EXACT,12.0,12.0,0.0
PR_Int_V3,PR_Int,ExtractIntervalFeaturesFromFPT,published fiducial sample indices,"interval formulas and, for global QTc, Framingham on unpadded global RR",EXACT,EXACT,212.0,212.0,0.0
PR_Int_V3_iqr,PR_Int,ExtractIntervalFeaturesFromFPT,published fiducial sample indices,"interval formulas and, for global QTc, Framingham on unpadded global RR",EXACT,EXACT,9.0,9.0,0.0
PR_Int_V3_count,PR_Int,ExtractIntervalFeaturesFromFPT,published fiducial sample indices,"interval formulas and, for global QTc, Framingham on unpadded global RR",EXACT,EXACT,12.0,12.0,0.0
PR_Int_V4,PR_Int,ExtractIntervalFeaturesFromFPT,published fiducial sample indices,"interval formulas and, for global QTc, Framingham on unpadded global RR",EXACT,EXACT,202.0,202.0,0.0
PR_Int_V4_iqr,PR_Int,ExtractIntervalFeaturesFromFPT,published fiducial sample indices,"interval formulas and, for global QTc, Framingham on unpadded global RR",EXACT,EXACT,5.5,5.5,0.0
PR_Int_V4_count,PR_Int,ExtractIntervalFeaturesFromFPT,published fiducial sample indices,"interval formulas and, for global QTc, Framingham on unpadded global RR",EXACT,EXACT,12.0,12.0,0.0
PR_Int_V5,PR_Int,ExtractIntervalFeaturesFromFPT,published fiducial sample indices,"interval formulas and, for global QTc, Framingham on unpadded global RR",EXACT,EXACT,204.0,204.0,0.0
PR_Int_V5_iqr,PR_Int,ExtractIntervalFeaturesFromFPT,published fiducial sample indices,"interval formulas and, for global QTc, Framingham on unpadded global RR",EXACT,EXACT,14.0,14.0,0.0
PR_Int_V5_count,PR_Int,ExtractIntervalFeaturesFromFPT,published fiducial sample indices,"interval formulas and, for global QTc, Framingham on unpadded global RR",EXACT,EXACT,12.0,12.0,0.0
PR_Int_V6,PR_Int,ExtractIntervalFeaturesFromFPT,published fiducial sample indices,"interval formulas and, for global QTc, Framingham on unpadded global RR",EXACT,EXACT,196.0,196.0,0.0
PR_Int_V6_iqr,PR_Int,ExtractIntervalFeaturesFromFPT,published fiducial sample indices,"interval formulas and, for global QTc, Framingham on unpadded global RR",EXACT,EXACT,5.0,5.0,0.0
PR_Int_V6_count,PR_Int,ExtractIntervalFeaturesFromFPT,published fiducial sample indices,"interval formulas and, for global QTc, Framingham on unpadded global RR",EXACT,EXACT,12.0,12.0,0.0
PR_Int_aVF,PR_Int,ExtractIntervalFeaturesFromFPT,published fiducial sample indices,"interval formulas and, for global QTc, Framingham on unpadded global RR",EXACT,EXACT,216.0,216.0,0.0
PR_Int_aVF_iqr,PR_Int,ExtractIntervalFeaturesFromFPT,published fiducial sample indices,"interval formulas and, for global QTc, Framingham on unpadded global RR",EXACT,EXACT,15.0,15.0,0.0
PR_Int_aVF_count,PR_Int,ExtractIntervalFeaturesFromFPT,published fiducial sample indices,"interval formulas and, for global QTc, Framingham on unpadded global RR",EXACT,EXACT,12.0,12.0,0.0
PR_Int_aVL,PR_Int,ExtractIntervalFeaturesFromFPT,published fiducial sample indices,"interval formulas and, for global QTc, Framingham on unpadded global RR",EXACT,EXACT,182.0,182.0,0.0
PR_Int_aVL_iqr,PR_Int,ExtractIntervalFeaturesFromFPT,published fiducial sample indices,"interval formulas and, for global QTc, Framingham on unpadded global RR",EXACT,EXACT,9.0,9.0,0.0
PR_Int_aVL_count,PR_Int,ExtractIntervalFeaturesFromFPT,published fiducial sample indices,"interval formulas and, for global QTc, Framingham on unpadded global RR",EXACT,EXACT,12.0,12.0,0.0
PR_Int_aVR,PR_Int,ExtractIntervalFeaturesFromFPT,published fiducial sample indices,"interval formulas and, for global QTc, Framingham on unpadded global RR",EXACT,EXACT,196.0,196.0,0.0
PR_Int_aVR_iqr,PR_Int,ExtractIntervalFeaturesFromFPT,published fiducial sample indices,"interval formulas and, for global QTc, Framingham on unpadded global RR",EXACT,EXACT,6.0,6.0,0.0
PR_Int_aVR_count,PR_Int,ExtractIntervalFeaturesFromFPT,published fiducial sample indices,"interval formulas and, for global QTc, Framingham on unpadded global RR",EXACT,EXACT,12.0,12.0,0.0
PR_Int_Global,PR_Int,ExtractIntervalFeaturesFromFPT,published fiducial sample indices,"interval formulas and, for global QTc, Framingham on unpadded global RR",EXACT,EXACT,250.0,250.0,0.0
PR_Int_Global_iqr,PR_Int,ExtractIntervalFeaturesFromFPT,published fiducial sample indices,"interval formulas and, for global QTc, Framingham on unpadded global RR",EXACT,EXACT,38.0,38.0,0.0
PR_Int_Global_count,PR_Int,ExtractIntervalFeaturesFromFPT,published fiducial sample indices,"interval formulas and, for global QTc, Framingham on unpadded global RR",EXACT,EXACT,12.0,12.0,0.0
P_Amp_I,P_Amp,ExtractAmplitudeFeaturesFromFPT,signal sample at the peak fiducial,"sample at fiducial; best tested input is raw mV, not an identified author filter",REQUIRES_PROCESSED_SIGNAL,CALCULABLE_BUT_DIFFERENT,0.075,0.0745,0.0005000000000000004
P_Amp_I_iqr,P_Amp,ExtractAmplitudeFeaturesFromFPT,signal sample at the peak fiducial,"sample at fiducial; best tested input is raw mV, not an identified author filter",REQUIRES_PROCESSED_SIGNAL,CALCULABLE_BUT_DIFFERENT,0.0325,0.0295,0.0030000000000000027
P_Amp_I_count,P_Amp,ExtractAmplitudeFeaturesFromFPT,signal sample at the peak fiducial,"sample at fiducial; best tested input is raw mV, not an identified author filter",REQUIRES_PROCESSED_SIGNAL,EXACT,12.0,12,0.0
P_Amp_II,P_Amp,ExtractAmplitudeFeaturesFromFPT,signal sample at the peak fiducial,"sample at fiducial; best tested input is raw mV, not an identified author filter",REQUIRES_PROCESSED_SIGNAL,CALCULABLE_BUT_DIFFERENT,0.125,0.1245,0.0005000000000000004
P_Amp_II_iqr,P_Amp,ExtractAmplitudeFeaturesFromFPT,signal sample at the peak fiducial,"sample at fiducial; best tested input is raw mV, not an identified author filter",REQUIRES_PROCESSED_SIGNAL,CALCULABLE_BUT_DIFFERENT,0.0325,0.03325,0.0007500000000000007
P_Amp_II_count,P_Amp,ExtractAmplitudeFeaturesFromFPT,signal sample at the peak fiducial,"sample at fiducial; best tested input is raw mV, not an identified author filter",REQUIRES_PROCESSED_SIGNAL,EXACT,12.0,12,0.0
P_Amp_III,P_Amp,ExtractAmplitudeFeaturesFromFPT,signal sample at the peak fiducial,"sample at fiducial; best tested input is raw mV, not an identified author filter",REQUIRES_PROCESSED_SIGNAL,EXACT,0.075,0.07500000000000001,1.3877787807814457e-17
P_Amp_III_iqr,P_Amp,ExtractAmplitudeFeaturesFromFPT,signal sample at the peak fiducial,"sample at fiducial; best tested input is raw mV, not an identified author filter",REQUIRES_PROCESSED_SIGNAL,CALCULABLE_BUT_DIFFERENT,0.0249999999999999,0.029249999999999998,0.0042500000000000974
P_Amp_III_count,P_Amp,ExtractAmplitudeFeaturesFromFPT,signal sample at the peak fiducial,"sample at fiducial; best tested input is raw mV, not an identified author filter",REQUIRES_PROCESSED_SIGNAL,EXACT,12.0,12,0.0
P_Amp_V1,P_Amp,ExtractAmplitudeFeaturesFromFPT,signal sample at the peak fiducial,"sample at fiducial; best tested input is raw mV, not an identified author filter",REQUIRES_PROCESSED_SIGNAL,CALCULABLE_BUT_DIFFERENT,-0.04,-0.041,0.0010000000000000009
P_Amp_V1_iqr,P_Amp,ExtractAmplitudeFeaturesFromFPT,signal sample at the peak fiducial,"sample at fiducial; best tested input is raw mV, not an identified author filter",REQUIRES_PROCESSED_SIGNAL,CALCULABLE_BUT_DIFFERENT,0.0025,0.010999999999999996,0.008499999999999995
P_Amp_V1_count,P_Amp,ExtractAmplitudeFeaturesFromFPT,signal sample at the peak fiducial,"sample at fiducial; best tested input is raw mV, not an identified author filter",REQUIRES_PROCESSED_SIGNAL,EXACT,12.0,12,0.0
P_Amp_V2,P_Amp,ExtractAmplitudeFeaturesFromFPT,signal sample at the peak fiducial,"sample at fiducial; best tested input is raw mV, not an identified author filter",REQUIRES_PROCESSED_SIGNAL,EXACT,-0.04,-0.04,0.0
P_Amp_V2_iqr,P_Amp,ExtractAmplitudeFeaturesFromFPT,signal sample at the peak fiducial,"sample at fiducial; best tested input is raw mV, not an identified author filter",REQUIRES_PROCESSED_SIGNAL,CALCULABLE_BUT_DIFFERENT,0.01,0.012000000000000004,0.0020000000000000035
P_Amp_V2_count,P_Amp,ExtractAmplitudeFeaturesFromFPT,signal sample at the peak fiducial,"sample at fiducial; best tested input is raw mV, not an identified author filter",REQUIRES_PROCESSED_SIGNAL,EXACT,12.0,12,0.0
P_Amp_V3,P_Amp,ExtractAmplitudeFeaturesFromFPT,signal sample at the peak fiducial,"sample at fiducial; best tested input is raw mV, not an identified author filter",REQUIRES_PROCESSED_SIGNAL,CALCULABLE_BUT_DIFFERENT,-0.04,-0.037500000000000006,0.0024999999999999953
P_Amp_V3_iqr,P_Amp,ExtractAmplitudeFeaturesFromFPT,signal sample at the peak fiducial,"sample at fiducial; best tested input is raw mV, not an identified author filter",REQUIRES_PROCESSED_SIGNAL,CALCULABLE_BUT_DIFFERENT,0.035,0.034,0.0010000000000000009
P_Amp_V3_count,P_Amp,ExtractAmplitudeFeaturesFromFPT,signal sample at the peak fiducial,"sample at fiducial; best tested input is raw mV, not an identified author filter",REQUIRES_PROCESSED_SIGNAL,EXACT,12.0,12,0.0
P_Amp_V4,P_Amp,ExtractAmplitudeFeaturesFromFPT,signal sample at the peak fiducial,"sample at fiducial; best tested input is raw mV, not an identified author filter",REQUIRES_PROCESSED_SIGNAL,CALCULABLE_BUT_DIFFERENT,0.025,0.0225,0.0025000000000000022
P_Amp_V4_iqr,P_Amp,ExtractAmplitudeFeaturesFromFPT,signal sample at the peak fiducial,"sample at fiducial; best tested input is raw mV, not an identified author filter",REQUIRES_PROCESSED_SIGNAL,CALCULABLE_BUT_DIFFERENT,0.0275,0.025,0.0024999999999999988
P_Amp_V4_count,P_Amp,ExtractAmplitudeFeaturesFromFPT,signal sample at the peak fiducial,"sample at fiducial; best tested input is raw mV, not an identified author filter",REQUIRES_PROCESSED_SIGNAL,EXACT,12.0,12,0.0
P_Amp_V5,P_Amp,ExtractAmplitudeFeaturesFromFPT,signal sample at the peak fiducial,"sample at fiducial; best tested input is raw mV, not an identified author filter",REQUIRES_PROCESSED_SIGNAL,CALCULABLE_BUT_DIFFERENT,0.03,0.027999999999999997,0.0020000000000000018
P_Amp_V5_iqr,P_Amp,ExtractAmplitudeFeaturesFromFPT,signal sample at the peak fiducial,"sample at fiducial; best tested input is raw mV, not an identified author filter",REQUIRES_PROCESSED_SIGNAL,CALCULABLE_BUT_DIFFERENT,0.0375,0.0405,0.0030000000000000027
P_Amp_V5_count,P_Amp,ExtractAmplitudeFeaturesFromFPT,signal sample at the peak fiducial,"sample at fiducial; best tested input is raw mV, not an identified author filter",REQUIRES_PROCESSED_SIGNAL,EXACT,12.0,12,0.0
P_Amp_V6,P_Amp,ExtractAmplitudeFeaturesFromFPT,signal sample at the peak fiducial,"sample at fiducial; best tested input is raw mV, not an identified author filter",REQUIRES_PROCESSED_SIGNAL,CALCULABLE_BUT_DIFFERENT,0.04,0.0415,0.0015000000000000013
P_Amp_V6_iqr,P_Amp,ExtractAmplitudeFeaturesFromFPT,signal sample at the peak fiducial,"sample at fiducial; best tested input is raw mV, not an identified author filter",REQUIRES_PROCESSED_SIGNAL,CALCULABLE_BUT_DIFFERENT,0.05,0.051750000000000004,0.0017500000000000016
P_Amp_V6_count,P_Amp,ExtractAmplitudeFeaturesFromFPT,signal sample at the peak fiducial,"sample at fiducial; best tested input is raw mV, not an identified author filter",REQUIRES_PROCESSED_SIGNAL,EXACT,12.0,12,0.0
P_Amp_aVF,P_Amp,ExtractAmplitudeFeaturesFromFPT,signal sample at the peak fiducial,"sample at fiducial; best tested input is raw mV, not an identified author filter",REQUIRES_PROCESSED_SIGNAL,CALCULABLE_BUT_DIFFERENT,0.09,0.087,0.0030000000000000027
P_Amp_aVF_iqr,P_Amp,ExtractAmplitudeFeaturesFromFPT,signal sample at the peak fiducial,"sample at fiducial; best tested input is raw mV, not an identified author filter",REQUIRES_PROCESSED_SIGNAL,CALCULABLE_BUT_DIFFERENT,0.0325,0.031750000000000014,0.0007499999999999868
P_Amp_aVF_count,P_Amp,ExtractAmplitudeFeaturesFromFPT,signal sample at the peak fiducial,"sample at fiducial; best tested input is raw mV, not an identified author filter",REQUIRES_PROCESSED_SIGNAL,EXACT,12.0,12,0.0
P_Amp_aVL,P_Amp,ExtractAmplitudeFeaturesFromFPT,signal sample at the peak fiducial,"sample at fiducial; best tested input is raw mV, not an identified author filter",REQUIRES_PROCESSED_SIGNAL,EXACT,0.02,0.02,0.0
P_Amp_aVL_iqr,P_Amp,ExtractAmplitudeFeaturesFromFPT,signal sample at the peak fiducial,"sample at fiducial; best tested input is raw mV, not an identified author filter",REQUIRES_PROCESSED_SIGNAL,CALCULABLE_BUT_DIFFERENT,0.045,0.04725,0.002250000000000002
P_Amp_aVL_count,P_Amp,ExtractAmplitudeFeaturesFromFPT,signal sample at the peak fiducial,"sample at fiducial; best tested input is raw mV, not an identified author filter",REQUIRES_PROCESSED_SIGNAL,EXACT,12.0,12,0.0
P_Amp_aVR,P_Amp,ExtractAmplitudeFeaturesFromFPT,signal sample at the peak fiducial,"sample at fiducial; best tested input is raw mV, not an identified author filter",REQUIRES_PROCESSED_SIGNAL,CALCULABLE_BUT_DIFFERENT,-0.095,-0.0945,0.0005000000000000004
P_Amp_aVR_iqr,P_Amp,ExtractAmplitudeFeaturesFromFPT,signal sample at the peak fiducial,"sample at fiducial; best tested input is raw mV, not an identified author filter",REQUIRES_PROCESSED_SIGNAL,CALCULABLE_BUT_DIFFERENT,0.02,0.0175,0.0024999999999999988
P_Amp_aVR_count,P_Amp,ExtractAmplitudeFeaturesFromFPT,signal sample at the peak fiducial,"sample at fiducial; best tested input is raw mV, not an identified author filter",REQUIRES_PROCESSED_SIGNAL,EXACT,12.0,12,0.0
P_DurFull_I,P_DurFull,ExtractIntervalFeaturesFromFPT,published fiducial sample indices,"interval formulas and, for global QTc, Framingham on unpadded global RR",EXACT,EXACT,120.0,120.0,0.0
P_DurFull_I_iqr,P_DurFull,ExtractIntervalFeaturesFromFPT,published fiducial sample indices,"interval formulas and, for global QTc, Framingham on unpadded global RR",EXACT,EXACT,3.0,3.0,0.0
P_DurFull_I_count,P_DurFull,ExtractIntervalFeaturesFromFPT,published fiducial sample indices,"interval formulas and, for global QTc, Framingham on unpadded global RR",EXACT,EXACT,12.0,12.0,0.0
P_DurFull_II,P_DurFull,ExtractIntervalFeaturesFromFPT,published fiducial sample indices,"interval formulas and, for global QTc, Framingham on unpadded global RR",EXACT,EXACT,133.0,133.0,0.0
P_DurFull_II_iqr,P_DurFull,ExtractIntervalFeaturesFromFPT,published fiducial sample indices,"interval formulas and, for global QTc, Framingham on unpadded global RR",EXACT,EXACT,4.5,4.5,0.0
P_DurFull_II_count,P_DurFull,ExtractIntervalFeaturesFromFPT,published fiducial sample indices,"interval formulas and, for global QTc, Framingham on unpadded global RR",EXACT,EXACT,12.0,12.0,0.0
P_DurFull_III,P_DurFull,ExtractIntervalFeaturesFromFPT,published fiducial sample indices,"interval formulas and, for global QTc, Framingham on unpadded global RR",EXACT,EXACT,156.0,156.0,0.0
P_DurFull_III_iqr,P_DurFull,ExtractIntervalFeaturesFromFPT,published fiducial sample indices,"interval formulas and, for global QTc, Framingham on unpadded global RR",EXACT,EXACT,30.0,30.0,0.0
P_DurFull_III_count,P_DurFull,ExtractIntervalFeaturesFromFPT,published fiducial sample indices,"interval formulas and, for global QTc, Framingham on unpadded global RR",EXACT,EXACT,12.0,12.0,0.0
P_DurFull_V1,P_DurFull,ExtractIntervalFeaturesFromFPT,published fiducial sample indices,"interval formulas and, for global QTc, Framingham on unpadded global RR",EXACT,EXACT,176.0,176.0,0.0
P_DurFull_V1_iqr,P_DurFull,ExtractIntervalFeaturesFromFPT,published fiducial sample indices,"interval formulas and, for global QTc, Framingham on unpadded global RR",EXACT,EXACT,5.0,5.0,0.0
P_DurFull_V1_count,P_DurFull,ExtractIntervalFeaturesFromFPT,published fiducial sample indices,"interval formulas and, for global QTc, Framingham on unpadded global RR",EXACT,EXACT,12.0,12.0,0.0
P_DurFull_V2,P_DurFull,ExtractIntervalFeaturesFromFPT,published fiducial sample indices,"interval formulas and, for global QTc, Framingham on unpadded global RR",EXACT,EXACT,132.0,132.0,0.0
P_DurFull_V2_iqr,P_DurFull,ExtractIntervalFeaturesFromFPT,published fiducial sample indices,"interval formulas and, for global QTc, Framingham on unpadded global RR",EXACT,EXACT,52.0,52.0,0.0
P_DurFull_V2_count,P_DurFull,ExtractIntervalFeaturesFromFPT,published fiducial sample indices,"interval formulas and, for global QTc, Framingham on unpadded global RR",EXACT,EXACT,12.0,12.0,0.0
P_DurFull_V3,P_DurFull,ExtractIntervalFeaturesFromFPT,published fiducial sample indices,"interval formulas and, for global QTc, Framingham on unpadded global RR",EXACT,EXACT,134.0,134.0,0.0
P_DurFull_V3_iqr,P_DurFull,ExtractIntervalFeaturesFromFPT,published fiducial sample indices,"interval formulas and, for global QTc, Framingham on unpadded global RR",EXACT,EXACT,18.0,18.0,0.0
P_DurFull_V3_count,P_DurFull,ExtractIntervalFeaturesFromFPT,published fiducial sample indices,"interval formulas and, for global QTc, Framingham on unpadded global RR",EXACT,EXACT,12.0,12.0,0.0
P_DurFull_V4,P_DurFull,ExtractIntervalFeaturesFromFPT,published fiducial sample indices,"interval formulas and, for global QTc, Framingham on unpadded global RR",EXACT,EXACT,135.0,135.0,0.0
P_DurFull_V4_iqr,P_DurFull,ExtractIntervalFeaturesFromFPT,published fiducial sample indices,"interval formulas and, for global QTc, Framingham on unpadded global RR",EXACT,EXACT,6.5,6.5,0.0
P_DurFull_V4_count,P_DurFull,ExtractIntervalFeaturesFromFPT,published fiducial sample indices,"interval formulas and, for global QTc, Framingham on unpadded global RR",EXACT,EXACT,12.0,12.0,0.0
P_DurFull_V5,P_DurFull,ExtractIntervalFeaturesFromFPT,published fiducial sample indices,"interval formulas and, for global QTc, Framingham on unpadded global RR",EXACT,EXACT,140.0,140.0,0.0
P_DurFull_V5_iqr,P_DurFull,ExtractIntervalFeaturesFromFPT,published fiducial sample indices,"interval formulas and, for global QTc, Framingham on unpadded global RR",EXACT,EXACT,13.5,13.5,0.0
P_DurFull_V5_count,P_DurFull,ExtractIntervalFeaturesFromFPT,published fiducial sample indices,"interval formulas and, for global QTc, Framingham on unpadded global RR",EXACT,EXACT,12.0,12.0,0.0
P_DurFull_V6,P_DurFull,ExtractIntervalFeaturesFromFPT,published fiducial sample indices,"interval formulas and, for global QTc, Framingham on unpadded global RR",EXACT,EXACT,133.0,133.0,0.0
P_DurFull_V6_iqr,P_DurFull,ExtractIntervalFeaturesFromFPT,published fiducial sample indices,"interval formulas and, for global QTc, Framingham on unpadded global RR",EXACT,EXACT,7.0,7.0,0.0
P_DurFull_V6_count,P_DurFull,ExtractIntervalFeaturesFromFPT,published fiducial sample indices,"interval formulas and, for global QTc, Framingham on unpadded global RR",EXACT,EXACT,12.0,12.0,0.0
P_DurFull_aVF,P_DurFull,ExtractIntervalFeaturesFromFPT,published fiducial sample indices,"interval formulas and, for global QTc, Framingham on unpadded global RR",EXACT,EXACT,148.0,148.0,0.0
P_DurFull_aVF_iqr,P_DurFull,ExtractIntervalFeaturesFromFPT,published fiducial sample indices,"interval formulas and, for global QTc, Framingham on unpadded global RR",EXACT,EXACT,33.0,33.0,0.0
P_DurFull_aVF_count,P_DurFull,ExtractIntervalFeaturesFromFPT,published fiducial sample indices,"interval formulas and, for global QTc, Framingham on unpadded global RR",EXACT,EXACT,12.0,12.0,0.0
P_DurFull_aVL,P_DurFull,ExtractIntervalFeaturesFromFPT,published fiducial sample indices,"interval formulas and, for global QTc, Framingham on unpadded global RR",EXACT,EXACT,114.0,114.0,0.0
P_DurFull_aVL_iqr,P_DurFull,ExtractIntervalFeaturesFromFPT,published fiducial sample indices,"interval formulas and, for global QTc, Framingham on unpadded global RR",EXACT,EXACT,4.5,4.5,0.0
P_DurFull_aVL_count,P_DurFull,ExtractIntervalFeaturesFromFPT,published fiducial sample indices,"interval formulas and, for global QTc, Framingham on unpadded global RR",EXACT,EXACT,12.0,12.0,0.0
P_DurFull_aVR,P_DurFull,ExtractIntervalFeaturesFromFPT,published fiducial sample indices,"interval formulas and, for global QTc, Framingham on unpadded global RR",EXACT,EXACT,126.0,126.0,0.0
P_DurFull_aVR_iqr,P_DurFull,ExtractIntervalFeaturesFromFPT,published fiducial sample indices,"interval formulas and, for global QTc, Framingham on unpadded global RR",EXACT,EXACT,3.0,3.0,0.0
P_DurFull_aVR_count,P_DurFull,ExtractIntervalFeaturesFromFPT,published fiducial sample indices,"interval formulas and, for global QTc, Framingham on unpadded global RR",EXACT,EXACT,12.0,12.0,0.0
P_Dur_Global,P_Dur,ExtractIntervalFeaturesFromFPT,published fiducial sample indices,"interval formulas and, for global QTc, Framingham on unpadded global RR",EXACT,EXACT,192.0,192.0,0.0
P_Dur_Global_iqr,P_Dur,ExtractIntervalFeaturesFromFPT,published fiducial sample indices,"interval formulas and, for global QTc, Framingham on unpadded global RR",EXACT,EXACT,39.0,39.0,0.0
P_Dur_Global_count,P_Dur,ExtractIntervalFeaturesFromFPT,published fiducial sample indices,"interval formulas and, for global QTc, Framingham on unpadded global RR",EXACT,EXACT,12.0,12.0,0.0
P_Morph_I,P_Morph,Get_P_Morphology,"signal, samplerate, FPT cell","public v1.1 function; not executed, MATLAB and Octave are absent",PUBLIC_FUNCTION_NOT_EXECUTED,NOT_EXECUTED,1.0,,
P_Morph_I_iqr,P_Morph,Get_P_Morphology,"signal, samplerate, FPT cell","public v1.1 function; not executed, MATLAB and Octave are absent",PUBLIC_FUNCTION_NOT_EXECUTED,NOT_EXECUTED,0.0,,
P_Morph_I_count,P_Morph,Get_P_Morphology,"signal, samplerate, FPT cell","public v1.1 function; not executed, MATLAB and Octave are absent",PUBLIC_FUNCTION_NOT_EXECUTED,NOT_EXECUTED,12.0,,
P_Morph_II,P_Morph,Get_P_Morphology,"signal, samplerate, FPT cell","public v1.1 function; not executed, MATLAB and Octave are absent",PUBLIC_FUNCTION_NOT_EXECUTED,NOT_EXECUTED,1.0,,
P_Morph_II_iqr,P_Morph,Get_P_Morphology,"signal, samplerate, FPT cell","public v1.1 function; not executed, MATLAB and Octave are absent",PUBLIC_FUNCTION_NOT_EXECUTED,NOT_EXECUTED,0.0,,
P_Morph_II_count,P_Morph,Get_P_Morphology,"signal, samplerate, FPT cell","public v1.1 function; not executed, MATLAB and Octave are absent",PUBLIC_FUNCTION_NOT_EXECUTED,NOT_EXECUTED,12.0,,
P_Morph_III,P_Morph,Get_P_Morphology,"signal, samplerate, FPT cell","public v1.1 function; not executed, MATLAB and Octave are absent",PUBLIC_FUNCTION_NOT_EXECUTED,NOT_EXECUTED,1.0,,
P_Morph_III_iqr,P_Morph,Get_P_Morphology,"signal, samplerate, FPT cell","public v1.1 function; not executed, MATLAB and Octave are absent",PUBLIC_FUNCTION_NOT_EXECUTED,NOT_EXECUTED,1.25,,
P_Morph_III_count,P_Morph,Get_P_Morphology,"signal, samplerate, FPT cell","public v1.1 function; not executed, MATLAB and Octave are absent",PUBLIC_FUNCTION_NOT_EXECUTED,NOT_EXECUTED,12.0,,
P_Morph_V1,P_Morph,Get_P_Morphology,"signal, samplerate, FPT cell","public v1.1 function; not executed, MATLAB and Octave are absent",PUBLIC_FUNCTION_NOT_EXECUTED,NOT_EXECUTED,2.0,,
P_Morph_V1_iqr,P_Morph,Get_P_Morphology,"signal, samplerate, FPT cell","public v1.1 function; not executed, MATLAB and Octave are absent",PUBLIC_FUNCTION_NOT_EXECUTED,NOT_EXECUTED,0.0,,
P_Morph_V1_count,P_Morph,Get_P_Morphology,"signal, samplerate, FPT cell","public v1.1 function; not executed, MATLAB and Octave are absent",PUBLIC_FUNCTION_NOT_EXECUTED,NOT_EXECUTED,12.0,,
P_Morph_V2,P_Morph,Get_P_Morphology,"signal, samplerate, FPT cell","public v1.1 function; not executed, MATLAB and Octave are absent",PUBLIC_FUNCTION_NOT_EXECUTED,NOT_EXECUTED,1.0,,
P_Morph_V2_iqr,P_Morph,Get_P_Morphology,"signal, samplerate, FPT cell","public v1.1 function; not executed, MATLAB and Octave are absent",PUBLIC_FUNCTION_NOT_EXECUTED,NOT_EXECUTED,0.25,,
P_Morph_V2_count,P_Morph,Get_P_Morphology,"signal, samplerate, FPT cell","public v1.1 function; not executed, MATLAB and Octave are absent",PUBLIC_FUNCTION_NOT_EXECUTED,NOT_EXECUTED,12.0,,
P_Morph_V3,P_Morph,Get_P_Morphology,"signal, samplerate, FPT cell","public v1.1 function; not executed, MATLAB and Octave are absent",PUBLIC_FUNCTION_NOT_EXECUTED,NOT_EXECUTED,1.0,,
P_Morph_V3_iqr,P_Morph,Get_P_Morphology,"signal, samplerate, FPT cell","public v1.1 function; not executed, MATLAB and Octave are absent",PUBLIC_FUNCTION_NOT_EXECUTED,NOT_EXECUTED,0.0,,
P_Morph_V3_count,P_Morph,Get_P_Morphology,"signal, samplerate, FPT cell","public v1.1 function; not executed, MATLAB and Octave are absent",PUBLIC_FUNCTION_NOT_EXECUTED,NOT_EXECUTED,12.0,,
P_Morph_V4,P_Morph,Get_P_Morphology,"signal, samplerate, FPT cell","public v1.1 function; not executed, MATLAB and Octave are absent",PUBLIC_FUNCTION_NOT_EXECUTED,NOT_EXECUTED,1.0,,
P_Morph_V4_iqr,P_Morph,Get_P_Morphology,"signal, samplerate, FPT cell","public v1.1 function; not executed, MATLAB and Octave are absent",PUBLIC_FUNCTION_NOT_EXECUTED,NOT_EXECUTED,0.0,,
P_Morph_V4_count,P_Morph,Get_P_Morphology,"signal, samplerate, FPT cell","public v1.1 function; not executed, MATLAB and Octave are absent",PUBLIC_FUNCTION_NOT_EXECUTED,NOT_EXECUTED,12.0,,
P_Morph_V5,P_Morph,Get_P_Morphology,"signal, samplerate, FPT cell","public v1.1 function; not executed, MATLAB and Octave are absent",PUBLIC_FUNCTION_NOT_EXECUTED,NOT_EXECUTED,1.0,,
P_Morph_V5_iqr,P_Morph,Get_P_Morphology,"signal, samplerate, FPT cell","public v1.1 function; not executed, MATLAB and Octave are absent",PUBLIC_FUNCTION_NOT_EXECUTED,NOT_EXECUTED,0.0,,
P_Morph_V5_count,P_Morph,Get_P_Morphology,"signal, samplerate, FPT cell","public v1.1 function; not executed, MATLAB and Octave are absent",PUBLIC_FUNCTION_NOT_EXECUTED,NOT_EXECUTED,12.0,,
P_Morph_V6,P_Morph,Get_P_Morphology,"signal, samplerate, FPT cell","public v1.1 function; not executed, MATLAB and Octave are absent",PUBLIC_FUNCTION_NOT_EXECUTED,NOT_EXECUTED,1.0,,
P_Morph_V6_iqr,P_Morph,Get_P_Morphology,"signal, samplerate, FPT cell","public v1.1 function; not executed, MATLAB and Octave are absent",PUBLIC_FUNCTION_NOT_EXECUTED,NOT_EXECUTED,0.0,,
P_Morph_V6_count,P_Morph,Get_P_Morphology,"signal, samplerate, FPT cell","public v1.1 function; not executed, MATLAB and Octave are absent",PUBLIC_FUNCTION_NOT_EXECUTED,NOT_EXECUTED,12.0,,
P_Morph_aVF,P_Morph,Get_P_Morphology,"signal, samplerate, FPT cell","public v1.1 function; not executed, MATLAB and Octave are absent",PUBLIC_FUNCTION_NOT_EXECUTED,NOT_EXECUTED,1.0,,
P_Morph_aVF_iqr,P_Morph,Get_P_Morphology,"signal, samplerate, FPT cell","public v1.1 function; not executed, MATLAB and Octave are absent",PUBLIC_FUNCTION_NOT_EXECUTED,NOT_EXECUTED,0.0,,
P_Morph_aVF_count,P_Morph,Get_P_Morphology,"signal, samplerate, FPT cell","public v1.1 function; not executed, MATLAB and Octave are absent",PUBLIC_FUNCTION_NOT_EXECUTED,NOT_EXECUTED,12.0,,
P_Morph_aVL,P_Morph,Get_P_Morphology,"signal, samplerate, FPT cell","public v1.1 function; not executed, MATLAB and Octave are absent",PUBLIC_FUNCTION_NOT_EXECUTED,NOT_EXECUTED,1.0,,
P_Morph_aVL_iqr,P_Morph,Get_P_Morphology,"signal, samplerate, FPT cell","public v1.1 function; not executed, MATLAB and Octave are absent",PUBLIC_FUNCTION_NOT_EXECUTED,NOT_EXECUTED,0.0,,
P_Morph_aVL_count,P_Morph,Get_P_Morphology,"signal, samplerate, FPT cell","public v1.1 function; not executed, MATLAB and Octave are absent",PUBLIC_FUNCTION_NOT_EXECUTED,NOT_EXECUTED,12.0,,
P_Morph_aVR,P_Morph,Get_P_Morphology,"signal, samplerate, FPT cell","public v1.1 function; not executed, MATLAB and Octave are absent",PUBLIC_FUNCTION_NOT_EXECUTED,NOT_EXECUTED,-1.0,,
P_Morph_aVR_iqr,P_Morph,Get_P_Morphology,"signal, samplerate, FPT cell","public v1.1 function; not executed, MATLAB and Octave are absent",PUBLIC_FUNCTION_NOT_EXECUTED,NOT_EXECUTED,0.0,,
P_Morph_aVR_count,P_Morph,Get_P_Morphology,"signal, samplerate, FPT cell","public v1.1 function; not executed, MATLAB and Octave are absent",PUBLIC_FUNCTION_NOT_EXECUTED,NOT_EXECUTED,12.0,,
Q_Amp_I,Q_Amp,ExtractAmplitudeFeaturesFromFPT,signal sample at the peak fiducial,"sample at fiducial; best tested input is raw mV, not an identified author filter",REQUIRES_PROCESSED_SIGNAL,CALCULABLE_BUT_DIFFERENT,-0.14,-0.14100000000000001,0.0010000000000000009
Q_Amp_I_iqr,Q_Amp,ExtractAmplitudeFeaturesFromFPT,signal sample at the peak fiducial,"sample at fiducial; best tested input is raw mV, not an identified author filter",REQUIRES_PROCESSED_SIGNAL,CALCULABLE_BUT_DIFFERENT,0.0425,0.03950000000000001,0.0029999999999999957
Q_Amp_I_count,Q_Amp,ExtractAmplitudeFeaturesFromFPT,signal sample at the peak fiducial,"sample at fiducial; best tested input is raw mV, not an identified author filter",REQUIRES_PROCESSED_SIGNAL,EXACT,12.0,12,0.0
Q_Amp_II,Q_Amp,ExtractAmplitudeFeaturesFromFPT,signal sample at the peak fiducial,"sample at fiducial; best tested input is raw mV, not an identified author filter",REQUIRES_PROCESSED_SIGNAL,CALCULABLE_BUT_DIFFERENT,-0.14,-0.143,0.002999999999999975
Q_Amp_II_iqr,Q_Amp,ExtractAmplitudeFeaturesFromFPT,signal sample at the peak fiducial,"sample at fiducial; best tested input is raw mV, not an identified author filter",REQUIRES_PROCESSED_SIGNAL,CALCULABLE_BUT_DIFFERENT,0.0325,0.028749999999999998,0.0037500000000000033
Q_Amp_II_count,Q_Amp,ExtractAmplitudeFeaturesFromFPT,signal sample at the peak fiducial,"sample at fiducial; best tested input is raw mV, not an identified author filter",REQUIRES_PROCESSED_SIGNAL,EXACT,12.0,12,0.0
Q_Amp_III,Q_Amp,ExtractAmplitudeFeaturesFromFPT,signal sample at the peak fiducial,"sample at fiducial; best tested input is raw mV, not an identified author filter",REQUIRES_PROCESSED_SIGNAL,CALCULABLE_BUT_DIFFERENT,0.06,0.059500000000000004,0.0004999999999999935
Q_Amp_III_iqr,Q_Amp,ExtractAmplitudeFeaturesFromFPT,signal sample at the peak fiducial,"sample at fiducial; best tested input is raw mV, not an identified author filter",REQUIRES_PROCESSED_SIGNAL,CALCULABLE_BUT_DIFFERENT,0.035,0.03675,0.0017499999999999946
Q_Amp_III_count,Q_Amp,ExtractAmplitudeFeaturesFromFPT,signal sample at the peak fiducial,"sample at fiducial; best tested input is raw mV, not an identified author filter",REQUIRES_PROCESSED_SIGNAL,EXACT,12.0,12,0.0
Q_Amp_V1,Q_Amp,ExtractAmplitudeFeaturesFromFPT,signal sample at the peak fiducial,"sample at fiducial; best tested input is raw mV, not an identified author filter",REQUIRES_PROCESSED_SIGNAL,CALCULABLE_BUT_DIFFERENT,0.2,0.202,0.0020000000000000018
Q_Amp_V1_iqr,Q_Amp,ExtractAmplitudeFeaturesFromFPT,signal sample at the peak fiducial,"sample at fiducial; best tested input is raw mV, not an identified author filter",REQUIRES_PROCESSED_SIGNAL,CALCULABLE_BUT_DIFFERENT,0.0399999999999999,0.037750000000000006,0.002249999999999891
Q_Amp_V1_count,Q_Amp,ExtractAmplitudeFeaturesFromFPT,signal sample at the peak fiducial,"sample at fiducial; best tested input is raw mV, not an identified author filter",REQUIRES_PROCESSED_SIGNAL,EXACT,12.0,12,0.0
Q_Amp_V2,Q_Amp,ExtractAmplitudeFeaturesFromFPT,signal sample at the peak fiducial,"sample at fiducial; best tested input is raw mV, not an identified author filter",REQUIRES_PROCESSED_SIGNAL,CALCULABLE_BUT_DIFFERENT,-0.0849999999999999,-0.0825,0.002499999999999891
Q_Amp_V2_iqr,Q_Amp,ExtractAmplitudeFeaturesFromFPT,signal sample at the peak fiducial,"sample at fiducial; best tested input is raw mV, not an identified author filter",REQUIRES_PROCESSED_SIGNAL,CALCULABLE_BUT_DIFFERENT,0.0224999999999999,0.01575,0.0067499999999998984
Q_Amp_V2_count,Q_Amp,ExtractAmplitudeFeaturesFromFPT,signal sample at the peak fiducial,"sample at fiducial; best tested input is raw mV, not an identified author filter",REQUIRES_PROCESSED_SIGNAL,EXACT,12.0,12,0.0
Q_Amp_V3,Q_Amp,ExtractAmplitudeFeaturesFromFPT,signal sample at the peak fiducial,"sample at fiducial; best tested input is raw mV, not an identified author filter",REQUIRES_PROCESSED_SIGNAL,CALCULABLE_BUT_DIFFERENT,-0.045,-0.0475,0.0025000000000000022
Q_Amp_V3_iqr,Q_Amp,ExtractAmplitudeFeaturesFromFPT,signal sample at the peak fiducial,"sample at fiducial; best tested input is raw mV, not an identified author filter",REQUIRES_PROCESSED_SIGNAL,EXACT,0.0325,0.0325,0.0
Q_Amp_V3_count,Q_Amp,ExtractAmplitudeFeaturesFromFPT,signal sample at the peak fiducial,"sample at fiducial; best tested input is raw mV, not an identified author filter",REQUIRES_PROCESSED_SIGNAL,EXACT,12.0,12,0.0
Q_Amp_V4,Q_Amp,ExtractAmplitudeFeaturesFromFPT,signal sample at the peak fiducial,"sample at fiducial; best tested input is raw mV, not an identified author filter",REQUIRES_PROCESSED_SIGNAL,CALCULABLE_BUT_DIFFERENT,-0.1,-0.0985,0.0015000000000000013
Q_Amp_V4_iqr,Q_Amp,ExtractAmplitudeFeaturesFromFPT,signal sample at the peak fiducial,"sample at fiducial; best tested input is raw mV, not an identified author filter",REQUIRES_PROCESSED_SIGNAL,CALCULABLE_BUT_DIFFERENT,0.0125,0.01625,0.00375
Q_Amp_V4_count,Q_Amp,ExtractAmplitudeFeaturesFromFPT,signal sample at the peak fiducial,"sample at fiducial; best tested input is raw mV, not an identified author filter",REQUIRES_PROCESSED_SIGNAL,EXACT,12.0,12,0.0
Q_Amp_V5,Q_Amp,ExtractAmplitudeFeaturesFromFPT,signal sample at the peak fiducial,"sample at fiducial; best tested input is raw mV, not an identified author filter",REQUIRES_PROCESSED_SIGNAL,CALCULABLE_BUT_DIFFERENT,-0.17,-0.17099999999999999,0.0009999999999999731
Q_Amp_V5_iqr,Q_Amp,ExtractAmplitudeFeaturesFromFPT,signal sample at the peak fiducial,"sample at fiducial; best tested input is raw mV, not an identified author filter",REQUIRES_PROCESSED_SIGNAL,CALCULABLE_BUT_DIFFERENT,0.0375,0.03875000000000001,0.001250000000000008
Q_Amp_V5_count,Q_Amp,ExtractAmplitudeFeaturesFromFPT,signal sample at the peak fiducial,"sample at fiducial; best tested input is raw mV, not an identified author filter",REQUIRES_PROCESSED_SIGNAL,EXACT,12.0,12,0.0
Q_Amp_V6,Q_Amp,ExtractAmplitudeFeaturesFromFPT,signal sample at the peak fiducial,"sample at fiducial; best tested input is raw mV, not an identified author filter",REQUIRES_PROCESSED_SIGNAL,CALCULABLE_BUT_DIFFERENT,-0.155,-0.1535,0.0015000000000000013
Q_Amp_V6_iqr,Q_Amp,ExtractAmplitudeFeaturesFromFPT,signal sample at the peak fiducial,"sample at fiducial; best tested input is raw mV, not an identified author filter",REQUIRES_PROCESSED_SIGNAL,CALCULABLE_BUT_DIFFERENT,0.0499999999999999,0.05224999999999999,0.002250000000000092
Q_Amp_V6_count,Q_Amp,ExtractAmplitudeFeaturesFromFPT,signal sample at the peak fiducial,"sample at fiducial; best tested input is raw mV, not an identified author filter",REQUIRES_PROCESSED_SIGNAL,EXACT,12.0,12,0.0
Q_Amp_aVF,Q_Amp,ExtractAmplitudeFeaturesFromFPT,signal sample at the peak fiducial,"sample at fiducial; best tested input is raw mV, not an identified author filter",REQUIRES_PROCESSED_SIGNAL,CALCULABLE_BUT_DIFFERENT,-0.105,-0.1045,0.0005000000000000004
Q_Amp_aVF_iqr,Q_Amp,ExtractAmplitudeFeaturesFromFPT,signal sample at the peak fiducial,"sample at fiducial; best tested input is raw mV, not an identified author filter",REQUIRES_PROCESSED_SIGNAL,CALCULABLE_BUT_DIFFERENT,0.0375,0.04000000000000001,0.002500000000000009
Q_Amp_aVF_count,Q_Amp,ExtractAmplitudeFeaturesFromFPT,signal sample at the peak fiducial,"sample at fiducial; best tested input is raw mV, not an identified author filter",REQUIRES_PROCESSED_SIGNAL,EXACT,12.0,12,0.0
Q_Amp_aVL,Q_Amp,ExtractAmplitudeFeaturesFromFPT,signal sample at the peak fiducial,"sample at fiducial; best tested input is raw mV, not an identified author filter",REQUIRES_PROCESSED_SIGNAL,CALCULABLE_BUT_DIFFERENT,-0.075,-0.076,0.0010000000000000009
Q_Amp_aVL_iqr,Q_Amp,ExtractAmplitudeFeaturesFromFPT,signal sample at the peak fiducial,"sample at fiducial; best tested input is raw mV, not an identified author filter",REQUIRES_PROCESSED_SIGNAL,CALCULABLE_BUT_DIFFERENT,0.0424999999999999,0.0455,0.0030000000000001
Q_Amp_aVL_count,Q_Amp,ExtractAmplitudeFeaturesFromFPT,signal sample at the peak fiducial,"sample at fiducial; best tested input is raw mV, not an identified author filter",REQUIRES_PROCESSED_SIGNAL,EXACT,12.0,12,0.0
Q_Amp_aVR,Q_Amp,ExtractAmplitudeFeaturesFromFPT,signal sample at the peak fiducial,"sample at fiducial; best tested input is raw mV, not an identified author filter",REQUIRES_PROCESSED_SIGNAL,CALCULABLE_BUT_DIFFERENT,0.145,0.14100000000000001,0.003999999999999976
Q_Amp_aVR_iqr,Q_Amp,ExtractAmplitudeFeaturesFromFPT,signal sample at the peak fiducial,"sample at fiducial; best tested input is raw mV, not an identified author filter",REQUIRES_PROCESSED_SIGNAL,CALCULABLE_BUT_DIFFERENT,0.0325,0.026749999999999996,0.005750000000000005
Q_Amp_aVR_count,Q_Amp,ExtractAmplitudeFeaturesFromFPT,signal sample at the peak fiducial,"sample at fiducial; best tested input is raw mV, not an identified author filter",REQUIRES_PROCESSED_SIGNAL,EXACT,12.0,12,0.0
QRS_Dur_I,QRS_Dur,ExtractIntervalFeaturesFromFPT,published fiducial sample indices,"interval formulas and, for global QTc, Framingham on unpadded global RR",EXACT,EXACT,145.0,145.0,0.0
QRS_Dur_I_iqr,QRS_Dur,ExtractIntervalFeaturesFromFPT,published fiducial sample indices,"interval formulas and, for global QTc, Framingham on unpadded global RR",EXACT,EXACT,10.0,10.0,0.0
QRS_Dur_I_count,QRS_Dur,ExtractIntervalFeaturesFromFPT,published fiducial sample indices,"interval formulas and, for global QTc, Framingham on unpadded global RR",EXACT,EXACT,12.0,12.0,0.0
QRS_Dur_II,QRS_Dur,ExtractIntervalFeaturesFromFPT,published fiducial sample indices,"interval formulas and, for global QTc, Framingham on unpadded global RR",EXACT,EXACT,114.0,114.0,0.0
QRS_Dur_II_iqr,QRS_Dur,ExtractIntervalFeaturesFromFPT,published fiducial sample indices,"interval formulas and, for global QTc, Framingham on unpadded global RR",EXACT,EXACT,0.5,0.5,0.0
QRS_Dur_II_count,QRS_Dur,ExtractIntervalFeaturesFromFPT,published fiducial sample indices,"interval formulas and, for global QTc, Framingham on unpadded global RR",EXACT,EXACT,12.0,12.0,0.0
QRS_Dur_III,QRS_Dur,ExtractIntervalFeaturesFromFPT,published fiducial sample indices,"interval formulas and, for global QTc, Framingham on unpadded global RR",EXACT,EXACT,154.0,154.0,0.0
QRS_Dur_III_iqr,QRS_Dur,ExtractIntervalFeaturesFromFPT,published fiducial sample indices,"interval formulas and, for global QTc, Framingham on unpadded global RR",EXACT,EXACT,15.0,15.0,0.0
QRS_Dur_III_count,QRS_Dur,ExtractIntervalFeaturesFromFPT,published fiducial sample indices,"interval formulas and, for global QTc, Framingham on unpadded global RR",EXACT,EXACT,12.0,12.0,0.0
QRS_Dur_V1,QRS_Dur,ExtractIntervalFeaturesFromFPT,published fiducial sample indices,"interval formulas and, for global QTc, Framingham on unpadded global RR",EXACT,EXACT,134.0,134.0,0.0
QRS_Dur_V1_iqr,QRS_Dur,ExtractIntervalFeaturesFromFPT,published fiducial sample indices,"interval formulas and, for global QTc, Framingham on unpadded global RR",EXACT,EXACT,5.5,5.5,0.0
QRS_Dur_V1_count,QRS_Dur,ExtractIntervalFeaturesFromFPT,published fiducial sample indices,"interval formulas and, for global QTc, Framingham on unpadded global RR",EXACT,EXACT,12.0,12.0,0.0
QRS_Dur_V2,QRS_Dur,ExtractIntervalFeaturesFromFPT,published fiducial sample indices,"interval formulas and, for global QTc, Framingham on unpadded global RR",EXACT,EXACT,142.0,142.0,0.0
QRS_Dur_V2_iqr,QRS_Dur,ExtractIntervalFeaturesFromFPT,published fiducial sample indices,"interval formulas and, for global QTc, Framingham on unpadded global RR",EXACT,EXACT,11.5,11.5,0.0
QRS_Dur_V2_count,QRS_Dur,ExtractIntervalFeaturesFromFPT,published fiducial sample indices,"interval formulas and, for global QTc, Framingham on unpadded global RR",EXACT,EXACT,12.0,12.0,0.0
QRS_Dur_V3,QRS_Dur,ExtractIntervalFeaturesFromFPT,published fiducial sample indices,"interval formulas and, for global QTc, Framingham on unpadded global RR",EXACT,EXACT,108.0,108.0,0.0
QRS_Dur_V3_iqr,QRS_Dur,ExtractIntervalFeaturesFromFPT,published fiducial sample indices,"interval formulas and, for global QTc, Framingham on unpadded global RR",EXACT,EXACT,0.0,0.0,0.0
QRS_Dur_V3_count,QRS_Dur,ExtractIntervalFeaturesFromFPT,published fiducial sample indices,"interval formulas and, for global QTc, Framingham on unpadded global RR",EXACT,EXACT,12.0,12.0,0.0
QRS_Dur_V4,QRS_Dur,ExtractIntervalFeaturesFromFPT,published fiducial sample indices,"interval formulas and, for global QTc, Framingham on unpadded global RR",EXACT,EXACT,108.0,108.0,0.0
QRS_Dur_V4_iqr,QRS_Dur,ExtractIntervalFeaturesFromFPT,published fiducial sample indices,"interval formulas and, for global QTc, Framingham on unpadded global RR",EXACT,EXACT,2.0,2.0,0.0
QRS_Dur_V4_count,QRS_Dur,ExtractIntervalFeaturesFromFPT,published fiducial sample indices,"interval formulas and, for global QTc, Framingham on unpadded global RR",EXACT,EXACT,12.0,12.0,0.0
QRS_Dur_V5,QRS_Dur,ExtractIntervalFeaturesFromFPT,published fiducial sample indices,"interval formulas and, for global QTc, Framingham on unpadded global RR",EXACT,EXACT,114.0,114.0,0.0
QRS_Dur_V5_iqr,QRS_Dur,ExtractIntervalFeaturesFromFPT,published fiducial sample indices,"interval formulas and, for global QTc, Framingham on unpadded global RR",EXACT,EXACT,2.0,2.0,0.0
QRS_Dur_V5_count,QRS_Dur,ExtractIntervalFeaturesFromFPT,published fiducial sample indices,"interval formulas and, for global QTc, Framingham on unpadded global RR",EXACT,EXACT,12.0,12.0,0.0
QRS_Dur_V6,QRS_Dur,ExtractIntervalFeaturesFromFPT,published fiducial sample indices,"interval formulas and, for global QTc, Framingham on unpadded global RR",EXACT,EXACT,120.0,120.0,0.0
QRS_Dur_V6_iqr,QRS_Dur,ExtractIntervalFeaturesFromFPT,published fiducial sample indices,"interval formulas and, for global QTc, Framingham on unpadded global RR",EXACT,EXACT,9.5,9.5,0.0
QRS_Dur_V6_count,QRS_Dur,ExtractIntervalFeaturesFromFPT,published fiducial sample indices,"interval formulas and, for global QTc, Framingham on unpadded global RR",EXACT,EXACT,12.0,12.0,0.0
QRS_Dur_aVF,QRS_Dur,ExtractIntervalFeaturesFromFPT,published fiducial sample indices,"interval formulas and, for global QTc, Framingham on unpadded global RR",EXACT,EXACT,108.0,108.0,0.0
QRS_Dur_aVF_iqr,QRS_Dur,ExtractIntervalFeaturesFromFPT,published fiducial sample indices,"interval formulas and, for global QTc, Framingham on unpadded global RR",EXACT,EXACT,2.5,2.5,0.0
QRS_Dur_aVF_count,QRS_Dur,ExtractIntervalFeaturesFromFPT,published fiducial sample indices,"interval formulas and, for global QTc, Framingham on unpadded global RR",EXACT,EXACT,12.0,12.0,0.0
QRS_Dur_aVL,QRS_Dur,ExtractIntervalFeaturesFromFPT,published fiducial sample indices,"interval formulas and, for global QTc, Framingham on unpadded global RR",EXACT,EXACT,145.0,145.0,0.0
QRS_Dur_aVL_iqr,QRS_Dur,ExtractIntervalFeaturesFromFPT,published fiducial sample indices,"interval formulas and, for global QTc, Framingham on unpadded global RR",EXACT,EXACT,16.0,16.0,0.0
QRS_Dur_aVL_count,QRS_Dur,ExtractIntervalFeaturesFromFPT,published fiducial sample indices,"interval formulas and, for global QTc, Framingham on unpadded global RR",EXACT,EXACT,12.0,12.0,0.0
QRS_Dur_aVR,QRS_Dur,ExtractIntervalFeaturesFromFPT,published fiducial sample indices,"interval formulas and, for global QTc, Framingham on unpadded global RR",EXACT,EXACT,119.0,119.0,0.0
QRS_Dur_aVR_iqr,QRS_Dur,ExtractIntervalFeaturesFromFPT,published fiducial sample indices,"interval formulas and, for global QTc, Framingham on unpadded global RR",EXACT,EXACT,28.5,28.5,0.0
QRS_Dur_aVR_count,QRS_Dur,ExtractIntervalFeaturesFromFPT,published fiducial sample indices,"interval formulas and, for global QTc, Framingham on unpadded global RR",EXACT,EXACT,12.0,12.0,0.0
QRS_Dur_Global,QRS_Dur,ExtractIntervalFeaturesFromFPT,published fiducial sample indices,"interval formulas and, for global QTc, Framingham on unpadded global RR",EXACT,EXACT,162.0,162.0,0.0
QRS_Dur_Global_iqr,QRS_Dur,ExtractIntervalFeaturesFromFPT,published fiducial sample indices,"interval formulas and, for global QTc, Framingham on unpadded global RR",EXACT,EXACT,30.5,30.5,0.0
QRS_Dur_Global_count,QRS_Dur,ExtractIntervalFeaturesFromFPT,published fiducial sample indices,"interval formulas and, for global QTc, Framingham on unpadded global RR",EXACT,EXACT,12.0,12.0,0.0
QT_IntCorr_I,QT_IntCorr,none for the per-lead column; Framingham expression is the sync column,lead QT and padded lead RR,framingham_per_beat_then_aggregate__lead_rr_padded__same_index,CALCULABLE_BUT_DIFFERENT,CALCULABLE_BUT_DIFFERENT,442.795,442.794,0.0010000000000331966
QT_IntCorr_I_iqr,QT_IntCorr,none for the per-lead column; Framingham expression is the sync column,lead QT and padded lead RR,framingham_per_beat_then_aggregate__lead_rr_padded__same_index,CALCULABLE_BUT_DIFFERENT,CALCULABLE_BUT_DIFFERENT,7.542500000000018,7.543000000000006,0.0004999999999881766
QT_IntCorr_I_count,QT_IntCorr,none for the per-lead column; Framingham expression is the sync column,lead QT and padded lead RR,framingham_per_beat_then_aggregate__lead_rr_padded__same_index,EXACT,EXACT,12.0,12.0,0.0
QT_IntCorr_II,QT_IntCorr,none for the per-lead column; Framingham expression is the sync column,lead QT and padded lead RR,framingham_per_beat_then_aggregate__lead_rr_padded__same_index,CALCULABLE_BUT_DIFFERENT,CALCULABLE_BUT_DIFFERENT,419.795,419.796,0.0009999999999763531
QT_IntCorr_II_iqr,QT_IntCorr,none for the per-lead column; Framingham expression is the sync column,lead QT and padded lead RR,framingham_per_beat_then_aggregate__lead_rr_padded__same_index,CALCULABLE_BUT_DIFFERENT,CALCULABLE_BUT_DIFFERENT,76.11500000000001,76.11600000000004,0.0010000000000331966
QT_IntCorr_II_count,QT_IntCorr,none for the per-lead column; Framingham expression is the sync column,lead QT and padded lead RR,framingham_per_beat_then_aggregate__lead_rr_padded__same_index,EXACT,EXACT,12.0,12.0,0.0
QT_IntCorr_III,QT_IntCorr,none for the per-lead column; Framingham expression is the sync column,lead QT and padded lead RR,framingham_per_beat_then_aggregate__lead_rr_padded__same_index,EXACT,EXACT,451.25,451.25,0.0
QT_IntCorr_III_iqr,QT_IntCorr,none for the per-lead column; Framingham expression is the sync column,lead QT and padded lead RR,framingham_per_beat_then_aggregate__lead_rr_padded__same_index,CALCULABLE_BUT_DIFFERENT,CALCULABLE_BUT_DIFFERENT,42.347500000000025,42.351,0.0034999999999740794
QT_IntCorr_III_count,QT_IntCorr,none for the per-lead column; Framingham expression is the sync column,lead QT and padded lead RR,framingham_per_beat_then_aggregate__lead_rr_padded__same_index,EXACT,EXACT,12.0,12.0,0.0
QT_IntCorr_V1,QT_IntCorr,none for the per-lead column; Framingham expression is the sync column,lead QT and padded lead RR,framingham_per_beat_then_aggregate__lead_rr_padded__same_index,CALCULABLE_BUT_DIFFERENT,CALCULABLE_BUT_DIFFERENT,416.405,416.408,0.0030000000000427463
QT_IntCorr_V1_iqr,QT_IntCorr,none for the per-lead column; Framingham expression is the sync column,lead QT and padded lead RR,framingham_per_beat_then_aggregate__lead_rr_padded__same_index,CALCULABLE_BUT_DIFFERENT,CALCULABLE_BUT_DIFFERENT,95.075,95.07400000000001,0.000999999999990564
QT_IntCorr_V1_count,QT_IntCorr,none for the per-lead column; Framingham expression is the sync column,lead QT and padded lead RR,framingham_per_beat_then_aggregate__lead_rr_padded__same_index,EXACT,EXACT,12.0,12.0,0.0
QT_IntCorr_V2,QT_IntCorr,none for the per-lead column; Framingham expression is the sync column,lead QT and padded lead RR,framingham_per_beat_then_aggregate__lead_rr_padded__same_index,CALCULABLE_BUT_DIFFERENT,CALCULABLE_BUT_DIFFERENT,466.405,466.406,0.0010000000000331966
QT_IntCorr_V2_iqr,QT_IntCorr,none for the per-lead column; Framingham expression is the sync column,lead QT and padded lead RR,framingham_per_beat_then_aggregate__lead_rr_padded__same_index,CALCULABLE_BUT_DIFFERENT,CALCULABLE_BUT_DIFFERENT,11.120000000000005,11.117000000000019,0.002999999999985903
QT_IntCorr_V2_count,QT_IntCorr,none for the per-lead column; Framingham expression is the sync column,lead QT and padded lead RR,framingham_per_beat_then_aggregate__lead_rr_padded__same_index,EXACT,EXACT,12.0,12.0,0.0
QT_IntCorr_V3,QT_IntCorr,none for the per-lead column; Framingham expression is the sync column,lead QT and padded lead RR,framingham_per_beat_then_aggregate__lead_rr_padded__same_index,CALCULABLE_BUT_DIFFERENT,CALCULABLE_BUT_DIFFERENT,437.33,437.332,0.0020000000000095497
QT_IntCorr_V3_iqr,QT_IntCorr,none for the per-lead column; Framingham expression is the sync column,lead QT and padded lead RR,framingham_per_beat_then_aggregate__lead_rr_padded__same_index,CALCULABLE_BUT_DIFFERENT,CALCULABLE_BUT_DIFFERENT,7.00750000000005,7.007000000000005,0.00050000000004502
QT_IntCorr_V3_count,QT_IntCorr,none for the per-lead column; Framingham expression is the sync column,lead QT and padded lead RR,framingham_per_beat_then_aggregate__lead_rr_padded__same_index,EXACT,EXACT,12.0,12.0,0.0
QT_IntCorr_V4,QT_IntCorr,none for the per-lead column; Framingham expression is the sync column,lead QT and padded lead RR,framingham_per_beat_then_aggregate__lead_rr_padded__same_index,CALCULABLE_BUT_DIFFERENT,CALCULABLE_BUT_DIFFERENT,456.485,456.486,0.0009999999999763531
QT_IntCorr_V4_iqr,QT_IntCorr,none for the per-lead column; Framingham expression is the sync column,lead QT and padded lead RR,framingham_per_beat_then_aggregate__lead_rr_padded__same_index,CALCULABLE_BUT_DIFFERENT,CALCULABLE_BUT_DIFFERENT,7.85250000000002,7.852999999999952,0.0004999999999322213
QT_IntCorr_V4_count,QT_IntCorr,none for the per-lead column; Framingham expression is the sync column,lead QT and padded lead RR,framingham_per_beat_then_aggregate__lead_rr_padded__same_index,EXACT,EXACT,12.0,12.0,0.0
QT_IntCorr_V5,QT_IntCorr,none for the per-lead column; Framingham expression is the sync column,lead QT and padded lead RR,framingham_per_beat_then_aggregate__lead_rr_padded__same_index,EXACT,EXACT,401.56,401.56,0.0
QT_IntCorr_V5_iqr,QT_IntCorr,none for the per-lead column; Framingham expression is the sync column,lead QT and padded lead RR,framingham_per_beat_then_aggregate__lead_rr_padded__same_index,CALCULABLE_BUT_DIFFERENT,CALCULABLE_BUT_DIFFERENT,28.850000000000023,28.852000000000032,0.0020000000000095497
QT_IntCorr_V5_count,QT_IntCorr,none for the per-lead column; Framingham expression is the sync column,lead QT and padded lead RR,framingham_per_beat_then_aggregate__lead_rr_padded__same_index,EXACT,EXACT,12.0,12.0,0.0
QT_IntCorr_V6,QT_IntCorr,none for the per-lead column; Framingham expression is the sync column,lead QT and padded lead RR,framingham_per_beat_then_aggregate__lead_rr_padded__same_index,CALCULABLE_BUT_DIFFERENT,CALCULABLE_BUT_DIFFERENT,411.25,411.252,0.0020000000000095497
QT_IntCorr_V6_iqr,QT_IntCorr,none for the per-lead column; Framingham expression is the sync column,lead QT and padded lead RR,framingham_per_beat_then_aggregate__lead_rr_padded__same_index,CALCULABLE_BUT_DIFFERENT,CALCULABLE_BUT_DIFFERENT,9.322499999999993,9.32099999999997,0.0015000000000231495
QT_IntCorr_V6_count,QT_IntCorr,none for the per-lead column; Framingham expression is the sync column,lead QT and padded lead RR,framingham_per_beat_then_aggregate__lead_rr_padded__same_index,EXACT,EXACT,12.0,12.0,0.0
QT_IntCorr_aVF,QT_IntCorr,none for the per-lead column; Framingham expression is the sync column,lead QT and padded lead RR,framingham_per_beat_then_aggregate__lead_rr_padded__same_index,CALCULABLE_BUT_DIFFERENT,CALCULABLE_BUT_DIFFERENT,416.87,416.86800000000005,0.0019999999999527063
QT_IntCorr_aVF_iqr,QT_IntCorr,none for the per-lead column; Framingham expression is the sync column,lead QT and padded lead RR,framingham_per_beat_then_aggregate__lead_rr_padded__same_index,CALCULABLE_BUT_DIFFERENT,CALCULABLE_BUT_DIFFERENT,5.120000000000061,5.124000000000024,0.003999999999962256
QT_IntCorr_aVF_count,QT_IntCorr,none for the per-lead column; Framingham expression is the sync column,lead QT and padded lead RR,framingham_per_beat_then_aggregate__lead_rr_padded__same_index,EXACT,EXACT,12.0,12.0,0.0
QT_IntCorr_aVL,QT_IntCorr,none for the per-lead column; Framingham expression is the sync column,lead QT and padded lead RR,framingham_per_beat_then_aggregate__lead_rr_padded__same_index,CALCULABLE_BUT_DIFFERENT,CALCULABLE_BUT_DIFFERENT,435.635,435.634,0.0009999999999763531
QT_IntCorr_aVL_iqr,QT_IntCorr,none for the per-lead column; Framingham expression is the sync column,lead QT and padded lead RR,framingham_per_beat_then_aggregate__lead_rr_padded__same_index,CALCULABLE_BUT_DIFFERENT,CALCULABLE_BUT_DIFFERENT,4.515000000000043,4.5120000000000005,0.0030000000000427463
QT_IntCorr_aVL_count,QT_IntCorr,none for the per-lead column; Framingham expression is the sync column,lead QT and padded lead RR,framingham_per_beat_then_aggregate__lead_rr_padded__same_index,EXACT,EXACT,12.0,12.0,0.0
QT_IntCorr_aVR,QT_IntCorr,none for the per-lead column; Framingham expression is the sync column,lead QT and padded lead RR,framingham_per_beat_then_aggregate__lead_rr_padded__same_index,CALCULABLE_BUT_DIFFERENT,CALCULABLE_BUT_DIFFERENT,511.795,511.794,0.0010000000000331966
QT_IntCorr_aVR_iqr,QT_IntCorr,none for the per-lead column; Framingham expression is the sync column,lead QT and padded lead RR,framingham_per_beat_then_aggregate__lead_rr_padded__same_index,CALCULABLE_BUT_DIFFERENT,CALCULABLE_BUT_DIFFERENT,75.65750000000003,75.65200000000004,0.005499999999983629
QT_IntCorr_aVR_count,QT_IntCorr,none for the per-lead column; Framingham expression is the sync column,lead QT and padded lead RR,framingham_per_beat_then_aggregate__lead_rr_padded__same_index,EXACT,EXACT,12.0,12.0,0.0
QT_IntFramingham_Global,QT_IntFramingham,ExtractIntervalFeaturesFromFPT,published fiducial sample indices,"interval formulas and, for global QTc, Framingham on unpadded global RR",CALCULABLE_BUT_DIFFERENT,CALCULABLE_BUT_DIFFERENT,522.01,522.0120000000001,0.002000000000066393
QT_IntFramingham_Global_iqr,QT_IntFramingham,ExtractIntervalFeaturesFromFPT,published fiducial sample indices,"interval formulas and, for global QTc, Framingham on unpadded global RR",CALCULABLE_BUT_DIFFERENT,CALCULABLE_BUT_DIFFERENT,55.53499999999997,55.53199999999998,0.002999999999985903
QT_IntFramingham_Global_count,QT_IntFramingham,ExtractIntervalFeaturesFromFPT,published fiducial sample indices,"interval formulas and, for global QTc, Framingham on unpadded global RR",EXACT,EXACT,11.0,11.0,0.0
QT_Int_I,QT_Int,ExtractIntervalFeaturesFromFPT,published fiducial sample indices,"interval formulas and, for global QTc, Framingham on unpadded global RR",EXACT,EXACT,419.0,419.0,0.0
QT_Int_I_iqr,QT_Int,ExtractIntervalFeaturesFromFPT,published fiducial sample indices,"interval formulas and, for global QTc, Framingham on unpadded global RR",EXACT,EXACT,11.0,11.0,0.0
QT_Int_I_count,QT_Int,ExtractIntervalFeaturesFromFPT,published fiducial sample indices,"interval formulas and, for global QTc, Framingham on unpadded global RR",EXACT,EXACT,12.0,12.0,0.0
QT_Int_II,QT_Int,ExtractIntervalFeaturesFromFPT,published fiducial sample indices,"interval formulas and, for global QTc, Framingham on unpadded global RR",EXACT,EXACT,395.0,395.0,0.0
QT_Int_II_iqr,QT_Int,ExtractIntervalFeaturesFromFPT,published fiducial sample indices,"interval formulas and, for global QTc, Framingham on unpadded global RR",EXACT,EXACT,75.5,75.5,0.0
QT_Int_II_count,QT_Int,ExtractIntervalFeaturesFromFPT,published fiducial sample indices,"interval formulas and, for global QTc, Framingham on unpadded global RR",EXACT,EXACT,12.0,12.0,0.0
QT_Int_III,QT_Int,ExtractIntervalFeaturesFromFPT,published fiducial sample indices,"interval formulas and, for global QTc, Framingham on unpadded global RR",EXACT,EXACT,432.0,432.0,0.0
QT_Int_III_iqr,QT_Int,ExtractIntervalFeaturesFromFPT,published fiducial sample indices,"interval formulas and, for global QTc, Framingham on unpadded global RR",EXACT,EXACT,37.0,37.0,0.0
QT_Int_III_count,QT_Int,ExtractIntervalFeaturesFromFPT,published fiducial sample indices,"interval formulas and, for global QTc, Framingham on unpadded global RR",EXACT,EXACT,12.0,12.0,0.0
QT_Int_V1,QT_Int,ExtractIntervalFeaturesFromFPT,published fiducial sample indices,"interval formulas and, for global QTc, Framingham on unpadded global RR",EXACT,EXACT,393.0,393.0,0.0
QT_Int_V1_iqr,QT_Int,ExtractIntervalFeaturesFromFPT,published fiducial sample indices,"interval formulas and, for global QTc, Framingham on unpadded global RR",EXACT,EXACT,98.0,98.0,0.0
QT_Int_V1_count,QT_Int,ExtractIntervalFeaturesFromFPT,published fiducial sample indices,"interval formulas and, for global QTc, Framingham on unpadded global RR",EXACT,EXACT,12.0,12.0,0.0
QT_Int_V2,QT_Int,ExtractIntervalFeaturesFromFPT,published fiducial sample indices,"interval formulas and, for global QTc, Framingham on unpadded global RR",EXACT,EXACT,448.0,448.0,0.0
QT_Int_V2_iqr,QT_Int,ExtractIntervalFeaturesFromFPT,published fiducial sample indices,"interval formulas and, for global QTc, Framingham on unpadded global RR",EXACT,EXACT,10.0,10.0,0.0
QT_Int_V2_count,QT_Int,ExtractIntervalFeaturesFromFPT,published fiducial sample indices,"interval formulas and, for global QTc, Framingham on unpadded global RR",EXACT,EXACT,12.0,12.0,0.0
QT_Int_V3,QT_Int,ExtractIntervalFeaturesFromFPT,published fiducial sample indices,"interval formulas and, for global QTc, Framingham on unpadded global RR",EXACT,EXACT,416.0,416.0,0.0
QT_Int_V3_iqr,QT_Int,ExtractIntervalFeaturesFromFPT,published fiducial sample indices,"interval formulas and, for global QTc, Framingham on unpadded global RR",EXACT,EXACT,4.5,4.5,0.0
QT_Int_V3_count,QT_Int,ExtractIntervalFeaturesFromFPT,published fiducial sample indices,"interval formulas and, for global QTc, Framingham on unpadded global RR",EXACT,EXACT,12.0,12.0,0.0
QT_Int_V4,QT_Int,ExtractIntervalFeaturesFromFPT,published fiducial sample indices,"interval formulas and, for global QTc, Framingham on unpadded global RR",EXACT,EXACT,433.0,433.0,0.0
QT_Int_V4_iqr,QT_Int,ExtractIntervalFeaturesFromFPT,published fiducial sample indices,"interval formulas and, for global QTc, Framingham on unpadded global RR",EXACT,EXACT,7.5,7.5,0.0
QT_Int_V4_count,QT_Int,ExtractIntervalFeaturesFromFPT,published fiducial sample indices,"interval formulas and, for global QTc, Framingham on unpadded global RR",EXACT,EXACT,12.0,12.0,0.0
QT_Int_V5,QT_Int,ExtractIntervalFeaturesFromFPT,published fiducial sample indices,"interval formulas and, for global QTc, Framingham on unpadded global RR",EXACT,EXACT,381.0,381.0,0.0
QT_Int_V5_iqr,QT_Int,ExtractIntervalFeaturesFromFPT,published fiducial sample indices,"interval formulas and, for global QTc, Framingham on unpadded global RR",EXACT,EXACT,23.0,23.0,0.0
QT_Int_V5_count,QT_Int,ExtractIntervalFeaturesFromFPT,published fiducial sample indices,"interval formulas and, for global QTc, Framingham on unpadded global RR",EXACT,EXACT,12.0,12.0,0.0
QT_Int_V6,QT_Int,ExtractIntervalFeaturesFromFPT,published fiducial sample indices,"interval formulas and, for global QTc, Framingham on unpadded global RR",EXACT,EXACT,388.0,388.0,0.0
QT_Int_V6_iqr,QT_Int,ExtractIntervalFeaturesFromFPT,published fiducial sample indices,"interval formulas and, for global QTc, Framingham on unpadded global RR",EXACT,EXACT,7.0,7.0,0.0
QT_Int_V6_count,QT_Int,ExtractIntervalFeaturesFromFPT,published fiducial sample indices,"interval formulas and, for global QTc, Framingham on unpadded global RR",EXACT,EXACT,12.0,12.0,0.0
QT_Int_aVF,QT_Int,ExtractIntervalFeaturesFromFPT,published fiducial sample indices,"interval formulas and, for global QTc, Framingham on unpadded global RR",EXACT,EXACT,396.0,396.0,0.0
QT_Int_aVF_iqr,QT_Int,ExtractIntervalFeaturesFromFPT,published fiducial sample indices,"interval formulas and, for global QTc, Framingham on unpadded global RR",EXACT,EXACT,4.5,4.5,0.0
QT_Int_aVF_count,QT_Int,ExtractIntervalFeaturesFromFPT,published fiducial sample indices,"interval formulas and, for global QTc, Framingham on unpadded global RR",EXACT,EXACT,12.0,12.0,0.0
QT_Int_aVL,QT_Int,ExtractIntervalFeaturesFromFPT,published fiducial sample indices,"interval formulas and, for global QTc, Framingham on unpadded global RR",EXACT,EXACT,414.0,414.0,0.0
QT_Int_aVL_iqr,QT_Int,ExtractIntervalFeaturesFromFPT,published fiducial sample indices,"interval formulas and, for global QTc, Framingham on unpadded global RR",EXACT,EXACT,6.5,6.5,0.0
QT_Int_aVL_count,QT_Int,ExtractIntervalFeaturesFromFPT,published fiducial sample indices,"interval formulas and, for global QTc, Framingham on unpadded global RR",EXACT,EXACT,12.0,12.0,0.0
QT_Int_aVR,QT_Int,ExtractIntervalFeaturesFromFPT,published fiducial sample indices,"interval formulas and, for global QTc, Framingham on unpadded global RR",EXACT,EXACT,487.0,487.0,0.0
QT_Int_aVR_iqr,QT_Int,ExtractIntervalFeaturesFromFPT,published fiducial sample indices,"interval formulas and, for global QTc, Framingham on unpadded global RR",EXACT,EXACT,77.5,77.5,0.0
QT_Int_aVR_count,QT_Int,ExtractIntervalFeaturesFromFPT,published fiducial sample indices,"interval formulas and, for global QTc, Framingham on unpadded global RR",EXACT,EXACT,12.0,12.0,0.0
QT_Int_Global,QT_Int,ExtractIntervalFeaturesFromFPT,published fiducial sample indices,"interval formulas and, for global QTc, Framingham on unpadded global RR",EXACT,EXACT,499.0,499.0,0.0
QT_Int_Global_iqr,QT_Int,ExtractIntervalFeaturesFromFPT,published fiducial sample indices,"interval formulas and, for global QTc, Framingham on unpadded global RR",EXACT,EXACT,66.5,66.5,0.0
QT_Int_Global_count,QT_Int,ExtractIntervalFeaturesFromFPT,published fiducial sample indices,"interval formulas and, for global QTc, Framingham on unpadded global RR",EXACT,EXACT,12.0,12.0,0.0
R_Amp_I,R_Amp,ExtractAmplitudeFeaturesFromFPT,signal sample at the peak fiducial,"sample at fiducial; best tested input is raw mV, not an identified author filter",REQUIRES_PROCESSED_SIGNAL,CALCULABLE_BUT_DIFFERENT,1.6,1.5990000000000002,0.0009999999999998899
R_Amp_I_iqr,R_Amp,ExtractAmplitudeFeaturesFromFPT,signal sample at the peak fiducial,"sample at fiducial; best tested input is raw mV, not an identified author filter",REQUIRES_PROCESSED_SIGNAL,CALCULABLE_BUT_DIFFERENT,0.1224999999999998,0.1217499999999998,0.0007500000000000007
R_Amp_I_count,R_Amp,ExtractAmplitudeFeaturesFromFPT,signal sample at the peak fiducial,"sample at fiducial; best tested input is raw mV, not an identified author filter",REQUIRES_PROCESSED_SIGNAL,EXACT,12.0,12,0.0
R_Amp_II,R_Amp,ExtractAmplitudeFeaturesFromFPT,signal sample at the peak fiducial,"sample at fiducial; best tested input is raw mV, not an identified author filter",REQUIRES_PROCESSED_SIGNAL,CALCULABLE_BUT_DIFFERENT,0.975,0.9784999999999999,0.0034999999999999476
R_Amp_II_iqr,R_Amp,ExtractAmplitudeFeaturesFromFPT,signal sample at the peak fiducial,"sample at fiducial; best tested input is raw mV, not an identified author filter",REQUIRES_PROCESSED_SIGNAL,CALCULABLE_BUT_DIFFERENT,0.045,0.04375000000000007,0.0012499999999999317
R_Amp_II_count,R_Amp,ExtractAmplitudeFeaturesFromFPT,signal sample at the peak fiducial,"sample at fiducial; best tested input is raw mV, not an identified author filter",REQUIRES_PROCESSED_SIGNAL,EXACT,12.0,12,0.0
R_Amp_III,R_Amp,ExtractAmplitudeFeaturesFromFPT,signal sample at the peak fiducial,"sample at fiducial; best tested input is raw mV, not an identified author filter",REQUIRES_PROCESSED_SIGNAL,CALCULABLE_BUT_DIFFERENT,-0.71,-0.7075,0.0024999999999999467
R_Amp_III_iqr,R_Amp,ExtractAmplitudeFeaturesFromFPT,signal sample at the peak fiducial,"sample at fiducial; best tested input is raw mV, not an identified author filter",REQUIRES_PROCESSED_SIGNAL,CALCULABLE_BUT_DIFFERENT,0.14,0.13249999999999995,0.007500000000000062
R_Amp_III_count,R_Amp,ExtractAmplitudeFeaturesFromFPT,signal sample at the peak fiducial,"sample at fiducial; best tested input is raw mV, not an identified author filter",REQUIRES_PROCESSED_SIGNAL,EXACT,12.0,12,0.0
R_Amp_V1,R_Amp,ExtractAmplitudeFeaturesFromFPT,signal sample at the peak fiducial,"sample at fiducial; best tested input is raw mV, not an identified author filter",REQUIRES_PROCESSED_SIGNAL,CALCULABLE_BUT_DIFFERENT,-0.955,-0.9525,0.0024999999999999467
R_Amp_V1_iqr,R_Amp,ExtractAmplitudeFeaturesFromFPT,signal sample at the peak fiducial,"sample at fiducial; best tested input is raw mV, not an identified author filter",REQUIRES_PROCESSED_SIGNAL,CALCULABLE_BUT_DIFFERENT,0.1149999999999999,0.11649999999999994,0.001500000000000043
R_Amp_V1_count,R_Amp,ExtractAmplitudeFeaturesFromFPT,signal sample at the peak fiducial,"sample at fiducial; best tested input is raw mV, not an identified author filter",REQUIRES_PROCESSED_SIGNAL,EXACT,12.0,12,0.0
R_Amp_V2,R_Amp,ExtractAmplitudeFeaturesFromFPT,signal sample at the peak fiducial,"sample at fiducial; best tested input is raw mV, not an identified author filter",REQUIRES_PROCESSED_SIGNAL,CALCULABLE_BUT_DIFFERENT,0.885,0.8835,0.0015000000000000568
R_Amp_V2_iqr,R_Amp,ExtractAmplitudeFeaturesFromFPT,signal sample at the peak fiducial,"sample at fiducial; best tested input is raw mV, not an identified author filter",REQUIRES_PROCESSED_SIGNAL,CALCULABLE_BUT_DIFFERENT,0.075,0.07250000000000001,0.0024999999999999883
R_Amp_V2_count,R_Amp,ExtractAmplitudeFeaturesFromFPT,signal sample at the peak fiducial,"sample at fiducial; best tested input is raw mV, not an identified author filter",REQUIRES_PROCESSED_SIGNAL,EXACT,12.0,12,0.0
R_Amp_V3,R_Amp,ExtractAmplitudeFeaturesFromFPT,signal sample at the peak fiducial,"sample at fiducial; best tested input is raw mV, not an identified author filter",REQUIRES_PROCESSED_SIGNAL,CALCULABLE_BUT_DIFFERENT,1.68,1.681,0.001000000000000112
R_Amp_V3_iqr,R_Amp,ExtractAmplitudeFeaturesFromFPT,signal sample at the peak fiducial,"sample at fiducial; best tested input is raw mV, not an identified author filter",REQUIRES_PROCESSED_SIGNAL,CALCULABLE_BUT_DIFFERENT,0.0949999999999999,0.10150000000000015,0.006500000000000242
R_Amp_V3_count,R_Amp,ExtractAmplitudeFeaturesFromFPT,signal sample at the peak fiducial,"sample at fiducial; best tested input is raw mV, not an identified author filter",REQUIRES_PROCESSED_SIGNAL,EXACT,12.0,12,0.0
R_Amp_V4,R_Amp,ExtractAmplitudeFeaturesFromFPT,signal sample at the peak fiducial,"sample at fiducial; best tested input is raw mV, not an identified author filter",REQUIRES_PROCESSED_SIGNAL,CALCULABLE_BUT_DIFFERENT,1.835,1.8395000000000001,0.0045000000000001705
R_Amp_V4_iqr,R_Amp,ExtractAmplitudeFeaturesFromFPT,signal sample at the peak fiducial,"sample at fiducial; best tested input is raw mV, not an identified author filter",REQUIRES_PROCESSED_SIGNAL,CALCULABLE_BUT_DIFFERENT,0.1624999999999998,0.15549999999999997,0.00699999999999984
R_Amp_V4_count,R_Amp,ExtractAmplitudeFeaturesFromFPT,signal sample at the peak fiducial,"sample at fiducial; best tested input is raw mV, not an identified author filter",REQUIRES_PROCESSED_SIGNAL,EXACT,12.0,12,0.0
R_Amp_V5,R_Amp,ExtractAmplitudeFeaturesFromFPT,signal sample at the peak fiducial,"sample at fiducial; best tested input is raw mV, not an identified author filter",REQUIRES_PROCESSED_SIGNAL,CALCULABLE_BUT_DIFFERENT,1.6,1.5985,0.0015000000000000568
R_Amp_V5_iqr,R_Amp,ExtractAmplitudeFeaturesFromFPT,signal sample at the peak fiducial,"sample at fiducial; best tested input is raw mV, not an identified author filter",REQUIRES_PROCESSED_SIGNAL,CALCULABLE_BUT_DIFFERENT,0.0749999999999997,0.07124999999999981,0.0037499999999998923
R_Amp_V5_count,R_Amp,ExtractAmplitudeFeaturesFromFPT,signal sample at the peak fiducial,"sample at fiducial; best tested input is raw mV, not an identified author filter",REQUIRES_PROCESSED_SIGNAL,EXACT,12.0,12,0.0
R_Amp_V6,R_Amp,ExtractAmplitudeFeaturesFromFPT,signal sample at the peak fiducial,"sample at fiducial; best tested input is raw mV, not an identified author filter",REQUIRES_PROCESSED_SIGNAL,CALCULABLE_BUT_DIFFERENT,1.17,1.172,0.0020000000000000018
R_Amp_V6_iqr,R_Amp,ExtractAmplitudeFeaturesFromFPT,signal sample at the peak fiducial,"sample at fiducial; best tested input is raw mV, not an identified author filter",REQUIRES_PROCESSED_SIGNAL,CALCULABLE_BUT_DIFFERENT,0.0524999999999999,0.052000000000000046,0.0004999999999998547
R_Amp_V6_count,R_Amp,ExtractAmplitudeFeaturesFromFPT,signal sample at the peak fiducial,"sample at fiducial; best tested input is raw mV, not an identified author filter",REQUIRES_PROCESSED_SIGNAL,EXACT,12.0,12,0.0
R_Amp_aVF,R_Amp,ExtractAmplitudeFeaturesFromFPT,signal sample at the peak fiducial,"sample at fiducial; best tested input is raw mV, not an identified author filter",REQUIRES_PROCESSED_SIGNAL,CALCULABLE_BUT_DIFFERENT,0.255,0.2525,0.0025000000000000022
R_Amp_aVF_iqr,R_Amp,ExtractAmplitudeFeaturesFromFPT,signal sample at the peak fiducial,"sample at fiducial; best tested input is raw mV, not an identified author filter",REQUIRES_PROCESSED_SIGNAL,CALCULABLE_BUT_DIFFERENT,0.09,0.08924999999999997,0.0007500000000000284
R_Amp_aVF_count,R_Amp,ExtractAmplitudeFeaturesFromFPT,signal sample at the peak fiducial,"sample at fiducial; best tested input is raw mV, not an identified author filter",REQUIRES_PROCESSED_SIGNAL,EXACT,12.0,12,0.0
R_Amp_aVL,R_Amp,ExtractAmplitudeFeaturesFromFPT,signal sample at the peak fiducial,"sample at fiducial; best tested input is raw mV, not an identified author filter",REQUIRES_PROCESSED_SIGNAL,CALCULABLE_BUT_DIFFERENT,1.15,1.1495,0.0004999999999999449
R_Amp_aVL_iqr,R_Amp,ExtractAmplitudeFeaturesFromFPT,signal sample at the peak fiducial,"sample at fiducial; best tested input is raw mV, not an identified author filter",REQUIRES_PROCESSED_SIGNAL,CALCULABLE_BUT_DIFFERENT,0.1549999999999998,0.15174999999999983,0.003249999999999975
R_Amp_aVL_count,R_Amp,ExtractAmplitudeFeaturesFromFPT,signal sample at the peak fiducial,"sample at fiducial; best tested input is raw mV, not an identified author filter",REQUIRES_PROCESSED_SIGNAL,EXACT,12.0,12,0.0
R_Amp_aVR,R_Amp,ExtractAmplitudeFeaturesFromFPT,signal sample at the peak fiducial,"sample at fiducial; best tested input is raw mV, not an identified author filter",REQUIRES_PROCESSED_SIGNAL,CALCULABLE_BUT_DIFFERENT,-1.3,-1.3010000000000002,0.001000000000000112
R_Amp_aVR_iqr,R_Amp,ExtractAmplitudeFeaturesFromFPT,signal sample at the peak fiducial,"sample at fiducial; best tested input is raw mV, not an identified author filter",REQUIRES_PROCESSED_SIGNAL,CALCULABLE_BUT_DIFFERENT,0.09,0.09274999999999989,0.0027499999999998914
R_Amp_aVR_count,R_Amp,ExtractAmplitudeFeaturesFromFPT,signal sample at the peak fiducial,"sample at fiducial; best tested input is raw mV, not an identified author filter",REQUIRES_PROCESSED_SIGNAL,EXACT,12.0,12,0.0
RR_Mean_Global,RR_Mean,ExtractIntervalFeaturesFromFPT,published fiducial sample indices,"interval formulas and, for global QTc, Framingham on unpadded global RR",EXACT,EXACT,862.0,862.0,0.0
RR_Mean_Global_iqr,RR_Mean,ExtractIntervalFeaturesFromFPT,published fiducial sample indices,"interval formulas and, for global QTc, Framingham on unpadded global RR",EXACT,EXACT,37.0,37.0,0.0
RR_Mean_Global_count,RR_Mean,ExtractIntervalFeaturesFromFPT,published fiducial sample indices,"interval formulas and, for global QTc, Framingham on unpadded global RR",EXACT,EXACT,11.0,11.0,0.0
S_Amp_I,S_Amp,ExtractAmplitudeFeaturesFromFPT,signal sample at the peak fiducial,"sample at fiducial; best tested input is raw mV, not an identified author filter",REQUIRES_PROCESSED_SIGNAL,EXACT,-0.12,-0.12,0.0
S_Amp_I_iqr,S_Amp,ExtractAmplitudeFeaturesFromFPT,signal sample at the peak fiducial,"sample at fiducial; best tested input is raw mV, not an identified author filter",REQUIRES_PROCESSED_SIGNAL,CALCULABLE_BUT_DIFFERENT,0.0525,0.0505,0.001999999999999995
S_Amp_I_count,S_Amp,ExtractAmplitudeFeaturesFromFPT,signal sample at the peak fiducial,"sample at fiducial; best tested input is raw mV, not an identified author filter",REQUIRES_PROCESSED_SIGNAL,EXACT,12.0,12,0.0
S_Amp_II,S_Amp,ExtractAmplitudeFeaturesFromFPT,signal sample at the peak fiducial,"sample at fiducial; best tested input is raw mV, not an identified author filter",REQUIRES_PROCESSED_SIGNAL,CALCULABLE_BUT_DIFFERENT,-0.0849999999999999,-0.0815,0.003499999999999892
S_Amp_II_iqr,S_Amp,ExtractAmplitudeFeaturesFromFPT,signal sample at the peak fiducial,"sample at fiducial; best tested input is raw mV, not an identified author filter",REQUIRES_PROCESSED_SIGNAL,CALCULABLE_BUT_DIFFERENT,0.0375,0.031,0.006499999999999999
S_Amp_II_count,S_Amp,ExtractAmplitudeFeaturesFromFPT,signal sample at the peak fiducial,"sample at fiducial; best tested input is raw mV, not an identified author filter",REQUIRES_PROCESSED_SIGNAL,EXACT,12.0,12,0.0
S_Amp_III,S_Amp,ExtractAmplitudeFeaturesFromFPT,signal sample at the peak fiducial,"sample at fiducial; best tested input is raw mV, not an identified author filter",REQUIRES_PROCESSED_SIGNAL,CALCULABLE_BUT_DIFFERENT,-0.02,-0.0225,0.0024999999999999988
S_Amp_III_iqr,S_Amp,ExtractAmplitudeFeaturesFromFPT,signal sample at the peak fiducial,"sample at fiducial; best tested input is raw mV, not an identified author filter",REQUIRES_PROCESSED_SIGNAL,CALCULABLE_BUT_DIFFERENT,0.09,0.09525,0.005250000000000005
S_Amp_III_count,S_Amp,ExtractAmplitudeFeaturesFromFPT,signal sample at the peak fiducial,"sample at fiducial; best tested input is raw mV, not an identified author filter",REQUIRES_PROCESSED_SIGNAL,EXACT,12.0,12,0.0
S_Amp_V1,S_Amp,ExtractAmplitudeFeaturesFromFPT,signal sample at the peak fiducial,"sample at fiducial; best tested input is raw mV, not an identified author filter",REQUIRES_PROCESSED_SIGNAL,CALCULABLE_BUT_DIFFERENT,0.02,0.018000000000000002,0.0019999999999999983
S_Amp_V1_iqr,S_Amp,ExtractAmplitudeFeaturesFromFPT,signal sample at the peak fiducial,"sample at fiducial; best tested input is raw mV, not an identified author filter",REQUIRES_PROCESSED_SIGNAL,CALCULABLE_BUT_DIFFERENT,0.025,0.025750000000000002,0.0007500000000000007
S_Amp_V1_count,S_Amp,ExtractAmplitudeFeaturesFromFPT,signal sample at the peak fiducial,"sample at fiducial; best tested input is raw mV, not an identified author filter",REQUIRES_PROCESSED_SIGNAL,EXACT,12.0,12,0.0
S_Amp_V2,S_Amp,ExtractAmplitudeFeaturesFromFPT,signal sample at the peak fiducial,"sample at fiducial; best tested input is raw mV, not an identified author filter",REQUIRES_PROCESSED_SIGNAL,CALCULABLE_BUT_DIFFERENT,-0.735,-0.7335,0.0014999999999999458
S_Amp_V2_iqr,S_Amp,ExtractAmplitudeFeaturesFromFPT,signal sample at the peak fiducial,"sample at fiducial; best tested input is raw mV, not an identified author filter",REQUIRES_PROCESSED_SIGNAL,CALCULABLE_BUT_DIFFERENT,0.05,0.05499999999999994,0.004999999999999935
S_Amp_V2_count,S_Amp,ExtractAmplitudeFeaturesFromFPT,signal sample at the peak fiducial,"sample at fiducial; best tested input is raw mV, not an identified author filter",REQUIRES_PROCESSED_SIGNAL,EXACT,12.0,12,0.0
S_Amp_V3,S_Amp,ExtractAmplitudeFeaturesFromFPT,signal sample at the peak fiducial,"sample at fiducial; best tested input is raw mV, not an identified author filter",REQUIRES_PROCESSED_SIGNAL,CALCULABLE_BUT_DIFFERENT,-0.325,-0.323,0.0020000000000000018
S_Amp_V3_iqr,S_Amp,ExtractAmplitudeFeaturesFromFPT,signal sample at the peak fiducial,"sample at fiducial; best tested input is raw mV, not an identified author filter",REQUIRES_PROCESSED_SIGNAL,CALCULABLE_BUT_DIFFERENT,0.0575,0.05924999999999997,0.0017499999999999669
S_Amp_V3_count,S_Amp,ExtractAmplitudeFeaturesFromFPT,signal sample at the peak fiducial,"sample at fiducial; best tested input is raw mV, not an identified author filter",REQUIRES_PROCESSED_SIGNAL,EXACT,12.0,12,0.0
S_Amp_V4,S_Amp,ExtractAmplitudeFeaturesFromFPT,signal sample at the peak fiducial,"sample at fiducial; best tested input is raw mV, not an identified author filter",REQUIRES_PROCESSED_SIGNAL,CALCULABLE_BUT_DIFFERENT,-0.13,-0.1285,0.0015000000000000013
S_Amp_V4_iqr,S_Amp,ExtractAmplitudeFeaturesFromFPT,signal sample at the peak fiducial,"sample at fiducial; best tested input is raw mV, not an identified author filter",REQUIRES_PROCESSED_SIGNAL,CALCULABLE_BUT_DIFFERENT,0.03,0.026249999999999996,0.0037500000000000033
S_Amp_V4_count,S_Amp,ExtractAmplitudeFeaturesFromFPT,signal sample at the peak fiducial,"sample at fiducial; best tested input is raw mV, not an identified author filter",REQUIRES_PROCESSED_SIGNAL,EXACT,12.0,12,0.0
S_Amp_V5,S_Amp,ExtractAmplitudeFeaturesFromFPT,signal sample at the peak fiducial,"sample at fiducial; best tested input is raw mV, not an identified author filter",REQUIRES_PROCESSED_SIGNAL,CALCULABLE_BUT_DIFFERENT,-0.065,-0.061,0.0040000000000000036
S_Amp_V5_iqr,S_Amp,ExtractAmplitudeFeaturesFromFPT,signal sample at the peak fiducial,"sample at fiducial; best tested input is raw mV, not an identified author filter",REQUIRES_PROCESSED_SIGNAL,CALCULABLE_BUT_DIFFERENT,0.04,0.0375,0.0025000000000000022
S_Amp_V5_count,S_Amp,ExtractAmplitudeFeaturesFromFPT,signal sample at the peak fiducial,"sample at fiducial; best tested input is raw mV, not an identified author filter",REQUIRES_PROCESSED_SIGNAL,EXACT,12.0,12,0.0
S_Amp_V6,S_Amp,ExtractAmplitudeFeaturesFromFPT,signal sample at the peak fiducial,"sample at fiducial; best tested input is raw mV, not an identified author filter",REQUIRES_PROCESSED_SIGNAL,CALCULABLE_BUT_DIFFERENT,-0.09,-0.086,0.0040000000000000036
S_Amp_V6_iqr,S_Amp,ExtractAmplitudeFeaturesFromFPT,signal sample at the peak fiducial,"sample at fiducial; best tested input is raw mV, not an identified author filter",REQUIRES_PROCESSED_SIGNAL,CALCULABLE_BUT_DIFFERENT,0.0625,0.0675,0.0050000000000000044
S_Amp_V6_count,S_Amp,ExtractAmplitudeFeaturesFromFPT,signal sample at the peak fiducial,"sample at fiducial; best tested input is raw mV, not an identified author filter",REQUIRES_PROCESSED_SIGNAL,EXACT,12.0,12,0.0
S_Amp_aVF,S_Amp,ExtractAmplitudeFeaturesFromFPT,signal sample at the peak fiducial,"sample at fiducial; best tested input is raw mV, not an identified author filter",REQUIRES_PROCESSED_SIGNAL,CALCULABLE_BUT_DIFFERENT,-0.065,-0.0635,0.0015000000000000013
S_Amp_aVF_iqr,S_Amp,ExtractAmplitudeFeaturesFromFPT,signal sample at the peak fiducial,"sample at fiducial; best tested input is raw mV, not an identified author filter",REQUIRES_PROCESSED_SIGNAL,CALCULABLE_BUT_DIFFERENT,0.0275,0.029250000000000005,0.001750000000000005
S_Amp_aVF_count,S_Amp,ExtractAmplitudeFeaturesFromFPT,signal sample at the peak fiducial,"sample at fiducial; best tested input is raw mV, not an identified author filter",REQUIRES_PROCESSED_SIGNAL,EXACT,12.0,12,0.0
S_Amp_aVL,S_Amp,ExtractAmplitudeFeaturesFromFPT,signal sample at the peak fiducial,"sample at fiducial; best tested input is raw mV, not an identified author filter",REQUIRES_PROCESSED_SIGNAL,CALCULABLE_BUT_DIFFERENT,-0.07,-0.07250000000000001,0.0025000000000000022
S_Amp_aVL_iqr,S_Amp,ExtractAmplitudeFeaturesFromFPT,signal sample at the peak fiducial,"sample at fiducial; best tested input is raw mV, not an identified author filter",REQUIRES_PROCESSED_SIGNAL,CALCULABLE_BUT_DIFFERENT,0.0699999999999999,0.073,0.0030000000000001
S_Amp_aVL_count,S_Amp,ExtractAmplitudeFeaturesFromFPT,signal sample at the peak fiducial,"sample at fiducial; best tested input is raw mV, not an identified author filter",REQUIRES_PROCESSED_SIGNAL,EXACT,12.0,12,0.0
S_Amp_aVR,S_Amp,ExtractAmplitudeFeaturesFromFPT,signal sample at the peak fiducial,"sample at fiducial; best tested input is raw mV, not an identified author filter",REQUIRES_PROCESSED_SIGNAL,CALCULABLE_BUT_DIFFERENT,0.07,0.07050000000000001,0.0005000000000000004
S_Amp_aVR_iqr,S_Amp,ExtractAmplitudeFeaturesFromFPT,signal sample at the peak fiducial,"sample at fiducial; best tested input is raw mV, not an identified author filter",REQUIRES_PROCESSED_SIGNAL,CALCULABLE_BUT_DIFFERENT,0.035,0.036000000000000004,0.0010000000000000009
S_Amp_aVR_count,S_Amp,ExtractAmplitudeFeaturesFromFPT,signal sample at the peak fiducial,"sample at fiducial; best tested input is raw mV, not an identified author filter",REQUIRES_PROCESSED_SIGNAL,EXACT,12.0,12,0.0
ST_Elev_I,ST_Elev,none in ECGDeli 1.1,unknown,unknown,AUTHOR_ALGORITHM_UNKNOWN,NOT_IN_ECGDELI,-0.355,,
ST_Elev_I_iqr,ST_Elev,none in ECGDeli 1.1,unknown,unknown,AUTHOR_ALGORITHM_UNKNOWN,NOT_IN_ECGDELI,0.085,,
ST_Elev_I_count,ST_Elev,none in ECGDeli 1.1,unknown,unknown,AUTHOR_ALGORITHM_UNKNOWN,NOT_IN_ECGDELI,12.0,,
ST_Elev_II,ST_Elev,none in ECGDeli 1.1,unknown,unknown,AUTHOR_ALGORITHM_UNKNOWN,NOT_IN_ECGDELI,-0.71,,
ST_Elev_II_iqr,ST_Elev,none in ECGDeli 1.1,unknown,unknown,AUTHOR_ALGORITHM_UNKNOWN,NOT_IN_ECGDELI,0.0949999999999999,,
ST_Elev_II_count,ST_Elev,none in ECGDeli 1.1,unknown,unknown,AUTHOR_ALGORITHM_UNKNOWN,NOT_IN_ECGDELI,12.0,,
ST_Elev_III,ST_Elev,none in ECGDeli 1.1,unknown,unknown,AUTHOR_ALGORITHM_UNKNOWN,NOT_IN_ECGDELI,-0.165,,
ST_Elev_III_iqr,ST_Elev,none in ECGDeli 1.1,unknown,unknown,AUTHOR_ALGORITHM_UNKNOWN,NOT_IN_ECGDELI,0.08,,
ST_Elev_III_count,ST_Elev,none in ECGDeli 1.1,unknown,unknown,AUTHOR_ALGORITHM_UNKNOWN,NOT_IN_ECGDELI,12.0,,
ST_Elev_V1,ST_Elev,none in ECGDeli 1.1,unknown,unknown,AUTHOR_ALGORITHM_UNKNOWN,NOT_IN_ECGDELI,0.315,,
ST_Elev_V1_iqr,ST_Elev,none in ECGDeli 1.1,unknown,unknown,AUTHOR_ALGORITHM_UNKNOWN,NOT_IN_ECGDELI,0.0824999999999999,,
ST_Elev_V1_count,ST_Elev,none in ECGDeli 1.1,unknown,unknown,AUTHOR_ALGORITHM_UNKNOWN,NOT_IN_ECGDELI,12.0,,
ST_Elev_V2,ST_Elev,none in ECGDeli 1.1,unknown,unknown,AUTHOR_ALGORITHM_UNKNOWN,NOT_IN_ECGDELI,0.045,,
ST_Elev_V2_iqr,ST_Elev,none in ECGDeli 1.1,unknown,unknown,AUTHOR_ALGORITHM_UNKNOWN,NOT_IN_ECGDELI,0.055,,
ST_Elev_V2_count,ST_Elev,none in ECGDeli 1.1,unknown,unknown,AUTHOR_ALGORITHM_UNKNOWN,NOT_IN_ECGDELI,12.0,,
ST_Elev_V3,ST_Elev,none in ECGDeli 1.1,unknown,unknown,AUTHOR_ALGORITHM_UNKNOWN,NOT_IN_ECGDELI,-0.175,,
ST_Elev_V3_iqr,ST_Elev,none in ECGDeli 1.1,unknown,unknown,AUTHOR_ALGORITHM_UNKNOWN,NOT_IN_ECGDELI,0.06,,
ST_Elev_V3_count,ST_Elev,none in ECGDeli 1.1,unknown,unknown,AUTHOR_ALGORITHM_UNKNOWN,NOT_IN_ECGDELI,12.0,,
ST_Elev_V4,ST_Elev,none in ECGDeli 1.1,unknown,unknown,AUTHOR_ALGORITHM_UNKNOWN,NOT_IN_ECGDELI,-0.58,,
ST_Elev_V4_iqr,ST_Elev,none in ECGDeli 1.1,unknown,unknown,AUTHOR_ALGORITHM_UNKNOWN,NOT_IN_ECGDELI,0.1149999999999998,,
ST_Elev_V4_count,ST_Elev,none in ECGDeli 1.1,unknown,unknown,AUTHOR_ALGORITHM_UNKNOWN,NOT_IN_ECGDELI,12.0,,
ST_Elev_V5,ST_Elev,none in ECGDeli 1.1,unknown,unknown,AUTHOR_ALGORITHM_UNKNOWN,NOT_IN_ECGDELI,-0.89,,
ST_Elev_V5_iqr,ST_Elev,none in ECGDeli 1.1,unknown,unknown,AUTHOR_ALGORITHM_UNKNOWN,NOT_IN_ECGDELI,0.1224999999999999,,
ST_Elev_V5_count,ST_Elev,none in ECGDeli 1.1,unknown,unknown,AUTHOR_ALGORITHM_UNKNOWN,NOT_IN_ECGDELI,12.0,,
ST_Elev_V6,ST_Elev,none in ECGDeli 1.1,unknown,unknown,AUTHOR_ALGORITHM_UNKNOWN,NOT_IN_ECGDELI,-0.76,,
ST_Elev_V6_iqr,ST_Elev,none in ECGDeli 1.1,unknown,unknown,AUTHOR_ALGORITHM_UNKNOWN,NOT_IN_ECGDELI,0.1999999999999999,,
ST_Elev_V6_count,ST_Elev,none in ECGDeli 1.1,unknown,unknown,AUTHOR_ALGORITHM_UNKNOWN,NOT_IN_ECGDELI,12.0,,
ST_Elev_aVF,ST_Elev,none in ECGDeli 1.1,unknown,unknown,AUTHOR_ALGORITHM_UNKNOWN,NOT_IN_ECGDELI,-0.42,,
ST_Elev_aVF_iqr,ST_Elev,none in ECGDeli 1.1,unknown,unknown,AUTHOR_ALGORITHM_UNKNOWN,NOT_IN_ECGDELI,0.1099999999999999,,
ST_Elev_aVF_count,ST_Elev,none in ECGDeli 1.1,unknown,unknown,AUTHOR_ALGORITHM_UNKNOWN,NOT_IN_ECGDELI,12.0,,
ST_Elev_aVL,ST_Elev,none in ECGDeli 1.1,unknown,unknown,AUTHOR_ALGORITHM_UNKNOWN,NOT_IN_ECGDELI,-0.09,,
ST_Elev_aVL_iqr,ST_Elev,none in ECGDeli 1.1,unknown,unknown,AUTHOR_ALGORITHM_UNKNOWN,NOT_IN_ECGDELI,0.0975,,
ST_Elev_aVL_count,ST_Elev,none in ECGDeli 1.1,unknown,unknown,AUTHOR_ALGORITHM_UNKNOWN,NOT_IN_ECGDELI,12.0,,
ST_Elev_aVR,ST_Elev,none in ECGDeli 1.1,unknown,unknown,AUTHOR_ALGORITHM_UNKNOWN,NOT_IN_ECGDELI,0.605,,
ST_Elev_aVR_iqr,ST_Elev,none in ECGDeli 1.1,unknown,unknown,AUTHOR_ALGORITHM_UNKNOWN,NOT_IN_ECGDELI,0.1149999999999999,,
ST_Elev_aVR_count,ST_Elev,none in ECGDeli 1.1,unknown,unknown,AUTHOR_ALGORITHM_UNKNOWN,NOT_IN_ECGDELI,12.0,,
T_Amp_I,T_Amp,ExtractAmplitudeFeaturesFromFPT,signal sample at the peak fiducial,"sample at fiducial; best tested input is raw mV, not an identified author filter",REQUIRES_PROCESSED_SIGNAL,CALCULABLE_BUT_DIFFERENT,0.065,0.066,0.0010000000000000009
T_Amp_I_iqr,T_Amp,ExtractAmplitudeFeaturesFromFPT,signal sample at the peak fiducial,"sample at fiducial; best tested input is raw mV, not an identified author filter",REQUIRES_PROCESSED_SIGNAL,CALCULABLE_BUT_DIFFERENT,0.03,0.03075,0.0007500000000000007
T_Amp_I_count,T_Amp,ExtractAmplitudeFeaturesFromFPT,signal sample at the peak fiducial,"sample at fiducial; best tested input is raw mV, not an identified author filter",REQUIRES_PROCESSED_SIGNAL,EXACT,12.0,12,0.0
T_Amp_II,T_Amp,ExtractAmplitudeFeaturesFromFPT,signal sample at the peak fiducial,"sample at fiducial; best tested input is raw mV, not an identified author filter",REQUIRES_PROCESSED_SIGNAL,CALCULABLE_BUT_DIFFERENT,-0.1,-0.1015,0.0015000000000000013
T_Amp_II_iqr,T_Amp,ExtractAmplitudeFeaturesFromFPT,signal sample at the peak fiducial,"sample at fiducial; best tested input is raw mV, not an identified author filter",REQUIRES_PROCESSED_SIGNAL,CALCULABLE_BUT_DIFFERENT,0.025,0.028749999999999998,0.0037499999999999964
T_Amp_II_count,T_Amp,ExtractAmplitudeFeaturesFromFPT,signal sample at the peak fiducial,"sample at fiducial; best tested input is raw mV, not an identified author filter",REQUIRES_PROCESSED_SIGNAL,EXACT,12.0,12,0.0
T_Amp_III,T_Amp,ExtractAmplitudeFeaturesFromFPT,signal sample at the peak fiducial,"sample at fiducial; best tested input is raw mV, not an identified author filter",REQUIRES_PROCESSED_SIGNAL,CALCULABLE_BUT_DIFFERENT,-0.15,-0.1525,0.0025000000000000022
T_Amp_III_iqr,T_Amp,ExtractAmplitudeFeaturesFromFPT,signal sample at the peak fiducial,"sample at fiducial; best tested input is raw mV, not an identified author filter",REQUIRES_PROCESSED_SIGNAL,CALCULABLE_BUT_DIFFERENT,0.055,0.05700000000000001,0.0020000000000000087
T_Amp_III_count,T_Amp,ExtractAmplitudeFeaturesFromFPT,signal sample at the peak fiducial,"sample at fiducial; best tested input is raw mV, not an identified author filter",REQUIRES_PROCESSED_SIGNAL,EXACT,12.0,12,0.0
T_Amp_V1,T_Amp,ExtractAmplitudeFeaturesFromFPT,signal sample at the peak fiducial,"sample at fiducial; best tested input is raw mV, not an identified author filter",REQUIRES_PROCESSED_SIGNAL,EXACT,0.11,0.11,0.0
T_Amp_V1_iqr,T_Amp,ExtractAmplitudeFeaturesFromFPT,signal sample at the peak fiducial,"sample at fiducial; best tested input is raw mV, not an identified author filter",REQUIRES_PROCESSED_SIGNAL,CALCULABLE_BUT_DIFFERENT,0.0249999999999999,0.023499999999999993,0.0014999999999999077
T_Amp_V1_count,T_Amp,ExtractAmplitudeFeaturesFromFPT,signal sample at the peak fiducial,"sample at fiducial; best tested input is raw mV, not an identified author filter",REQUIRES_PROCESSED_SIGNAL,EXACT,12.0,12,0.0
T_Amp_V2,T_Amp,ExtractAmplitudeFeaturesFromFPT,signal sample at the peak fiducial,"sample at fiducial; best tested input is raw mV, not an identified author filter",REQUIRES_PROCESSED_SIGNAL,CALCULABLE_BUT_DIFFERENT,0.29,0.2905,0.0005000000000000004
T_Amp_V2_iqr,T_Amp,ExtractAmplitudeFeaturesFromFPT,signal sample at the peak fiducial,"sample at fiducial; best tested input is raw mV, not an identified author filter",REQUIRES_PROCESSED_SIGNAL,CALCULABLE_BUT_DIFFERENT,0.0399999999999999,0.04574999999999996,0.005750000000000061
T_Amp_V2_count,T_Amp,ExtractAmplitudeFeaturesFromFPT,signal sample at the peak fiducial,"sample at fiducial; best tested input is raw mV, not an identified author filter",REQUIRES_PROCESSED_SIGNAL,EXACT,12.0,12,0.0
T_Amp_V3,T_Amp,ExtractAmplitudeFeaturesFromFPT,signal sample at the peak fiducial,"sample at fiducial; best tested input is raw mV, not an identified author filter",REQUIRES_PROCESSED_SIGNAL,CALCULABLE_BUT_DIFFERENT,0.17,0.174,0.003999999999999976
T_Amp_V3_iqr,T_Amp,ExtractAmplitudeFeaturesFromFPT,signal sample at the peak fiducial,"sample at fiducial; best tested input is raw mV, not an identified author filter",REQUIRES_PROCESSED_SIGNAL,CALCULABLE_BUT_DIFFERENT,0.0375,0.04025000000000001,0.0027500000000000094
T_Amp_V3_count,T_Amp,ExtractAmplitudeFeaturesFromFPT,signal sample at the peak fiducial,"sample at fiducial; best tested input is raw mV, not an identified author filter",REQUIRES_PROCESSED_SIGNAL,EXACT,12.0,12,0.0
T_Amp_V4,T_Amp,ExtractAmplitudeFeaturesFromFPT,signal sample at the peak fiducial,"sample at fiducial; best tested input is raw mV, not an identified author filter",REQUIRES_PROCESSED_SIGNAL,CALCULABLE_BUT_DIFFERENT,0.055,0.0545,0.0005000000000000004
T_Amp_V4_iqr,T_Amp,ExtractAmplitudeFeaturesFromFPT,signal sample at the peak fiducial,"sample at fiducial; best tested input is raw mV, not an identified author filter",REQUIRES_PROCESSED_SIGNAL,CALCULABLE_BUT_DIFFERENT,0.035,0.036500000000000005,0.0015000000000000013
T_Amp_V4_count,T_Amp,ExtractAmplitudeFeaturesFromFPT,signal sample at the peak fiducial,"sample at fiducial; best tested input is raw mV, not an identified author filter",REQUIRES_PROCESSED_SIGNAL,EXACT,12.0,12,0.0
T_Amp_V5,T_Amp,ExtractAmplitudeFeaturesFromFPT,signal sample at the peak fiducial,"sample at fiducial; best tested input is raw mV, not an identified author filter",REQUIRES_PROCESSED_SIGNAL,CALCULABLE_BUT_DIFFERENT,-0.115,-0.119,0.00399999999999999
T_Amp_V5_iqr,T_Amp,ExtractAmplitudeFeaturesFromFPT,signal sample at the peak fiducial,"sample at fiducial; best tested input is raw mV, not an identified author filter",REQUIRES_PROCESSED_SIGNAL,CALCULABLE_BUT_DIFFERENT,0.0475,0.05499999999999999,0.007499999999999993
T_Amp_V5_count,T_Amp,ExtractAmplitudeFeaturesFromFPT,signal sample at the peak fiducial,"sample at fiducial; best tested input is raw mV, not an identified author filter",REQUIRES_PROCESSED_SIGNAL,EXACT,12.0,12,0.0
T_Amp_V6,T_Amp,ExtractAmplitudeFeaturesFromFPT,signal sample at the peak fiducial,"sample at fiducial; best tested input is raw mV, not an identified author filter",REQUIRES_PROCESSED_SIGNAL,CALCULABLE_BUT_DIFFERENT,-0.11,-0.11499999999999999,0.0049999999999999906
T_Amp_V6_iqr,T_Amp,ExtractAmplitudeFeaturesFromFPT,signal sample at the peak fiducial,"sample at fiducial; best tested input is raw mV, not an identified author filter",REQUIRES_PROCESSED_SIGNAL,CALCULABLE_BUT_DIFFERENT,0.0575,0.06225,0.004749999999999997
T_Amp_V6_count,T_Amp,ExtractAmplitudeFeaturesFromFPT,signal sample at the peak fiducial,"sample at fiducial; best tested input is raw mV, not an identified author filter",REQUIRES_PROCESSED_SIGNAL,EXACT,12.0,12,0.0
T_Amp_aVF,T_Amp,ExtractAmplitudeFeaturesFromFPT,signal sample at the peak fiducial,"sample at fiducial; best tested input is raw mV, not an identified author filter",REQUIRES_PROCESSED_SIGNAL,CALCULABLE_BUT_DIFFERENT,-0.1149999999999999,-0.11649999999999999,0.0015000000000000985
T_Amp_aVF_iqr,T_Amp,ExtractAmplitudeFeaturesFromFPT,signal sample at the peak fiducial,"sample at fiducial; best tested input is raw mV, not an identified author filter",REQUIRES_PROCESSED_SIGNAL,CALCULABLE_BUT_DIFFERENT,0.0425,0.048250000000000015,0.005750000000000012
T_Amp_aVF_count,T_Amp,ExtractAmplitudeFeaturesFromFPT,signal sample at the peak fiducial,"sample at fiducial; best tested input is raw mV, not an identified author filter",REQUIRES_PROCESSED_SIGNAL,EXACT,12.0,12,0.0
T_Amp_aVL,T_Amp,ExtractAmplitudeFeaturesFromFPT,signal sample at the peak fiducial,"sample at fiducial; best tested input is raw mV, not an identified author filter",REQUIRES_PROCESSED_SIGNAL,CALCULABLE_BUT_DIFFERENT,0.1,0.104,0.00399999999999999
T_Amp_aVL_iqr,T_Amp,ExtractAmplitudeFeaturesFromFPT,signal sample at the peak fiducial,"sample at fiducial; best tested input is raw mV, not an identified author filter",REQUIRES_PROCESSED_SIGNAL,CALCULABLE_BUT_DIFFERENT,0.0424999999999999,0.037000000000000005,0.005499999999999894
T_Amp_aVL_count,T_Amp,ExtractAmplitudeFeaturesFromFPT,signal sample at the peak fiducial,"sample at fiducial; best tested input is raw mV, not an identified author filter",REQUIRES_PROCESSED_SIGNAL,EXACT,12.0,12,0.0
T_Amp_aVR,T_Amp,ExtractAmplitudeFeaturesFromFPT,signal sample at the peak fiducial,"sample at fiducial; best tested input is raw mV, not an identified author filter",REQUIRES_PROCESSED_SIGNAL,CALCULABLE_BUT_DIFFERENT,-0.015,-0.014,0.0009999999999999992
T_Amp_aVR_iqr,T_Amp,ExtractAmplitudeFeaturesFromFPT,signal sample at the peak fiducial,"sample at fiducial; best tested input is raw mV, not an identified author filter",REQUIRES_PROCESSED_SIGNAL,EXACT,0.0225,0.0225,0.0
T_Amp_aVR_count,T_Amp,ExtractAmplitudeFeaturesFromFPT,signal sample at the peak fiducial,"sample at fiducial; best tested input is raw mV, not an identified author filter",REQUIRES_PROCESSED_SIGNAL,EXACT,12.0,12,0.0
T_DurFull_I,T_DurFull,ExtractIntervalFeaturesFromFPT,published fiducial sample indices,"interval formulas and, for global QTc, Framingham on unpadded global RR",EXACT,EXACT,142.0,142.0,0.0
T_DurFull_I_iqr,T_DurFull,ExtractIntervalFeaturesFromFPT,published fiducial sample indices,"interval formulas and, for global QTc, Framingham on unpadded global RR",EXACT,EXACT,9.5,9.5,0.0
T_DurFull_I_count,T_DurFull,ExtractIntervalFeaturesFromFPT,published fiducial sample indices,"interval formulas and, for global QTc, Framingham on unpadded global RR",EXACT,EXACT,12.0,12.0,0.0
T_DurFull_II,T_DurFull,ExtractIntervalFeaturesFromFPT,published fiducial sample indices,"interval formulas and, for global QTc, Framingham on unpadded global RR",EXACT,EXACT,178.0,178.0,0.0
T_DurFull_II_iqr,T_DurFull,ExtractIntervalFeaturesFromFPT,published fiducial sample indices,"interval formulas and, for global QTc, Framingham on unpadded global RR",EXACT,EXACT,77.0,77.0,0.0
T_DurFull_II_count,T_DurFull,ExtractIntervalFeaturesFromFPT,published fiducial sample indices,"interval formulas and, for global QTc, Framingham on unpadded global RR",EXACT,EXACT,12.0,12.0,0.0
T_DurFull_III,T_DurFull,ExtractIntervalFeaturesFromFPT,published fiducial sample indices,"interval formulas and, for global QTc, Framingham on unpadded global RR",EXACT,EXACT,142.0,142.0,0.0
T_DurFull_III_iqr,T_DurFull,ExtractIntervalFeaturesFromFPT,published fiducial sample indices,"interval formulas and, for global QTc, Framingham on unpadded global RR",EXACT,EXACT,4.0,4.0,0.0
T_DurFull_III_count,T_DurFull,ExtractIntervalFeaturesFromFPT,published fiducial sample indices,"interval formulas and, for global QTc, Framingham on unpadded global RR",EXACT,EXACT,12.0,12.0,0.0
T_DurFull_V1,T_DurFull,ExtractIntervalFeaturesFromFPT,published fiducial sample indices,"interval formulas and, for global QTc, Framingham on unpadded global RR",EXACT,EXACT,141.0,141.0,0.0
T_DurFull_V1_iqr,T_DurFull,ExtractIntervalFeaturesFromFPT,published fiducial sample indices,"interval formulas and, for global QTc, Framingham on unpadded global RR",EXACT,EXACT,100.0,100.0,0.0
T_DurFull_V1_count,T_DurFull,ExtractIntervalFeaturesFromFPT,published fiducial sample indices,"interval formulas and, for global QTc, Framingham on unpadded global RR",EXACT,EXACT,12.0,12.0,0.0
T_DurFull_V2,T_DurFull,ExtractIntervalFeaturesFromFPT,published fiducial sample indices,"interval formulas and, for global QTc, Framingham on unpadded global RR",EXACT,EXACT,138.0,138.0,0.0
T_DurFull_V2_iqr,T_DurFull,ExtractIntervalFeaturesFromFPT,published fiducial sample indices,"interval formulas and, for global QTc, Framingham on unpadded global RR",EXACT,EXACT,2.0,2.0,0.0
T_DurFull_V2_count,T_DurFull,ExtractIntervalFeaturesFromFPT,published fiducial sample indices,"interval formulas and, for global QTc, Framingham on unpadded global RR",EXACT,EXACT,12.0,12.0,0.0
T_DurFull_V3,T_DurFull,ExtractIntervalFeaturesFromFPT,published fiducial sample indices,"interval formulas and, for global QTc, Framingham on unpadded global RR",EXACT,EXACT,136.0,136.0,0.0
T_DurFull_V3_iqr,T_DurFull,ExtractIntervalFeaturesFromFPT,published fiducial sample indices,"interval formulas and, for global QTc, Framingham on unpadded global RR",EXACT,EXACT,4.5,4.5,0.0
T_DurFull_V3_count,T_DurFull,ExtractIntervalFeaturesFromFPT,published fiducial sample indices,"interval formulas and, for global QTc, Framingham on unpadded global RR",EXACT,EXACT,12.0,12.0,0.0
T_DurFull_V4,T_DurFull,ExtractIntervalFeaturesFromFPT,published fiducial sample indices,"interval formulas and, for global QTc, Framingham on unpadded global RR",EXACT,EXACT,169.0,169.0,0.0
T_DurFull_V4_iqr,T_DurFull,ExtractIntervalFeaturesFromFPT,published fiducial sample indices,"interval formulas and, for global QTc, Framingham on unpadded global RR",EXACT,EXACT,75.0,75.0,0.0
T_DurFull_V4_count,T_DurFull,ExtractIntervalFeaturesFromFPT,published fiducial sample indices,"interval formulas and, for global QTc, Framingham on unpadded global RR",EXACT,EXACT,12.0,12.0,0.0
T_DurFull_V5,T_DurFull,ExtractIntervalFeaturesFromFPT,published fiducial sample indices,"interval formulas and, for global QTc, Framingham on unpadded global RR",EXACT,EXACT,159.0,159.0,0.0
T_DurFull_V5_iqr,T_DurFull,ExtractIntervalFeaturesFromFPT,published fiducial sample indices,"interval formulas and, for global QTc, Framingham on unpadded global RR",EXACT,EXACT,66.5,66.5,0.0
T_DurFull_V5_count,T_DurFull,ExtractIntervalFeaturesFromFPT,published fiducial sample indices,"interval formulas and, for global QTc, Framingham on unpadded global RR",EXACT,EXACT,12.0,12.0,0.0
T_DurFull_V6,T_DurFull,ExtractIntervalFeaturesFromFPT,published fiducial sample indices,"interval formulas and, for global QTc, Framingham on unpadded global RR",EXACT,EXACT,156.0,156.0,0.0
T_DurFull_V6_iqr,T_DurFull,ExtractIntervalFeaturesFromFPT,published fiducial sample indices,"interval formulas and, for global QTc, Framingham on unpadded global RR",EXACT,EXACT,52.5,52.5,0.0
T_DurFull_V6_count,T_DurFull,ExtractIntervalFeaturesFromFPT,published fiducial sample indices,"interval formulas and, for global QTc, Framingham on unpadded global RR",EXACT,EXACT,12.0,12.0,0.0
T_DurFull_aVF,T_DurFull,ExtractIntervalFeaturesFromFPT,published fiducial sample indices,"interval formulas and, for global QTc, Framingham on unpadded global RR",EXACT,EXACT,143.0,143.0,0.0
T_DurFull_aVF_iqr,T_DurFull,ExtractIntervalFeaturesFromFPT,published fiducial sample indices,"interval formulas and, for global QTc, Framingham on unpadded global RR",EXACT,EXACT,5.0,5.0,0.0
T_DurFull_aVF_count,T_DurFull,ExtractIntervalFeaturesFromFPT,published fiducial sample indices,"interval formulas and, for global QTc, Framingham on unpadded global RR",EXACT,EXACT,12.0,12.0,0.0
T_DurFull_aVL,T_DurFull,ExtractIntervalFeaturesFromFPT,published fiducial sample indices,"interval formulas and, for global QTc, Framingham on unpadded global RR",EXACT,EXACT,142.0,142.0,0.0
T_DurFull_aVL_iqr,T_DurFull,ExtractIntervalFeaturesFromFPT,published fiducial sample indices,"interval formulas and, for global QTc, Framingham on unpadded global RR",EXACT,EXACT,8.5,8.5,0.0
T_DurFull_aVL_count,T_DurFull,ExtractIntervalFeaturesFromFPT,published fiducial sample indices,"interval formulas and, for global QTc, Framingham on unpadded global RR",EXACT,EXACT,12.0,12.0,0.0
T_DurFull_aVR,T_DurFull,ExtractIntervalFeaturesFromFPT,published fiducial sample indices,"interval formulas and, for global QTc, Framingham on unpadded global RR",EXACT,EXACT,210.0,210.0,0.0
T_DurFull_aVR_iqr,T_DurFull,ExtractIntervalFeaturesFromFPT,published fiducial sample indices,"interval formulas and, for global QTc, Framingham on unpadded global RR",EXACT,EXACT,75.5,75.5,0.0
T_DurFull_aVR_count,T_DurFull,ExtractIntervalFeaturesFromFPT,published fiducial sample indices,"interval formulas and, for global QTc, Framingham on unpadded global RR",EXACT,EXACT,12.0,12.0,0.0
T_Dur_Global,T_Dur,ExtractIntervalFeaturesFromFPT,published fiducial sample indices,"interval formulas and, for global QTc, Framingham on unpadded global RR",EXACT,EXACT,252.0,252.0,0.0
T_Dur_Global_iqr,T_Dur,ExtractIntervalFeaturesFromFPT,published fiducial sample indices,"interval formulas and, for global QTc, Framingham on unpadded global RR",EXACT,EXACT,69.5,69.5,0.0
T_Dur_Global_count,T_Dur,ExtractIntervalFeaturesFromFPT,published fiducial sample indices,"interval formulas and, for global QTc, Framingham on unpadded global RR",EXACT,EXACT,12.0,12.0,0.0
HA__Global,HA,none in ECGDeli 1.1,unknown,unknown,AUTHOR_ALGORITHM_UNKNOWN,NOT_IN_ECGDELI,2.0,,
HA__Global_iqr,HA,none in ECGDeli 1.1,unknown,unknown,AUTHOR_ALGORITHM_UNKNOWN,NOT_IN_ECGDELI,0.0,,
HA__Global_count,HA,none in ECGDeli 1.1,unknown,unknown,AUTHOR_ALGORITHM_UNKNOWN,NOT_IN_ECGDELI,1.0,,
