ecg_id,patient_id,split
1,15709,train
2,13243,train
3,20372,train
4,17014,train
5,17448,train
6,19005,train
7,16193,train
11,11243,train
12,11031,train
13,19953,train
14,12925,train
15,13375,train
16,10999,train
19,11116,train
21,17102,train
22,20978,train
24,9012,train
25,10962,train
27,10316,train
29,14340,train
31,15348,train
32,11154,train
33,20527,train
35,15539,train
36,8787,train
37,9123,train
42,8039,train
43,11315,train
44,19571,train
45,18794,train
46,13180,train
50,16961,train
52,18153,train
53,21409,train
54,16751,train
55,20191,train
56,20191,train
58,19424,train
60,15065,train
61,14660,train
64,12864,train
66,11352,train
67,8520,train
68,14101,train
70,19173,train
71,15551,train
73,19987,train
74,11671,train
77,8555,train
78,14356,train
80,9339,train
81,20961,train
82,19645,train
83,11314,train
84,19197,train
85,15904,train
86,10366,train
87,17293,train
88,15275,train
89,12531,train
90,8418,train
92,10239,train
95,9243,train
96,21698,train
97,12761,train
98,10804,train
99,18012,train
101,9086,train
102,9887,train
103,13722,train
104,19738,train
105,18974,train
106,16066,train
107,13453,train
108,11810,train
109,21312,train
110,12715,train
111,13266,train
113,13285,train
114,14097,train
118,21192,train
120,11860,train
123,12603,train
124,9730,train
125,18987,train
126,17462,train
130,11656,train
131,13698,train
133,13083,train
135,19453,train
136,13445,train
138,8727,train
146,13447,train
147,19638,train
148,16944,train
149,21700,train
150,8125,train
154,13617,train
156,19547,train
158,8909,train
159,10669,train
161,10634,train
163,14851,train
164,15095,train
166,14033,train
168,16704,train
169,13688,train
174,8595,train
176,8172,train
177,21551,train
179,14032,train
181,21551,train
182,12000,train
183,13660,train
185,17272,train
187,15678,train
188,13483,train
191,10630,train
192,8340,train
194,20434,train
196,9374,train
197,14891,train
199,10746,train
200,11031,train
202,16322,train
206,12453,train
207,17633,train
209,14751,train
211,18690,train
212,17791,train
213,10157,train
214,12141,train
215,7949,train
220,21580,train
221,18264,train
222,10783,train
224,15572,train
225,13163,train
226,20431,train
227,16322,train
229,19645,train
230,15432,train
231,18301,train
232,12190,train
235,15405,train
236,19277,train
237,11651,train
239,17862,train
242,16654,train
244,16481,train
246,21409,train
247,15351,train
248,19067,train
249,14355,train
250,17940,train
251,10359,train
253,2096,train
254,7415,train
255,4867,train
256,565,train
257,6078,train
258,5750,train
259,4776,train
260,5471,train
261,3810,train
263,1595,train
264,4441,train
265,706,train
267,7662,train
268,2533,train
269,2282,train
270,1480,train
272,1027,train
273,340,train
275,1389,train
276,5087,train
277,6211,train
278,1202,train
279,437,train
280,2493,train
282,437,train
283,4715,train
284,3192,train
285,7744,train
286,6410,train
288,6335,train
289,5489,train
290,2261,train
291,4830,train
292,6581,train
294,5818,train
296,7614,train
297,4845,train
298,340,train
300,3974,train
301,3830,train
302,2632,train
304,2367,train
305,3713,train
306,3242,train
307,6348,train
308,640,train
309,6590,train
310,1316,train
311,4302,train
312,3516,train
313,1110,train
314,4113,train
315,1671,train
316,380,train
317,2046,train
319,1318,train
320,640,train
321,4188,train
322,5115,train
323,3825,train
324,6044,train
325,636,train
327,5017,train
328,6519,train
329,3746,train
330,4807,train
331,3023,train
332,2275,train
333,4417,train
335,3268,train
337,3498,train
338,7479,train
339,5945,train
340,15264,train
341,5779,train
342,7851,train
344,1491,train
345,1431,train
346,565,train
348,1848,train
349,7592,train
350,5819,train
351,5304,train
353,13022,train
355,15648,train
356,15203,train
357,17283,train
358,14469,train
359,17687,train
362,13598,train
363,11126,train
366,16163,train
367,17549,train
369,15251,train
370,10213,train
371,19098,train
372,13339,train
373,12708,train
374,8032,train
375,14700,train
376,11674,train
379,19267,train
380,19163,train
381,15843,train
384,10456,train
385,16064,train
389,8599,train
390,18420,train
391,20129,train
392,10720,train
393,21724,train
394,9198,train
395,13170,train
396,14726,train
399,15234,train
401,9367,train
402,12491,train
403,11090,train
404,7438,train
407,7393,train
408,6603,train
409,1457,train
410,1582,train
411,589,train
412,3336,train
413,1631,train
415,19748,train
416,3596,train
418,4206,train
420,3406,train
421,2490,train
422,4257,train
423,1752,train
424,5026,train
426,2677,train
428,4902,train
429,5393,train
431,9313,train
432,14453,train
433,2973,train
434,19672,train
435,13153,train
436,2247,train
438,16026,train
439,1419,train
442,3522,train
443,3697,train
444,6513,train
446,3135,train
447,20931,train
450,19497,train
451,19697,train
453,9795,train
454,8113,train
455,13346,train
457,16773,train
460,19795,train
463,16723,train
464,11625,train
465,8979,train
466,1617,train
467,6882,train
468,4519,train
469,9378,train
470,4578,train
471,2951,train
474,5362,train
475,4545,train
476,7616,train
477,14794,train
479,6798,train
480,5339,train
481,7293,train
482,2709,train
484,1991,train
485,13439,train
486,943,train
487,17266,train
488,5132,train
489,7705,train
490,13837,train
492,4959,train
493,2821,train
494,744,train
495,3630,train
496,4160,train
497,5459,train
500,1168,train
501,6473,train
502,6683,train
503,7535,train
505,6512,train
506,8424,train
507,9982,train
508,8697,train
509,1007,train
510,8697,train
511,21231,train
517,12006,train
518,17369,train
519,8697,train
521,17234,train
522,19497,train
523,14910,train
525,19497,train
528,15942,train
530,10672,train
531,16818,train
532,15942,train
533,10984,train
535,15942,train
536,21123,train
538,13449,train
539,19864,train
540,8144,train
541,11595,train
542,17649,train
543,15996,train
546,8292,train
547,12171,train
548,21363,train
549,13167,train
550,9027,train
551,20767,train
552,9980,train
555,20075,train
556,13531,train
557,16895,train
560,16169,train
561,21466,train
562,17206,train
565,21078,train
566,7420,train
567,2536,train
568,1948,train
571,6099,train
572,2061,train
575,1357,train
576,2555,train
577,5508,train
578,8223,train
579,5506,train
580,8741,train
583,18005,train
585,5606,train
586,19924,train
588,15114,train
589,8774,train
590,9600,train
591,13062,train
592,2885,train
593,382,train
594,4512,train
595,6146,train
596,1721,train
597,5832,train
599,4389,train
600,4590,train
602,14547,train
603,5090,train
604,3725,train
605,5122,train
606,4464,train
607,4843,train
608,543,train
609,6069,train
610,441,train
613,382,train
614,938,train
616,6056,train
617,7740,train
620,7477,train
621,3378,train
622,6097,train
623,4563,train
624,6865,train
625,7144,train
626,2924,train
628,3476,train
629,3918,train
630,990,train
631,5043,train
632,1659,train
634,543,train
635,392,train
636,441,train
637,2145,train
638,14577,train
639,1829,train
640,7565,train
641,6851,train
642,3672,train
643,7613,train
644,20487,train
645,667,train
646,520,train
647,15636,train
648,5031,train
649,1038,train
650,1285,train
651,3691,train
652,1449,train
653,2459,train
654,4285,train
655,4315,train
656,718,train
657,3426,train
659,7656,train
660,3990,train
661,4279,train
663,20470,train
664,4480,train
665,5217,train
666,1988,train
667,1377,train
668,1978,train
669,2229,train
670,7637,train
671,3977,train
672,3707,train
674,5559,train
675,5124,train
676,5808,train
677,7822,train
678,20166,train
679,1918,train
680,3445,train
681,8704,train
682,11966,train
683,819,train
684,3429,train
686,3939,train
689,3805,train
690,5355,train
691,3076,train
692,4569,train
693,381,train
695,6510,train
697,3879,train
698,6923,train
699,543,train
700,7361,train
701,4459,train
702,1508,train
703,4900,train
704,2071,train
706,5626,train
708,7065,train
709,681,train
710,5542,train
711,6903,train
712,565,train
713,1191,train
714,3671,train
715,7220,train
718,5700,train
719,2781,train
720,5912,train
721,6866,train
724,17445,train
725,5428,train
727,520,train
729,10919,train
730,565,train
731,6322,train
733,2391,train
734,4467,train
735,665,train
736,3998,train
737,7024,train
738,3827,train
739,3678,train
740,625,train
741,2132,train
742,3911,train
743,639,train
744,4445,train
745,6612,train
746,927,train
747,1832,train
749,11060,train
750,2396,train
752,7189,train
753,8965,train
754,4618,train
755,7142,train
757,639,train
759,4296,train
760,5465,train
761,381,train
762,380,train
763,589,train
766,639,train
767,7485,train
768,7224,train
769,5830,train
770,12935,train
773,10312,train
774,16588,train
777,17731,train
778,18738,train
780,15534,train
781,14656,train
782,19618,train
783,15838,train
784,19047,train
785,14509,train
786,15158,train
788,10756,train
790,17801,train
791,16221,train
793,18105,train
794,10287,train
797,9196,train
801,15493,train
802,18259,train
803,18649,train
804,10733,train
807,15153,train
808,17310,train
809,19396,train
810,13249,train
811,19607,train
812,9386,train
813,10239,train
815,14679,train
816,4133,train
817,3820,train
819,4577,train
820,325,train
822,6708,train
824,371,train
825,325,train
826,1412,train
827,2123,train
828,325,train
829,6035,train
830,5123,train
831,5337,train
832,7624,train
833,4930,train
834,6940,train
835,1062,train
836,6730,train
837,4719,train
838,17756,train
840,15742,train
841,1900,train
842,6371,train
844,7917,train
845,6438,train
846,1923,train
847,7911,train
850,4221,train
851,2968,train
852,907,train
853,3750,train
855,7992,train
857,484,train
858,4520,train
859,7318,train
860,484,train
862,10798,train
863,2218,train
864,7661,train
865,2161,train
867,20236,train
869,6108,train
870,4369,train
871,5322,train
872,4865,train
873,5335,train
874,352,train
875,1541,train
876,6463,train
877,11920,train
878,6518,train
879,3079,train
880,1638,train
882,3906,train
883,7639,train
884,5604,train
887,352,train
888,3092,train
890,5008,train
891,2288,train
893,3710,train
894,1193,train
895,10366,train
896,4782,train
897,4555,train
898,1611,train
899,4010,train
900,4246,train
903,2586,train
905,18362,train
906,4531,train
907,639,train
908,2853,train
909,3923,train
910,625,train
912,5263,train
914,1575,train
915,1450,train
916,7887,train
918,1794,train
919,2764,train
920,1802,train
921,11064,train
922,4888,train
923,7408,train
924,2610,train
926,3577,train
929,2051,train
930,687,train
932,4887,train
933,4829,train
934,7012,train
936,18264,train
937,4085,train
938,2337,train
939,5257,train
940,5187,train
941,566,train
942,410,train
944,900,train
945,7609,train
948,410,train
951,4205,train
953,566,train
955,1514,train
956,2681,train
957,1613,train
960,2411,train
961,306,train
962,7414,train
964,4910,train
965,1542,train
967,7342,train
969,5980,train
970,3272,train
971,763,train
972,6140,train
973,306,train
974,3125,train
976,4990,train
977,6691,train
978,1761,train
979,5334,train
980,3407,train
981,4120,train
982,5054,train
983,1233,train
984,7061,train
986,2949,train
988,5930,train
989,5316,train
990,381,train
991,16772,train
992,6625,train
993,2375,train
994,1119,train
995,6672,train
996,1010,train
997,381,train
998,6058,train
1000,4008,train
1001,5203,train
1002,982,train
1003,6494,train
1004,458,train
1005,4905,train
1006,5926,train
1010,5889,train
1011,7732,train
1012,1342,train
1017,6304,train
1018,11273,train
1019,2182,train
1020,458,train
1021,2446,train
1022,6648,train
1023,7089,train
1024,10568,train
1025,5578,train
1027,868,train
1028,6661,train
1029,3999,train
1032,1706,train
1033,3161,train
1034,3221,train
1035,2417,train
1036,557,train
1037,20479,train
1038,2246,train
1039,6038,train
1040,2946,train
1041,5796,train
1042,499,train
1043,16222,train
1044,1916,train
1045,6352,train
1046,557,train
1047,826,train
1048,3943,train
1049,3014,train
1050,1722,train
1052,637,train
1053,3469,train
1055,1375,train
1057,371,train
1058,5502,train
1059,3774,train
1060,5730,train
1062,2769,train
1063,499,train
1064,1524,train
1065,627,train
1066,1628,train
1067,2913,train
1069,1649,train
1070,6349,train
1071,7743,train
1072,5552,train
1073,3305,train
1074,4850,train
1075,627,train
1076,10171,train
1077,627,train
1079,6143,train
1080,1310,train
1081,4456,train
1082,6738,train
1083,5443,train
1085,2014,train
1086,2172,train
1087,5095,train
1088,7094,train
1089,5284,train
1090,968,train
1091,5726,train
1092,7367,train
1095,2563,train
1096,874,train
1097,2368,train
1099,16221,train
1102,540,train
1105,5943,train
1106,7255,train
1107,540,train
1108,7629,train
1110,3521,train
1111,637,train
1112,16261,train
1114,14091,train
1115,20479,train
1116,16226,train
1117,14942,train
1118,19269,train
1121,16199,train
1122,15120,train
1124,8989,train
1125,5611,train
1126,6610,train
1127,7067,train
1128,2599,train
1129,6609,train
1130,1313,train
1131,3565,train
1132,5949,train
1134,5899,train
1135,10745,train
1136,6279,train
1137,2978,train
1138,5307,train
1140,7288,train
1141,528,train
1142,5734,train
1143,4805,train
1144,6831,train
1145,6129,train
1146,5213,train
1148,870,train
1149,3867,train
1150,333,train
1151,653,train
1153,1625,train
1154,1236,train
1155,2176,train
1156,6411,train
1160,6742,train
1161,2136,train
1162,6171,train
1163,5551,train
1164,653,train
1165,1413,train
1167,2744,train
1168,734,train
1170,1657,train
1171,5046,train
1173,653,train
1174,6289,train
1176,2593,train
1177,6643,train
1178,6769,train
1179,6983,train
1180,5738,train
1181,1525,train
1182,5298,train
1183,6950,train
1185,333,train
1187,5436,train
1188,2598,train
1189,4074,train
1190,17493,train
1191,6460,train
1192,4450,train
1193,2855,train
1194,7543,train
1195,5047,train
1196,3535,train
1198,966,train
1199,4657,train
1201,2492,train
1202,2351,train
1203,4568,train
1204,18591,train
1207,6747,train
1209,2637,train
1210,4684,train
1211,4452,train
1212,2870,train
1213,7378,train
1214,7645,train
1215,2711,train
1216,1941,train
1217,1139,train
1218,5074,train
1221,5268,train
1223,983,train
1224,4862,train
1225,4951,train
1226,1002,train
1227,1956,train
1228,3612,train
1229,7112,train
1230,10909,train
1231,636,train
1232,421,train
1233,637,train
1234,7564,train
1235,4966,train
1236,815,train
1237,421,train
1238,561,train
1239,3837,train
1240,421,train
1241,561,train
1243,17213,train
1244,11302,train
1245,14973,train
1247,17556,train
1248,17610,train
1250,9619,train
1252,10312,train
1253,14104,train
1254,16135,train
1255,19987,train
1257,18396,train
1258,15017,train
1259,18198,train
1260,21209,train
1263,16565,train
1264,16886,train
1265,21080,train
1267,21055,train
1269,11820,train
1270,16221,train
1271,13738,train
1272,19868,train
1273,19868,train
1274,15458,train
1276,9956,train
1277,18925,train
1278,12830,train
1279,17493,train
1281,12612,train
1283,14902,train
1284,15788,train
1285,15970,train
1286,14346,train
1288,9870,train
1289,21532,train
1290,18891,train
1291,10745,train
1292,15203,train
1293,9859,train
1294,12999,train
1296,11441,train
1297,16798,train
1298,9281,train
1299,14503,train
1300,14503,train
1301,14598,train
1302,11686,train
1303,21269,train
1304,19089,train
1305,10716,train
1306,17605,train
1308,18338,train
1309,18673,train
1310,16827,train
1312,18967,train
1313,10860,train
1314,15155,train
1317,15358,train
1318,7956,train
1319,1969,train
1322,5030,train
1323,1859,train
1324,5288,train
1325,6719,train
1326,3070,train
1327,1835,train
1328,1629,train
1329,1200,train
1330,3478,train
1331,2991,train
1332,2362,train
1333,7498,train
1334,8253,train
1335,1647,train
1336,5911,train
1337,5303,train
1338,7035,train
1339,3648,train
1340,21056,train
1341,2171,train
1342,3418,train
1344,8056,train
1345,14763,train
1346,16386,train
1347,20207,train
1348,4614,train
1349,2551,train
1350,11702,train
1352,6640,train
1354,19041,train
1356,528,train
1357,5928,train
1358,6025,train
1359,14154,train
1360,8726,train
1361,13804,train
1362,10559,train
1363,12295,train
1365,19563,train
1366,14580,train
1368,16675,train
1369,3103,train
1370,13446,train
1371,15038,train
1372,3675,train
1373,8121,train
1374,6150,train
1375,6192,train
1376,3698,train
1378,6826,train
1380,2833,train
1381,937,train
1382,2020,train
1383,7863,train
1384,5225,train
1385,802,train
1387,6493,train
1388,7812,train
1389,6386,train
1390,6151,train
1392,13460,train
1393,7724,train
1395,2562,train
1396,4463,train
1397,2776,train
1398,6858,train
1400,16887,train
1401,5938,train
1402,7700,train
1403,3942,train
1404,4284,train
1406,3218,train
1407,6167,train
1408,4054,train
1409,10511,train
1410,4393,train
1411,6707,train
1412,425,train
1413,6541,train
1414,902,train
1415,3791,train
1417,11998,train
1418,2831,train
1419,2138,train
1420,11820,train
1422,7663,train
1423,18171,train
1425,14939,train
1428,12143,train
1430,15045,train
1431,18803,train
1432,10700,train
1434,11999,train
1435,16929,train
1436,15502,train
1437,13352,train
1438,15047,train
1441,19273,train
1442,10612,train
1443,8907,train
1444,20476,train
1445,13442,train
1446,10445,train
1448,19896,train
1450,10887,train
1452,12153,train
1454,11214,train
1457,10593,train
1459,14699,train
1460,17179,train
1461,13388,train
1463,17204,train
1465,8677,train
1466,10628,train
1467,7948,train
1470,3494,train
1471,413,train
1472,2907,train
1474,5757,train
1475,6316,train
1476,15321,train
1477,5121,train
1481,15390,train
1482,21006,train
1483,21289,train
1484,14886,train
1485,10409,train
1488,13519,train
1489,21183,train
1493,10691,train
1495,11568,train
1496,16002,train
1499,14984,train
1500,21616,train
1501,10857,train
1503,2801,train
1505,3848,train
1506,5907,train
1507,7268,train
1508,6210,train
1509,3949,train
1510,1427,train
1511,767,train
1512,2911,train
1513,11568,train
1514,555,train
1516,555,train
1517,6631,train
1519,7380,train
1520,5230,train
1521,6570,train
1523,2871,train
1524,1071,train
1525,7773,train
1526,4061,train
1527,1774,train
1528,599,train
1529,6745,train
1530,6251,train
1531,3428,train
1532,4534,train
1533,2573,train
1535,7798,train
1536,16021,train
1537,356,train
1538,7041,train
1539,1664,train
1540,7327,train
1543,14277,train
1544,4425,train
1545,7448,train
1546,6318,train
1547,1359,train
1548,5755,train
1549,3452,train
1550,4437,train
1551,599,train
1552,2118,train
1553,1587,train
1554,864,train
1555,7141,train
1557,14573,train
1558,3411,train
1559,7346,train
1560,19213,train
1561,15726,train
1562,4789,train
1563,556,train
1565,3143,train
1567,16574,train
1568,20225,train
1569,556,train
1570,7824,train
1572,1614,train
1573,5378,train
1574,515,train
1575,3012,train
1576,7568,train
1578,6003,train
1579,1766,train
1580,12549,train
1581,2271,train
1582,19102,train
1583,5539,train
1584,14929,train
1585,2408,train
1586,6068,train
1587,1147,train
1588,3113,train
1590,7675,train
1591,7046,train
1592,5658,train
1593,5557,train
1594,1443,train
1596,15876,train
1597,6001,train
1598,21418,train
1599,5495,train
1600,8316,train
1601,4219,train
1602,7959,train
1603,6995,train
1604,3512,train
1605,5385,train
1606,5243,train
1607,12305,train
1608,4664,train
1609,6096,train
1613,4468,train
1614,3354,train
1615,1723,train
1616,515,train
1620,1811,train
1621,1078,train
1622,14886,train
1623,3743,train
1625,5233,train
1626,454,train
1629,4992,train
1631,2352,train
1633,6900,train
1634,6549,train
1635,7898,train
1636,7909,train
1637,710,train
1638,9311,train
1640,12084,train
1641,2379,train
1642,4640,train
1643,16905,train
1644,6528,train
1646,4841,train
1647,454,train
1649,3119,train
1650,5249,train
1651,18986,train
1652,5479,train
1653,1930,train
1654,555,train
1656,7169,train
1657,2564,train
1658,7625,train
1659,6755,train
1660,2557,train
1661,7573,train
1662,9960,train
1663,3423,train
1664,6207,train
1665,11283,train
1666,5086,train
1667,16596,train
1668,16472,train
1669,21183,train
1670,4540,train
1671,454,train
1672,4139,train
1673,4720,train
1674,3940,train
1675,5967,train
1676,5453,train
1677,17606,train
1679,4062,train
1680,7632,train
1681,425,train
1682,2330,train
1683,5429,train
1684,4825,train
1685,1566,train
1686,1214,train
1687,1599,train
1688,2080,train
1689,413,train
1690,12974,train
1691,20024,train
1692,16339,train
1693,4094,train
1694,413,train
1695,14917,train
1696,13028,train
1698,13248,train
1702,14103,train
1703,11382,train
1704,15838,train
1706,16242,train
1707,13248,train
1709,8218,train
1710,13878,train
1711,10303,train
1715,18586,train
1718,10748,train
1719,15508,train
1720,18142,train
1721,15508,train
1722,13122,train
1723,17318,train
1724,15135,train
1725,17005,train
1726,10312,train
1727,14772,train
1728,14106,train
1729,21603,train
1730,12115,train
1731,21572,train
1732,8911,train
1733,20336,train
1735,14879,train
1738,12778,train
1739,19254,train
1740,15420,train
1742,10767,train
1743,21120,train
1744,12845,train
1748,16221,train
1749,10931,train
1750,14228,train
1751,11534,train
1752,14883,train
1754,16022,train
1755,1295,train
1756,7178,train
1759,14948,train
1760,10702,train
1761,12436,train
1762,8028,train
1764,4955,train
1765,3754,train
1766,6394,train
1767,5998,train
1768,1834,train
1770,6689,train
1771,21567,train
1772,5836,train
1773,9503,train
1774,6800,train
1776,13807,train
1777,5430,train
1778,5413,train
1779,1289,train
1781,2062,train
1783,7505,train
1784,5501,train
1786,5758,train
1787,3946,train
1788,2234,train
1789,2455,train
1791,3809,train
1793,4832,train
1795,9960,train
1796,7862,train
1797,6478,train
1799,3989,train
1800,4397,train
1801,6214,train
1802,4386,train
1803,3090,train
1804,6453,train
1805,13007,train
1806,1562,train
1807,2140,train
1808,2795,train
1810,1609,train
1811,3156,train
1813,16600,train
1814,3282,train
1815,411,train
1816,7849,train
1818,1714,train
1819,6288,train
1820,569,train
1821,7238,train
1822,3329,train
1823,1068,train
1824,4289,train
1826,19377,train
1827,3966,train
1828,2276,train
1829,2887,train
1830,18139,train
1831,18924,train
1833,4191,train
1834,3582,train
1836,12092,train
1837,5795,train
1839,1772,train
1840,2377,train
1842,2342,train
1845,400,train
1846,4813,train
1847,3620,train
1848,5893,train
1849,5079,train
1851,7287,train
1855,4293,train
1856,1732,train
1858,569,train
1859,21565,train
1861,6471,train
1863,2667,train
1865,19716,train
1866,15272,train
1868,3171,train
1869,4461,train
1872,5740,train
1873,2634,train
1874,1989,train
1875,2508,train
1877,569,train
1878,11778,train
1879,4403,train
1880,4717,train
1881,2518,train
1882,3270,train
1883,5440,train
1884,5940,train
1886,3682,train
1887,2193,train
1888,8899,train
1890,7340,train
1891,4758,train
1892,2548,train
1893,9126,train
1894,3700,train
1895,7716,train
1896,5127,train
1897,3891,train
1898,4928,train
1900,3762,train
1902,17320,train
1903,4567,train
1904,2717,train
1905,1544,train
1909,21559,train
1911,8961,train
1912,711,train
1913,2832,train
1914,7539,train
1915,16166,train
1916,400,train
1917,2654,train
1918,922,train
1919,444,train
1921,444,train
1922,6299,train
1923,20977,train
1924,591,train
1925,613,train
1926,2114,train
1927,2549,train
1928,5535,train
1929,3784,train
1930,2583,train
1931,2535,train
1932,5769,train
1934,1182,train
1935,6085,train
1937,432,train
1939,4793,train
1941,432,train
1943,7756,train
1945,5846,train
1947,591,train
1948,6224,train
1949,6297,train
1951,2561,train
1953,310,train
1954,1999,train
1955,2150,train
1957,14555,train
1959,5839,train
1960,9155,train
1963,10872,train
1964,613,train
1965,356,train
1966,1394,train
1967,7106,train
1968,5511,train
1969,2601,train
1970,760,train
1971,11534,train
1973,5970,train
1974,10576,train
1975,3075,train
1976,3550,train
1978,2716,train
1979,2318,train
1980,4164,train
1983,2323,train
1985,1204,train
1986,1363,train
1987,10151,train
1989,3139,train
1991,2956,train
1996,471,train
1997,768,train
1999,3129,train
2000,6645,train
2001,4276,train
2002,4617,train
2003,3634,train
2004,3651,train
2005,4162,train
2006,5815,train
2007,15974,train
2008,2194,train
2009,1082,train
2010,4727,train
2011,6536,train
2012,1355,train
2013,2373,train
2014,7562,train
2015,2196,train
2016,7861,train
2017,13846,train
2018,6906,train
2020,7783,train
2021,909,train
2022,9294,train
2023,14410,train
2024,2334,train
2025,4383,train
2026,17118,train
2027,3298,train
2028,2164,train
2029,2066,train
2030,378,train
2031,3972,train
2032,6637,train
2034,7497,train
2035,6743,train
2036,3309,train
2037,3782,train
2038,5197,train
2040,16065,train
2041,310,train
2042,3072,train
2043,21035,train
2044,2237,train
2046,595,train
2047,6859,train
2048,7339,train
2049,5880,train
2052,7347,train
2053,5321,train
2057,5472,train
2058,3212,train
2059,595,train
2060,2163,train
2061,2289,train
2063,5885,train
2065,2930,train
2066,3870,train
2067,11843,train
2068,3793,train
2069,3311,train
2070,3402,train
2071,6300,train
2072,944,train
2073,471,train
2074,21115,train
2075,4280,train
2077,8981,train
2079,19936,train
2080,5255,train
2081,4827,train
2082,3511,train
2084,1669,train
2085,3549,train
2086,7677,train
2087,3197,train
2088,4064,train
2090,6282,train
2091,1468,train
2092,378,train
2093,1229,train
2094,13710,train
2095,15530,train
2096,411,train
2097,921,train
2098,1915,train
2100,6071,train
2102,771,train
2105,19033,train
2106,947,train
2108,6106,train
2109,4282,train
2112,6119,train
2113,527,train
2116,527,train
2117,3799,train
2118,6026,train
2120,7111,train
2121,6887,train
2122,3263,train
2124,2253,train
2125,5190,train
2127,14775,train
2128,15681,train
2129,6721,train
2130,7893,train
2131,5241,train
2132,16207,train
2133,4323,train
2136,1914,train
2137,21347,train
2138,21284,train
2140,1929,train
2141,5317,train
2143,1836,train
2145,5974,train
2147,3260,train
2148,4926,train
2150,1146,train
2152,12522,train
2154,9683,train
2155,9254,train
2156,11799,train
2157,15121,train
2159,8927,train
2162,9498,train
2163,11831,train
2164,11482,train
2165,17255,train
2166,12414,train
2167,14971,train
2168,20317,train
2171,14723,train
2172,12275,train
2173,12104,train
2174,7214,train
2175,4697,train
2176,948,train
2177,12237,train
2178,6480,train
2179,4639,train
2182,6666,train
2183,2514,train
2184,2120,train
2185,782,train
2186,5707,train
2187,19061,train
2188,4090,train
2189,2578,train
2190,7925,train
2191,1760,train
2194,803,train
2195,5244,train
2196,6148,train
2197,1646,train
2198,416,train
2199,17683,train
2200,4549,train
2201,11731,train
2202,4799,train
2204,7838,train
2206,5344,train
2207,1819,train
2208,3979,train
2209,4185,train
2211,416,train
2212,7795,train
2214,3421,train
2215,1061,train
2217,2616,train
2218,4012,train
2219,6162,train
2220,558,train
2222,7501,train
2223,7480,train
2225,6757,train
2227,608,train
2228,695,train
2229,3524,train
2230,5057,train
2231,1749,train
2232,7905,train
2234,5168,train
2236,862,train
2239,5199,train
2240,558,train
2241,7437,train
2242,13091,train
2243,608,train
2244,957,train
2245,2154,train
2246,4803,train
2247,7914,train
2248,7184,train
2249,8401,train
2250,8454,train
2251,16654,train
2253,420,train
2254,7286,train
2255,3932,train
2256,821,train
2257,5000,train
2258,5159,train
2259,5987,train
2260,7039,train
2262,800,train
2263,2941,train
2265,19960,train
2266,4208,train
2269,19586,train
2271,6539,train
2272,1687,train
2274,1977,train
2275,7264,train
2276,7835,train
2278,5260,train
2280,9338,train
2284,2579,train
2286,2364,train
2287,16683,train
2288,714,train
2289,7084,train
2290,7699,train
2291,2504,train
2292,19916,train
2294,4984,train
2295,20179,train
2296,7302,train
2298,6620,train
2299,21350,train
2300,5384,train
2303,7878,train
2304,4553,train
2305,3371,train
2306,14343,train
2307,7075,train
2310,1712,train
2312,7397,train
2313,3062,train
2314,5390,train
2315,2720,train
2316,2452,train
2320,3965,train
2321,5933,train
2323,4078,train
2325,16205,train
2326,12073,train
2327,15559,train
2328,18440,train
2329,16352,train
2330,8538,train
2331,17866,train
2333,16260,train
2334,11632,train
2337,15459,train
2338,19922,train
2339,13076,train
2342,20805,train
2343,20574,train
2344,19761,train
2346,9236,train
2347,11294,train
2348,13921,train
2349,10568,train
2350,15531,train
2351,21390,train
2352,16328,train
2353,20307,train
2354,20166,train
2356,10385,train
2358,13226,train
2360,13226,train
2362,10290,train
2363,18735,train
2364,10096,train
2365,17061,train
2366,17017,train
2367,15967,train
2371,10781,train
2372,13935,train
2373,12857,train
2374,9671,train
2378,13549,train
2382,12589,train
2383,10929,train
2384,11299,train
2385,18961,train
2388,21744,train
2391,13524,train
2392,18615,train
2393,16763,train
2396,12280,train
2398,17908,train
2399,14342,train
2400,8000,train
2401,9960,train
2404,17377,train
2405,17765,train
2407,8539,train
2408,10899,train
2410,17447,train
2411,15508,train
2413,12283,train
2415,19637,train
2420,16020,train
2423,12703,train
2424,20198,train
2425,12824,train
2426,21181,train
2428,12824,train
2430,21181,train
2431,16451,train
2434,8410,train
2435,16796,train
2437,21766,train
2438,16090,train
2439,21480,train
2440,21415,train
2441,11415,train
2442,12661,train
2444,21362,train
2445,21677,train
2446,12655,train
2447,12655,train
2448,12655,train
2450,7570,train
2451,1165,train
2452,16035,train
2453,725,train
2454,6588,train
2456,6147,train
2457,407,train
2459,4609,train
2460,4235,train
2461,2139,train
2462,19794,train
2463,4593,train
2464,13927,train
2466,2916,train
2468,3164,train
2469,7808,train
2470,1556,train
2471,6807,train
2472,7130,train
2474,16810,train
2475,10707,train
2477,2865,train
2478,1461,train
2479,16027,train
2480,17816,train
2481,18254,train
2482,10324,train
2483,6465,train
2484,8606,train
2485,407,train
2486,2848,train
2487,7636,train
2488,12534,train
2489,3592,train
2490,2618,train
2491,945,train
2493,3533,train
2495,21298,train
2496,12943,train
2497,10067,train
2498,21019,train
2499,20872,train
2501,13611,train
2502,16958,train
2503,13756,train
2504,16238,train
2508,17700,train
2509,16689,train
2510,302,train
2512,16648,train
2513,302,train
2514,17315,train
2515,6749,train
2516,17274,train
2517,3497,train
2518,8160,train
2519,6957,train
2520,15039,train
2521,908,train
2522,980,train
2523,2643,train
2524,13269,train
2525,5365,train
2526,5573,train
2527,2767,train
2528,2227,train
2529,3001,train
2530,4326,train
2531,1770,train
2532,2554,train
2533,6653,train
2535,2476,train
2536,942,train
2537,4667,train
2538,6974,train
2539,6373,train
2540,2063,train
2541,2206,train
2542,5913,train
2544,1126,train
2545,16676,train
2546,1482,train
2547,15701,train
2548,21625,train
2552,6704,train
2553,20220,train
2554,14278,train
2555,1263,train
2557,9092,train
2558,8291,train
2559,15429,train
2562,20807,train
2563,16699,train
2564,16701,train
2566,11477,train
2567,13319,train
2568,19495,train
2570,16706,train
2571,12335,train
2573,13448,train
2575,12089,train
2576,16708,train
2578,13258,train
2580,9720,train
2581,15501,train
2582,16711,train
2583,13774,train
2584,18206,train
2585,8256,train
2586,17011,train
2588,10824,train
2589,21380,train
2590,13479,train
2593,17203,train
2594,14201,train
2595,17177,train
2597,9725,train
2599,19346,train
2600,13345,train
2601,8157,train
2603,19435,train
2604,11109,train
2607,12956,train
2609,10401,train
2610,15838,train
2611,11765,train
2612,13624,train
2615,3876,train
2616,4156,train
2617,1869,train
2619,11772,train
2620,8262,train
2621,5841,train
2622,16749,train
2625,1220,train
2628,11611,train
2631,11919,train
2632,10738,train
2633,19401,train
2634,9284,train
2635,18171,train
2636,16875,train
2637,20095,train
2639,13160,train
2640,20674,train
2641,11076,train
2642,14425,train
2643,20275,train
2644,20352,train
2645,21688,train
2646,18089,train
2647,20573,train
2650,2691,train
2651,5139,train
2652,9573,train
2653,6294,train
2655,1677,train
2657,1682,train
2658,4864,train
2659,3415,train
2660,2175,train
2661,7205,train
2662,2121,train
2663,18669,train
2665,21274,train
2666,4529,train
2667,4482,train
2668,3019,train
2671,3163,train
2672,7476,train
2673,4581,train
2674,5871,train
2675,4483,train
2676,7138,train
2677,7767,train
2678,3231,train
2679,1998,train
2680,12737,train
2681,420,train
2683,4034,train
2684,369,train
2685,4817,train
2686,4138,train
2687,6746,train
2688,3822,train
2689,5024,train
2690,4077,train
2691,4308,train
2695,20546,train
2696,338,train
2699,15791,train
2700,3907,train
2701,12261,train
2702,6696,train
2703,4852,train
2704,1896,train
2705,581,train
2706,5702,train
2708,6002,train
2709,16341,train
2710,2917,train
2711,812,train
2712,5014,train
2713,16671,train
2714,8556,train
2715,14424,train
2716,12245,train
2717,7640,train
2718,21167,train
2719,1453,train
2720,3322,train
2723,19278,train
2724,2100,train
2725,16041,train
2726,5643,train
2728,1043,train
2729,7936,train
2731,7884,train
2732,3196,train
2733,3877,train
2735,6555,train
2737,6920,train
2738,1409,train
2739,21167,train
2740,2999,train
2741,3386,train
2742,1300,train
2743,3528,train
2744,5227,train
2747,4846,train
2749,10353,train
2751,6852,train
2752,2808,train
2753,5574,train
2754,6266,train
2755,20189,train
2756,7775,train
2757,2317,train
2758,6997,train
2759,15339,train
2760,462,train
2761,3947,train
2762,1536,train
2763,7185,train
2765,4965,train
2766,4245,train
2769,581,train
2770,866,train
2771,4981,train
2772,5331,train
2773,2762,train
2774,3704,train
2775,6405,train
2777,2433,train
2778,6505,train
2780,5009,train
2781,4580,train
2782,19624,train
2783,15168,train
2784,462,train
2787,2130,train
2788,2009,train
2790,5797,train
2793,3178,train
2795,20537,train
2796,4997,train
2797,5696,train
2799,6861,train
2800,5590,train
2803,3468,train
2804,5787,train
2805,3816,train
2806,3467,train
2807,4783,train
2808,3856,train
2809,6153,train
2811,1554,train
2812,16630,train
2814,14139,train
2815,3919,train
2816,6596,train
2817,7494,train
2818,12814,train
2820,4853,train
2821,11572,train
2822,7690,train
2823,20537,train
2824,2195,train
2826,6654,train
2827,5238,train
2828,4849,train
2829,4901,train
2831,13676,train
2832,3601,train
2833,20537,train
2834,4184,train
2835,2292,train
2836,3983,train
2837,843,train
2840,829,train
2842,2401,train
2843,2779,train
2844,5543,train
2845,693,train
2846,6829,train
2847,15204,train
2850,1069,train
2853,5182,train
2855,12665,train
2856,7701,train
2857,7794,train
2858,2970,train
2859,6895,train
2860,8556,train
2861,17560,train
2862,19435,train
2863,1028,train
2864,17731,train
2866,15336,train
2868,20537,train
2869,20537,train
2870,18156,train
2872,11254,train
2873,9869,train
2874,17337,train
2875,15931,train
2876,13074,train
2877,8508,train
2878,9354,train
2879,10765,train
2880,15696,train
2881,21274,train
2883,12892,train
2885,9106,train
2887,9110,train
2888,20659,train
2889,9106,train
2890,17122,train
2891,20441,train
2892,19190,train
2893,15443,train
2894,9106,train
2897,20805,train
2898,16812,train
2901,9100,train
2902,11381,train
2903,8483,train
2904,19545,train
2906,20336,train
2908,13315,train
2912,14325,train
2914,8483,train
2915,14285,train
2916,17667,train
2917,18623,train
2918,8810,train
2919,19331,train
2923,15717,train
2924,12969,train
2925,8810,train
2927,13572,train
2930,12426,train
2931,11468,train
2932,14334,train
2934,17801,train
2936,17235,train
2937,10243,train
2943,18543,train
2944,13274,train
2945,9598,train
2946,3128,train
2947,17646,train
2948,345,train
2950,18622,train
2951,12238,train
2953,19631,train
2954,17646,train
2955,1433,train
2956,3424,train
2957,4021,train
2958,6700,train
2959,5013,train
2960,5834,train
2961,2236,train
2962,5528,train
2964,3165,train
2966,3598,train
2969,2167,train
2970,3975,train
2972,6947,train
2973,11419,train
2974,4350,train
2975,7447,train
2976,4935,train
2977,10262,train
2978,4247,train
2979,3812,train
2981,11838,train
2982,8203,train
2983,3060,train
2984,5935,train
2985,2365,train
2988,3489,train
2989,7753,train
2990,841,train
2991,7785,train
2993,813,train
2994,450,train
2995,13993,train
2996,15921,train
2997,20336,train
2998,3545,train
2999,450,train
3000,2953,train
3001,1846,train
3002,5153,train
3004,1970,train
3005,2395,train
3006,7584,train
3007,7458,train
3008,956,train
3011,2481,train
3012,6574,train
3013,6925,train
3014,2633,train
3015,2587,train
3016,465,train
3017,19603,train
3018,5785,train
3019,3319,train
3020,6712,train
3021,6182,train
3023,2547,train
3024,4055,train
3025,4840,train
3026,4180,train
3028,2445,train
3030,2605,train
3031,4181,train
3032,7644,train
3034,11493,train
3036,1317,train
3037,2642,train
3038,6416,train
3039,8200,train
3040,1014,train
3042,17817,train
3045,4056,train
3046,2252,train
3047,3681,train
3048,757,train
3049,11180,train
3050,2724,train
3051,9254,train
3054,11657,train
3055,11466,train
3056,1691,train
3057,1179,train
3058,7373,train
3059,3915,train
3061,6256,train
3062,10748,train
3063,7301,train
3064,3337,train
3065,5207,train
3066,5376,train
3067,6511,train
3068,6919,train
3069,10781,train
3070,13967,train
3071,16535,train
3072,21478,train
3074,1005,train
3075,3514,train
3076,5328,train
3077,7605,train
3079,13539,train
3081,16792,train
3082,12972,train
3084,8231,train
3085,20821,train
3086,1032,train
3087,4362,train
3088,10409,train
3090,545,train
3091,2683,train
3093,12228,train
3094,1692,train
3095,5855,train
3096,6296,train
3097,6213,train
3098,5449,train
3099,522,train
3100,7558,train
3101,7066,train
3102,1949,train
3104,4844,train
3105,7857,train
3106,3669,train
3107,5556,train
3109,365,train
3110,5595,train
3113,925,train
3114,11219,train
3115,21296,train
3116,999,train
3117,365,train
3118,905,train
3119,855,train
3120,4251,train
3121,6676,train
3123,2527,train
3124,6526,train
3125,10199,train
3126,1026,train
3129,1370,train
3130,7611,train
3131,3017,train
3132,7096,train
3133,12963,train
3134,349,train
3135,349,train
3136,9594,train
3137,17645,train
3138,5776,train
3139,1905,train
3140,7987,train
3141,2880,train
3142,940,train
3143,18317,train
3145,11192,train
3146,14890,train
3147,6170,train
3149,13982,train
3150,338,train
3151,4366,train
3152,810,train
3153,5695,train
3154,698,train
3156,7137,train
3157,5678,train
3158,19361,train
3160,19275,train
3161,522,train
3162,1430,train
3163,4613,train
3167,6491,train
3168,2966,train
3170,6113,train
3171,5594,train
3172,15715,train
3173,6268,train
3175,6860,train
3176,408,train
3177,6173,train
3178,985,train
3179,1852,train
3180,5859,train
3181,408,train
3182,5627,train
3183,3232,train
3184,1132,train
3185,522,train
3186,3083,train
3187,1309,train
3188,3892,train
3190,7180,train
3191,6382,train
3193,2122,train
3194,6132,train
3195,1235,train
3196,2013,train
3197,1733,train
3198,545,train
3199,1799,train
3200,6077,train
3202,3796,train
3204,408,train
3205,1908,train
3206,977,train
3207,20410,train
3209,9254,train
3210,7631,train
3211,4560,train
3212,10467,train
3213,3931,train
3214,1813,train
3216,6629,train
3217,5939,train
3218,5862,train
3219,4859,train
3221,1293,train
3223,7218,train
3224,1888,train
3225,7129,train
3226,309,train
3227,4683,train
3228,3405,train
3229,5625,train
3230,18090,train
3231,6963,train
3232,8482,train
3236,19932,train
3237,7439,train
3239,8716,train
3240,9602,train
3243,1096,train
3244,7807,train
3245,6734,train
3247,7550,train
3249,3303,train
3250,3574,train
3251,5325,train
3252,6775,train
3253,1121,train
3254,1439,train
3255,825,train
3256,8971,train
3257,13783,train
3258,818,train
3259,13389,train
3260,4429,train
3261,5147,train
3262,10868,train
3263,16003,train
3264,5034,train
3266,4143,train
3267,309,train
3269,7524,train
3270,394,train
3276,3732,train
3277,320,train
3279,13732,train
3280,3256,train
3284,6243,train
3285,5828,train
3286,751,train
3287,4473,train
3288,4099,train
3289,1818,train
3290,2207,train
3291,8991,train
3293,355,train
3294,6101,train
3295,394,train
3296,5271,train
3297,635,train
3298,16115,train
3300,4013,train
3301,6118,train
3302,5109,train
3303,635,train
3304,7897,train
3305,3758,train
3306,465,train
3307,6209,train
3309,21458,train
3310,18908,train
3311,6604,train
3312,6553,train
3313,1248,train
3314,1176,train
3316,21064,train
3319,911,train
3321,355,train
3322,7751,train
3323,13535,train
3324,15527,train
3325,6565,train
3327,422,train
3328,5320,train
3329,7626,train
3330,20754,train
3331,4954,train
3332,1776,train
3333,8209,train
3334,5174,train
3335,11874,train
3338,422,train
3339,2782,train
3341,320,train
3343,15576,train
3344,4171,train
3346,4166,train
3347,1552,train
3348,6314,train
3351,12240,train
3352,13935,train
3353,11130,train
3354,9307,train
3355,8813,train
3357,14558,train
3358,21323,train
3359,11193,train
3361,21639,train
3362,9048,train
3364,19178,train
3365,21682,train
3367,21244,train
3369,9549,train
3370,13144,train
3372,8416,train
3373,12034,train
3374,4049,train
3375,7181,train
3377,3220,train
3378,2192,train
3379,3938,train
3380,20523,train
3381,14225,train
3382,1777,train
3383,8590,train
3385,7692,train
3386,2674,train
3387,6928,train
3388,4384,train
3390,13783,train
3391,14045,train
3392,11474,train
3393,1838,train
3394,7910,train
3395,1555,train
3396,3637,train
3397,2265,train
3398,1102,train
3399,4651,train
3400,3487,train
3402,1246,train
3403,3840,train
3405,4524,train
3407,4608,train
3408,1640,train
3410,4739,train
3412,9140,train
3413,5460,train
3415,5509,train
3418,20338,train
3419,3473,train
3420,5082,train
3421,4645,train
3422,4237,train
3423,15259,train
3424,694,train
3425,2944,train
3426,16494,train
3427,1469,train
3428,21115,train
3429,1400,train
3430,6259,train
3431,2705,train
3432,7171,train
3434,3440,train
3436,5858,train
3437,7073,train
3438,4973,train
3439,3474,train
3441,594,train
3442,4998,train
3444,13383,train
3445,5272,train
3446,6273,train
3448,1319,train
3449,9705,train
3450,571,train
3451,19234,train
3453,9183,train
3455,2908,train
3456,457,train
3458,7233,train
3459,12053,train
3460,6011,train
3461,2044,train
3462,4225,train
3463,4821,train
3464,6809,train
3465,1354,train
3466,2461,train
3467,6206,train
3468,1972,train
3469,1747,train
3470,3361,train
3471,2416,train
3472,4551,train
3473,11732,train
3474,5521,train
3476,418,train
3477,3066,train
3478,9244,train
3480,15977,train
3481,418,train
3482,1190,train
3483,3190,train
3485,1699,train
3489,21682,train
3490,21379,train
3491,2119,train
3492,9430,train
3493,4348,train
3496,9503,train
3498,4880,train
3499,8810,train
3500,17003,train
3501,8440,train
3502,6806,train
3503,369,train
3504,4819,train
3505,4241,train
3506,619,train
3509,345,train
3510,19718,train
3511,542,train
3512,1148,train
3513,3037,train
3514,9185,train
3516,1652,train
3517,2828,train
3518,2965,train
3519,6506,train
3520,2441,train
3523,7034,train
3524,13044,train
3525,7155,train
3527,5997,train
3528,4488,train
3529,11326,train
3530,3265,train
3532,4885,train
3533,5466,train
3534,619,train
3535,4802,train
3536,2332,train
3538,4784,train
3539,4475,train
3540,11029,train
3541,6327,train
3542,542,train
3543,16239,train
3545,10086,train
3546,11712,train
3547,8002,train
3548,11578,train
3549,15129,train
3551,8810,train
3552,18493,train
3553,8810,train
3554,10145,train
3555,11793,train
3556,15858,train
3557,12084,train
3560,12022,train
3561,8882,train
3562,11254,train
3563,21334,train
3564,18103,train
3565,18336,train
3566,16199,train
3567,18165,train
3569,18336,train
3571,17120,train
3572,8887,train
3573,8357,train
3575,11793,train
3576,13218,train
3577,8674,train
3578,16523,train
3580,15668,train
3581,9330,train
3583,10468,train
3586,8810,train
3588,16554,train
3589,15158,train
3591,10044,train
3592,8234,train
3593,16631,train
3594,20334,train
3598,15203,train
3599,9067,train
3601,20825,train
3602,12722,train
3604,15888,train
3605,20897,train
3608,18336,train
3609,11703,train
3614,9732,train
3616,12635,train
3617,8562,train
3619,11612,train
3620,14609,train
3621,18099,train
3622,13896,train
3623,8077,train
3624,8811,train
3626,9853,train
3627,14283,train
3628,9853,train
3630,16657,train
3631,19031,train
3633,13212,train
3636,16051,train
3638,20547,train
3639,12780,train
3640,13078,train
3643,18699,train
3644,11136,train
3645,7938,train
3646,11749,train
3647,16883,train
3648,12518,train
3649,14337,train
3653,15491,train
3654,14503,train
3655,17028,train
3656,18728,train
3658,21032,train
3659,21066,train
3661,21337,train
3662,14065,train
3664,8086,train
3666,18984,train
3667,10924,train
3668,8939,train
3670,19614,train
3671,17720,train
3672,9611,train
3673,9252,train
3674,13164,train
3675,14270,train
3676,9471,train
3677,11819,train
3678,10444,train
3679,9750,train
3680,16590,train
3681,17066,train
3683,18579,train
3684,18518,train
3685,9418,train
3686,18265,train
3690,10772,train
3691,16355,train
3693,17345,train
3694,21639,train
3695,19245,train
3697,9152,train
3698,18459,train
3700,12140,train
3701,14042,train
3703,18515,train
3705,12538,train
3706,15521,train
3707,18968,train
3709,21676,train
3711,19298,train
3713,9990,train
3714,12294,train
3716,8306,train
3717,10446,train
3718,16540,train
3719,19659,train
3720,18466,train
3721,10169,train
3722,10588,train
3724,14677,train
3725,11961,train
3726,19673,train
3728,21284,train
3729,13184,train
3730,19018,train
3731,21193,train
3732,8409,train
3733,13638,train
3734,21478,train
3735,19392,train
3736,17450,train
3737,21478,train
3738,10113,train
3742,5258,train
3743,2221,train
3744,10944,train
3745,16614,train
3748,8038,train
3749,3548,train
3750,7711,train
3751,16786,train
3752,5247,train
3753,18429,train
3758,2854,train
3759,517,train
3760,6016,train
3761,13368,train
3763,2104,train
3764,3443,train
3765,6693,train
3766,14668,train
3767,14311,train
3768,5646,train
3769,16270,train
3772,4385,train
3773,14904,train
3774,3003,train
3775,5001,train
3776,10748,train
3777,4559,train
3778,3553,train
3779,13280,train
3780,16312,train
3781,10192,train
3782,8394,train
3786,8703,train
3787,14471,train
3788,8119,train
3792,8703,train
3794,15035,train
3796,8703,train
3797,19499,train
3802,20054,train
3803,7052,train
3804,351,train
3808,1327,train
3809,5683,train
3811,7953,train
3812,8728,train
3813,1323,train
3814,17119,train
3815,1877,train
3816,351,train
3817,19435,train
3818,18814,train
3819,3988,train
3822,10436,train
3823,3638,train
3824,4426,train
3825,5474,train
3826,2287,train
3828,4626,train
3829,3621,train
3830,1088,train
3831,2753,train
3834,5160,train
3836,7048,train
3837,7247,train
3838,5347,train
3839,5467,train
3840,6933,train
3841,766,train
3843,7332,train
3844,7104,train
3845,7335,train
3846,16946,train
3847,15042,train
3848,12953,train
3849,11263,train
3850,10024,train
3851,16926,train
3852,10328,train
3853,5513,train
3854,9071,train
3856,10667,train
3859,8132,train
3860,8135,train
3861,13441,train
3864,15715,train
3865,20419,train
3866,21496,train
3868,16703,train
3870,15051,train
3871,15694,train
3873,9808,train
3876,8143,train
3879,12201,train
3880,8344,train
3881,8533,train
3882,10663,train
3885,20553,train
3886,8751,train
3887,9379,train
3888,15123,train
3890,13205,train
3894,14753,train
3896,8149,train
3897,19624,train
3898,15119,train
3900,11005,train
3901,21689,train
3902,13552,train
3906,9622,train
3907,14123,train
3911,20127,train
3912,9133,train
3915,16939,train
3920,17258,train
3921,986,train
3922,2341,train
3924,18673,train
3927,6104,train
3928,6361,train
3929,12365,train
3930,526,train
3931,3151,train
3932,1436,train
3933,1808,train
3934,2755,train
3935,4239,train
3936,6678,train
3938,21577,train
3940,18667,train
3941,5762,train
3942,16312,train
3943,10225,train
3945,10496,train
3950,2230,train
3951,5996,train
3953,7520,train
3954,6571,train
3955,4057,train
3956,375,train
3957,7697,train
3958,3343,train
3959,5525,train
3961,7050,train
3962,7875,train
3963,4726,train
3964,5180,train
3965,6308,train
3966,8197,train
3968,375,train
3969,7581,train
3970,1435,train
3971,6233,train
3972,5874,train
3973,4036,train
3974,784,train
3975,3818,train
3976,3417,train
3977,4333,train
3978,553,train
3980,5053,train
3981,7873,train
3982,15953,train
3983,6888,train
3985,4514,train
3987,4250,train
3988,7929,train
3989,3773,train
3991,1700,train
3992,2950,train
3993,6028,train
3994,5639,train
3995,928,train
3996,3145,train
3997,9146,train
3998,10618,train
3999,1938,train
4000,5410,train
4001,6874,train
4002,14054,train
4003,5177,train
4004,19221,train
4006,12836,train
4007,2291,train
4008,3000,train
4009,3502,train
4010,396,train
4011,11023,train
4012,14071,train
4013,14754,train
4014,553,train
4015,562,train
4017,18217,train
4019,4903,train
4020,12541,train
4021,7418,train
4022,4231,train
4023,14191,train
4024,941,train
4026,1288,train
4027,3984,train
4029,4641,train
4030,6768,train
4031,13520,train
4033,13534,train
4034,1215,train
4035,2675,train
4036,5640,train
4037,5656,train
4038,1184,train
4039,1928,train
4040,1950,train
4041,1564,train
4042,3944,train
4043,4349,train
4045,994,train
4046,7641,train
4047,7201,train
4048,1470,train
4049,3150,train
4050,697,train
4051,3735,train
4052,5714,train
4053,573,train
4054,5727,train
4055,1992,train
4056,562,train
4060,2813,train
4061,3826,train
4062,13185,train
4063,10799,train
4064,4575,train
4065,18929,train
4067,5624,train
4069,6441,train
4071,15477,train
4073,5901,train
4074,6952,train
4075,576,train
4076,6326,train
4077,2850,train
4078,6584,train
4080,6292,train
4081,4583,train
4082,5948,train
4083,3110,train
4084,3350,train
4085,440,train
4087,5141,train
4088,2303,train
4089,20252,train
4091,836,train
4092,576,train
4093,13265,train
4094,2615,train
4095,573,train
4099,440,train
4101,19669,train
4102,428,train
4104,4969,train
4106,428,train
4107,1801,train
4108,1925,train
4109,6931,train
4111,7881,train
4113,6381,train
4114,6388,train
4115,2388,train
4116,7443,train
4119,14425,train
4120,7599,train
4121,2419,train
4122,14892,train
4125,4337,train
4127,20983,train
4128,2679,train
4129,2081,train
4130,7212,train
4131,3829,train
4132,7650,train
4133,7490,train
4134,2922,train
4135,1926,train
4136,4434,train
4138,3315,train
4139,16534,train
4140,5953,train
4141,2576,train
4142,2805,train
4143,1183,train
4144,7405,train
4146,2662,train
4147,396,train
4150,2728,train
4151,17307,train
4152,14693,train
4154,5705,train
4155,18464,train
4156,20298,train
4157,21429,train
4158,16786,train
4159,18636,train
4160,1897,train
4162,8390,train
4163,21627,train
4164,10373,train
4165,20642,train
4169,18467,train
4170,13823,train
4171,8459,train
4172,15533,train
4173,11103,train
4174,10825,train
4176,16536,train
4178,9403,train
4179,8459,train
4180,9996,train
4181,19221,train
4183,20032,train
4184,13873,train
4186,21008,train
4187,17896,train
4188,11728,train
4189,8423,train
4190,11112,train
4191,12354,train
4192,11807,train
4193,15647,train
4197,21303,train
4198,17847,train
4199,14852,train
4200,16229,train
4201,21043,train
4204,9095,train
4205,19393,train
4207,18280,train
4210,11543,train
4211,8936,train
4213,14165,train
4215,12822,train
4216,18587,train
4217,10132,train
4219,15091,train
4221,20552,train
4222,9616,train
4227,12822,train
4231,9570,train
4232,13030,train
4234,18500,train
4236,21763,train
4237,9792,train
4240,12084,train
4241,8103,train
4244,12802,train
4246,17423,train
4247,13803,train
4248,11889,train
4249,18806,train
4251,2435,train
4252,7810,train
4253,10957,train
4255,9307,train
4256,17482,train
4258,8083,train
4259,18073,train
4262,9233,train
4263,15826,train
4265,19062,train
4267,13875,train
4268,19777,train
4270,1396,train
4271,7239,train
4272,2636,train
4273,11695,train
4274,3593,train
4275,7587,train
4277,4940,train
4280,5097,train
4282,7927,train
4283,526,train
4284,6524,train
4285,912,train
4287,7328,train
4288,2747,train
4289,7556,train
4290,12753,train
4291,20451,train
4292,3761,train
4293,4294,train
4296,497,train
4297,1734,train
4298,10728,train
4299,5554,train
4300,5817,train
4301,1499,train
4302,7026,train
4303,7107,train
4304,2791,train
4305,8891,train
4306,11325,train
4308,13831,train
4309,11463,train
4310,2837,train
4311,497,train
4312,332,train
4313,7789,train
4315,3275,train
4317,5359,train
4318,6739,train
4319,6990,train
4320,6075,train
4321,319,train
4322,12237,train
4323,18026,train
4324,1621,train
4325,2582,train
4326,9390,train
4327,4957,train
4330,1741,train
4331,3433,train
4332,10787,train
4334,20432,train
4337,3948,train
4338,7412,train
4339,4999,train
4340,6924,train
4341,773,train
4343,4708,train
4344,5867,train
4345,7454,train
4346,1516,train
4347,18904,train
4348,6244,train
4349,5720,train
4350,3605,train
4351,14128,train
4352,5144,train
4353,6241,train
4355,3284,train
4356,7029,train
4357,6497,train
4358,2191,train
4359,17532,train
4360,319,train
4361,7463,train
4364,2612,train
4365,17122,train
4366,20475,train
4368,16669,train
4369,6217,train
4370,20728,train
4371,2822,train
4372,6655,train
4373,10842,train
4374,20213,train
4375,16902,train
4376,18667,train
4377,6307,train
4378,2002,train
4379,12237,train
4380,332,train
4381,9992,train
4383,466,train
4384,15622,train
4385,19677,train
4386,20760,train
4387,11646,train
4388,16819,train
4389,16120,train
4390,7654,train
4392,11344,train
4393,19409,train
4394,11234,train
4396,17319,train
4397,10352,train
4398,15933,train
4399,15700,train
4400,21721,train
4401,12743,train
4402,20505,train
4403,11436,train
4404,9752,train
4405,11200,train
4406,4175,train
4407,3393,train
4408,2184,train
4409,7352,train
4411,4911,train
4412,7665,train
4413,14795,train
4416,1403,train
4418,10466,train
4419,3078,train
4420,323,train
4421,3656,train
4422,21166,train
4423,12743,train
4424,17990,train
4425,17841,train
4426,18471,train
4427,20305,train
4428,9576,train
4429,18199,train
4430,2712,train
4431,594,train
4433,7256,train
4434,6765,train
4435,12286,train
4436,14476,train
4437,19725,train
4438,12413,train
4440,15343,train
4441,12710,train
4442,14353,train
4443,16445,train
4445,6053,train
4446,18835,train
4449,14476,train
4450,6046,train
4451,12621,train
4452,1860,train
4453,3836,train
4454,18843,train
4455,2040,train
4456,12755,train
4457,7622,train
4459,4773,train
4460,7429,train
4461,5850,train
4462,14376,train
4463,17990,train
4464,1847,train
4465,323,train
4466,19371,train
4467,14353,train
4469,1308,train
4470,20203,train
4471,5426,train
4472,5937,train
4473,7421,train
4474,2591,train
4475,4167,train
4477,2361,train
4478,6735,train
4479,5120,train
4480,2645,train
4481,7787,train
4482,851,train
4487,2743,train
4488,17303,train
4489,12743,train
4490,20657,train
4491,17692,train
4492,20305,train
4493,5101,train
4494,17130,train
4495,14353,train
4496,7329,train
4497,1504,train
4499,16445,train
4500,4345,train
4502,14353,train
4503,15600,train
4504,12130,train
4505,3928,train
4509,20091,train
4510,16789,train
4511,11514,train
4512,17297,train
4513,15796,train
4514,4672,train
4515,10272,train
4516,6837,train
4517,16824,train
4519,4342,train
4520,18872,train
4521,5607,train
4522,16807,train
4523,3611,train
4524,4068,train
4525,466,train
4526,7890,train
4527,6050,train
4529,5988,train
4530,9145,train
4531,12743,train
4532,12743,train
4533,14476,train
4534,1398,train
4535,11769,train
4536,5431,train
4537,4454,train
4538,14353,train
4539,6484,train
4540,4766,train
4541,3714,train
4544,974,train
4545,1530,train
4549,1858,train
4550,17759,train
4551,1570,train
4552,3618,train
4553,4628,train
4554,2219,train
4555,1192,train
4557,7251,train
4558,5185,train
4559,21140,train
4561,13636,train
4562,3258,train
4563,2480,train
4564,2483,train
4566,4420,train
4567,7455,train
4568,5073,train
4569,5222,train
4570,4351,train
4573,4087,train
4574,5221,train
4575,14353,train
4577,10806,train
4578,14476,train
4579,4325,train
4580,21364,train
4581,1008,train
4582,6120,train
4583,16807,train
4584,5315,train
4585,1388,train
4588,14807,train
4589,14178,train
4590,12743,train
4591,16191,train
4592,14428,train
4593,15554,train
4594,10218,train
4595,14178,train
4596,15172,train
4597,2597,train
4598,20889,train
4599,11245,train
4600,5049,train
4601,3252,train
4603,17810,train
4604,17616,train
4605,2937,train
4606,6257,train
4607,7348,train
4608,16198,train
4610,6853,train
4611,16807,train
4612,4428,train
4613,18154,train
4616,4117,train
4617,21665,train
4620,3729,train
4621,747,train
4622,6492,train
4623,10375,train
4624,4554,train
4625,3603,train
4626,7774,train
4627,10069,train
4628,6599,train
4629,6445,train
4630,13854,train
4631,10789,train
4632,2906,train
4633,13498,train
4634,7337,train
4635,525,train
4636,4356,train
4637,16807,train
4638,7928,train
4639,16537,train
4641,7008,train
4642,2346,train
4643,525,train
4645,17046,train
4648,15172,train
4649,12662,train
4652,1390,train
4653,17305,train
4655,14479,train
4657,14389,train
4658,20394,train
4659,913,train
4660,1243,train
4662,7515,train
4664,19690,train
4665,21748,train
4666,17003,train
4667,17154,train
4668,10759,train
4669,12236,train
4670,7487,train
4671,11518,train
4673,1326,train
4674,5367,train
4675,20459,train
4678,6404,train
4679,3631,train
4680,17453,train
4682,729,train
4683,6811,train
4684,2450,train
4685,1987,train
4688,8821,train
4689,745,train
4690,9134,train
4691,6379,train
4692,3438,train
4693,20014,train
4694,2600,train
4697,3556,train
4698,21790,train
4699,15800,train
4700,6344,train
4701,457,train
4702,5688,train
4703,17305,train
4705,1415,train
4706,1296,train
4707,4328,train
4708,5058,train
4709,19001,train
4710,15101,train
4711,2777,train
4713,9401,train
4714,1238,train
4715,15543,train
4716,5724,train
4717,1924,train
4718,17755,train
4720,1058,train
4721,3937,train
4722,5330,train
4723,2786,train
4724,2540,train
4725,20569,train
4727,5813,train
4728,2473,train
4729,12802,train
4730,534,train
4731,5371,train
4732,17305,train
4734,13399,train
4735,5968,train
4736,17031,train
4737,20459,train
4738,3236,train
4739,21118,train
4740,14586,train
4741,2304,train
4742,20086,train
4743,18561,train
4744,19236,train
4745,17305,train
4746,17299,train
4748,6481,train
4750,534,train
4753,2971,train
4754,2231,train
4756,7410,train
4757,7620,train
4759,3250,train
4760,6264,train
4762,8973,train
4763,15846,train
4764,17740,train
4765,16743,train
4766,16564,train
4767,6144,train
4768,3935,train
4770,1883,train
4772,3047,train
4773,17740,train
4774,3534,train
4775,2650,train
4776,4558,train
4777,2486,train
4778,11806,train
4779,5252,train
4780,4108,train
4781,6857,train
4782,1962,train
4783,7428,train
4784,3177,train
4787,12758,train
4788,20770,train
4789,13329,train
4790,15802,train
4791,15846,train
4792,18561,train
4793,20459,train
4794,13948,train
4795,8669,train
4796,15415,train
4799,19381,train
4800,20991,train
4801,21259,train
4802,16470,train
4803,11529,train
4804,9247,train
4806,21755,train
4807,14396,train
4808,19584,train
4810,10530,train
4811,15012,train
4813,21765,train
4814,12719,train
4815,21765,train
4816,16569,train
4817,16901,train
4818,10515,train
4819,16644,train
4821,19968,train
4823,17497,train
4824,15971,train
4826,19055,train
4827,15971,train
4828,9803,train
4829,17046,train
4830,21765,train
4831,13706,train
4832,14481,train
4833,18360,train
4834,12175,train
4835,13788,train
4837,9889,train
4838,15971,train
4839,15957,train
4840,20459,train
4841,8169,train
4842,8527,train
4843,12230,train
4844,9669,train
4845,16757,train
4846,17860,train
4847,16639,train
4848,7999,train
4849,13263,train
4850,18702,train
4851,10274,train
4852,16407,train
4853,18759,train
4854,21649,train
4855,9482,train
4856,15406,train
4857,14411,train
4858,8452,train
4859,17046,train
4860,10539,train
4862,17109,train
4864,11361,train
4865,10658,train
4867,19772,train
4868,13370,train
4869,14757,train
4870,20310,train
4871,13899,train
4872,18938,train
4874,19358,train
4875,10658,train
4876,9246,train
4877,21374,train
4878,15971,train
4879,11402,train
4881,330,train
4882,7341,train
4883,4749,train
4884,3100,train
4885,5375,train
4886,11887,train
4887,13175,train
4888,10858,train
4889,18155,train
4890,13061,train
4891,3694,train
4892,770,train
4894,386,train
4895,1105,train
4896,14298,train
4897,9999,train
4898,13521,train
4899,4363,train
4901,18479,train
4902,9246,train
4903,13273,train
4904,8551,train
4905,7099,train
4906,17250,train
4907,17046,train
4908,15971,train
4909,1018,train
4910,8058,train
4911,14924,train
4912,13407,train
4913,8781,train
4914,9856,train
4915,19944,train
4917,1393,train
4918,14298,train
4919,8270,train
4920,13745,train
4921,16787,train
4923,2099,train
4924,19029,train
4927,11008,train
4928,4478,train
4929,15270,train
4930,4186,train
4931,2829,train
4933,12382,train
4935,4791,train
4936,20119,train
4937,2960,train
4939,5620,train
4940,18518,train
4941,3573,train
4942,477,train
4943,9533,train
4944,8709,train
4946,1257,train
4947,1685,train
4948,1705,train
4949,2394,train
4952,2092,train
4954,2915,train
4955,4212,train
4956,2959,train
4957,17841,train
4959,15682,train
4962,6337,train
4963,1258,train
4964,6403,train
4965,5285,train
4967,10601,train
4968,609,train
4969,1878,train
4970,521,train
4971,18398,train
4972,8551,train
4973,7542,train
4974,11008,train
4975,14513,train
4976,1104,train
4977,521,train
4978,592,train
4980,10381,train
4981,10847,train
4982,4236,train
4983,15971,train
4984,609,train
4985,15450,train
4987,10265,train
4988,18877,train
4991,6380,train
4992,12180,train
4993,15139,train
4994,17884,train
4996,4063,train
4997,1775,train
4999,15862,train
5001,6715,train
5002,3155,train
5003,477,train
5004,10608,train
5005,2768,train
5007,21110,train
5009,10279,train
5010,7971,train
5011,10822,train
5012,8551,train
5013,12032,train
5014,1206,train
5015,7383,train
5016,9932,train
5017,17299,train
5018,6779,train
5019,9301,train
5020,871,train
5021,5598,train
5022,18194,train
5023,13488,train
5024,20397,train
5025,14761,train
5026,18159,train
5027,20581,train
5028,13947,train
5030,14633,train
5031,12625,train
5032,16236,train
5033,9709,train
5035,18671,train
5037,7103,train
5038,18270,train
5039,3419,train
5040,1053,train
5041,19588,train
5042,16543,train
5043,9802,train
5044,17460,train
5045,9709,train
5046,12700,train
5047,20086,train
5048,13947,train
5049,18917,train
5050,6889,train
5051,691,train
5052,13255,train
5053,7240,train
5055,13794,train
5057,5219,train
5058,592,train
5059,2804,train
5060,9246,train
5061,17299,train
5063,10927,train
5064,10294,train
5065,8551,train
5066,8096,train
5068,9049,train
5069,15944,train
5070,14162,train
5071,18398,train
5072,16866,train
5073,20620,train
5074,8461,train
5075,19044,train
5076,20497,train
5077,14691,train
5078,4858,train
5079,16948,train
5080,5191,train
5081,8984,train
5082,10422,train
5083,7459,train
5084,3492,train
5085,12113,train
5086,3597,train
5088,517,train
5089,5202,train
5090,7703,train
5091,7399,train
5092,7095,train
5093,1402,train
5094,4504,train
5095,16306,train
5096,8551,train
5097,19274,train
5098,18917,train
5100,15367,train
5101,8463,train
5102,7739,train
5103,7033,train
5104,15682,train
5105,5666,train
5107,2673,train
5108,6833,train
5110,9749,train
5111,11240,train
5112,20142,train
5113,21340,train
5114,19159,train
5115,18461,train
5116,9727,train
5118,19531,train
5119,13635,train
5120,20357,train
5121,12232,train
5123,15613,train
5124,13147,train
5125,10969,train
5127,21270,train
5128,10050,train
5129,15814,train
5130,15006,train
5131,11568,train
5132,16183,train
5133,21538,train
5135,16304,train
5136,15692,train
5137,16641,train
5138,11900,train
5140,8822,train
5141,14217,train
5142,15332,train
5143,13407,train
5144,13408,train
5145,14133,train
5146,11865,train
5148,20823,train
5149,14743,train
5150,12930,train
5152,17179,train
5153,15368,train
5155,19483,train
5156,17545,train
5157,17214,train
5158,12385,train
5160,17263,train
5162,17899,train
5164,12949,train
5165,8187,train
5166,17046,train
5167,12876,train
5168,8308,train
5169,10269,train
5171,15595,train
5173,12385,train
5174,19853,train
5175,18046,train
5176,20728,train
5177,19780,train
5178,18823,train
5179,8261,train
5180,9992,train
5181,19615,train
5183,11899,train
5184,10364,train
5186,14815,train
5187,10052,train
5188,12600,train
5189,11452,train
5190,11662,train
5191,21215,train
5192,14051,train
5193,17263,train
5194,16684,train
5195,14841,train
5196,12385,train
5197,17147,train
5198,11899,train
5200,12314,train
5201,19944,train
5202,19285,train
5203,16276,train
5204,17263,train
5205,16031,train
5206,14385,train
5207,21613,train
5209,19617,train
5210,10539,train
5213,17026,train
5214,10367,train
5215,19472,train
5216,17702,train
5218,16031,train
5220,11899,train
5221,10052,train
5222,15463,train
5223,12496,train
5224,13370,train
5225,19181,train
5226,10404,train
5227,14592,train
5228,17636,train
5229,20444,train
5230,15484,train
5231,18951,train
5232,11495,train
5233,15357,train
5235,17513,train
5236,13341,train
5237,11454,train
5238,16684,train
5239,12995,train
5240,12429,train
5241,16317,train
5242,14841,train
5243,12088,train
5244,17240,train
5245,21766,train
5246,9686,train
5247,15331,train
5248,19824,train
5249,16317,train
5250,10386,train
5254,19074,train
5255,14517,train
5256,10325,train
5258,18226,train
5259,15145,train
5260,16183,train
5261,19472,train
5262,15332,train
5264,13923,train
5265,20387,train
5266,13827,train
5267,19260,train
5268,17702,train
5270,11899,train
5271,9365,train
5272,11622,train
5273,20862,train
5274,11900,train
5277,18368,train
5279,15622,train
5280,10770,train
5283,18546,train
5284,18980,train
5285,20076,train
5286,12712,train
5287,8477,train
5288,11007,train
5290,12928,train
5291,21294,train
5292,11575,train
5294,8848,train
5295,15922,train
5297,14047,train
5300,9051,train
5301,8793,train
5303,8678,train
5305,15675,train
5307,17628,train
5308,19002,train
5309,8457,train
5310,17263,train
5311,16424,train
5312,10742,train
5313,14595,train
5314,14047,train
5315,9350,train
5317,10355,train
5318,18910,train
5319,17754,train
5320,17822,train
5321,20352,train
5322,20537,train
5323,17378,train
5325,10321,train
5326,16652,train
5327,16192,train
5328,15209,train
5329,17599,train
5332,21520,train
5333,20105,train
5334,21601,train
5339,16453,train
5340,20105,train
5341,20105,train
5342,20105,train
5344,10605,train
5346,15160,train
5348,9148,train
5349,19721,train
5350,10748,train
5352,16684,train
5353,9504,train
5354,20770,train
5355,19318,train
5356,20105,train
5357,18768,train
5358,12653,train
5359,16891,train
5361,21028,train
5362,16038,train
5363,9874,train
5364,8839,train
5365,8839,train
5366,11630,train
5367,7988,train
5368,18436,train
5369,9913,train
5372,16038,train
5374,16684,train
5375,17277,train
5376,13312,train
5378,21166,train
5379,18054,train
5380,17900,train
5381,16727,train
5382,20175,train
5385,9426,train
5387,13161,train
5388,21314,train
5389,7974,train
5390,8169,train
5391,10854,train
5392,9355,train
5393,17125,train
5394,16243,train
5396,16949,train
5397,15148,train
5398,15528,train
5399,13264,train
5400,9249,train
5401,14004,train
5402,14379,train
5404,19663,train
5406,9739,train
5407,12653,train
5408,9390,train
5409,18772,train
5410,9682,train
5411,17054,train
5412,11011,train
5414,15133,train
5415,12471,train
5417,10321,train
5418,15624,train
5419,14304,train
5420,18646,train
5421,13329,train
5422,14545,train
5423,9782,train
5424,11245,train
5425,15557,train
5426,19006,train
5429,17479,train
5430,20240,train
5431,10274,train
5432,8633,train
5433,10748,train
5435,17125,train
5436,8232,train
5438,13550,train
5439,16432,train
5440,14872,train
5441,19125,train
5443,14697,train
5444,21137,train
5445,21524,train
5446,21244,train
5447,10282,train
5449,20436,train
5450,21314,train
5451,14191,train
5453,14012,train
5454,20456,train
5455,21296,train
5456,13041,train
5457,15131,train
5458,9546,train
5459,18635,train
5460,16768,train
5461,19074,train
5462,9688,train
5463,11522,train
5466,20382,train
5467,19126,train
5468,8311,train
5469,18635,train
5470,10940,train
5471,14545,train
5472,21393,train
5473,11245,train
5474,18730,train
5475,17361,train
5476,15468,train
5477,10085,train
5480,10334,train
5481,19029,train
5482,9749,train
5483,15460,train
5484,21777,train
5485,17479,train
5486,18723,train
5488,10713,train
5489,17074,train
5490,15542,train
5491,13946,train
5492,14218,train
5493,9701,train
5494,18938,train
5495,14206,train
5496,14716,train
5497,20533,train
5498,17520,train
5499,9762,train
5500,14239,train
5502,15724,train
5503,11289,train
5504,16389,train
5505,17211,train
5506,17296,train
5507,15297,train
5508,16184,train
5509,16993,train
5510,18386,train
5511,21300,train
5512,11653,train
5513,18003,train
5514,18826,train
5515,16059,train
5516,11978,train
5517,9504,train
5518,12884,train
5520,17372,train
5521,15622,train
5522,10404,train
5523,12057,train
5524,17486,train
5525,17372,train
5526,18730,train
5527,11469,train
5528,15622,train
5529,10325,train
5531,17372,train
5532,10973,train
5533,21757,train
5534,8449,train
5535,13224,train
5536,17899,train
5537,15453,train
5539,13843,train
5540,12484,train
5541,9631,train
5542,19570,train
5543,8963,train
5545,16599,train
5546,18778,train
5547,21524,train
5548,9246,train
5549,11653,train
5550,18723,train
5551,21464,train
5552,9890,train
5553,12361,train
5554,17247,train
5555,18896,train
5556,17372,train
5557,10267,train
5558,8844,train
5559,19209,train
5560,16161,train
5561,9031,train
5562,13682,train
5563,19476,train
5564,16073,train
5565,12913,train
5569,9991,train
5570,10440,train
5571,9778,train
5573,16276,train
5575,13600,train
5576,13049,train
5577,9000,train
5578,12658,train
5581,16731,train
5582,20630,train
5583,10085,train
5584,10840,train
5585,16473,train
5586,19675,train
5587,21282,train
5588,20168,train
5590,20105,train
5591,10865,train
5592,17714,train
5593,16516,train
5594,13092,train
5595,19287,train
5597,21358,train
5598,11241,train
5599,17214,train
5601,15605,train
5602,10638,train
5603,15622,train
5604,12497,train
5607,13947,train
5608,15643,train
5609,8601,train
5610,12185,train
5611,10393,train
5612,10325,train
5613,15622,train
5614,20168,train
5615,17022,train
5617,13931,train
5618,19480,train
5619,12659,train
5620,21538,train
5622,17389,train
5623,10896,train
5624,12388,train
5626,17097,train
5627,17053,train
5629,11179,train
5630,8178,train
5631,14100,train
5632,18781,train
5633,13928,train
5634,19290,train
5636,12949,train
5637,12949,train
5639,21358,train
5640,21442,train
5641,10238,train
5642,15818,train
5643,15012,train
5644,8054,train
5645,10246,train
5646,8054,train
5647,8054,train
5648,8054,train
5649,8307,train
5650,9587,train
5651,19815,train
5652,8960,train
5653,10070,train
5654,18306,train
5656,19013,train
5657,14093,train
5658,15692,train
5659,10705,train
5660,18923,train
5661,9262,train
5662,7980,train
5663,15365,train
5664,9094,train
5666,11653,train
5667,18781,train
5668,19771,train
5669,19593,train
5670,21270,train
5671,8432,train
5672,12332,train
5673,14995,train
5675,13105,train
5676,10215,train
5677,10310,train
5678,17104,train
5679,20086,train
5680,8527,train
5681,9794,train
5682,8789,train
5683,14152,train
5684,14108,train
5685,21411,train
5686,17496,train
5688,9087,train
5689,14759,train
5690,17894,train
5691,17702,train
5692,14535,train
5693,14535,train
5694,3875,train
5695,645,train
5696,16439,train
5697,645,train
5699,14326,train
5700,21270,train
5701,17650,train
5702,10282,train
5703,11261,train
5704,14212,train
5705,20989,train
5706,21208,train
5707,20577,train
5708,18619,train
5709,10319,train
5710,645,train
5711,13292,train
5713,18889,train
5714,20914,train
5715,14083,train
5716,21471,train
5717,16076,train
5718,17046,train
5719,12389,train
5720,15021,train
5721,18208,train
5722,8738,train
5723,12292,train
5724,645,train
5726,6114,train
5727,12130,train
5728,5143,train
5729,6301,train
5730,7162,train
5732,5183,train
5734,3227,train
5735,6377,train
5736,789,train
5739,1502,train
5740,3488,train
5741,16568,train
5742,1417,train
5744,4649,train
5745,5492,train
5746,3970,train
5747,1588,train
5748,17289,train
5749,13514,train
5750,12265,train
5751,7419,train
5752,478,train
5754,2693,train
5756,19135,train
5757,3540,train
5758,8590,train
5759,14690,train
5760,14444,train
5761,17733,train
5762,14268,train
5763,17852,train
5765,16137,train
5766,21208,train
5767,18787,train
5768,9409,train
5770,17366,train
5773,12889,train
5774,12851,train
5775,9138,train
5776,14650,train
5778,15084,train
5779,19425,train
5780,14868,train
5781,12903,train
5783,9734,train
5785,14411,train
5786,20161,train
5787,17860,train
5788,11770,train
5789,20663,train
5790,11294,train
5791,17500,train
5792,2876,train
5793,20697,train
5794,5448,train
5795,18651,train
5796,18568,train
5797,1748,train
5798,6302,train
5799,7907,train
5800,8810,train
5801,3828,train
5802,2053,train
5803,18590,train
5805,8600,train
5807,8810,train
5808,8656,train
5809,14470,train
5811,19268,train
5812,9845,train
5813,10762,train
5814,10633,train
5815,9235,train
5818,20223,train
5819,16395,train
5820,8663,train
5821,3865,train
5822,1172,train
5823,638,train
5827,3005,train
5828,5392,train
5829,18584,train
5832,2595,train
5833,2067,train
5834,4924,train
5836,16450,train
5838,4729,train
5839,4243,train
5840,8202,train
5842,3241,train
5843,12740,train
5844,7653,train
5845,4605,train
5846,13465,train
5847,8128,train
5849,4691,train
5850,17949,train
5851,964,train
5852,6409,train
5853,5224,train
5854,2653,train
5858,8202,train
5859,4892,train
5862,11976,train
5864,9646,train
5865,6225,train
5866,16694,train
5867,16746,train
5869,16696,train
5870,8211,train
5871,8202,train
5872,2232,train
5874,16697,train
5875,16770,train
5877,11209,train
5878,20178,train
5879,10633,train
5880,8138,train
5882,8702,train
5883,16560,train
5884,8045,train
5887,15867,train
5888,8872,train
5890,16560,train
5891,15049,train
5893,12530,train
5894,8045,train
5895,16560,train
5896,13690,train
5897,13416,train
5898,15558,train
5899,9366,train
5901,10675,train
5902,13529,train
5903,8148,train
5904,20588,train
5905,17652,train
5906,10633,train
5907,10557,train
5908,13357,train
5909,16713,train
5910,13344,train
5912,13443,train
5913,12172,train
5917,10421,train
5919,12356,train
5921,15396,train
5922,14568,train
5928,14870,train
5929,18345,train
5931,18658,train
5932,10434,train
5933,15529,train
5935,19782,train
5937,5111,train
5938,14893,train
5939,7855,train
5940,16786,train
5941,2802,train
5942,7370,train
5948,3760,train
5950,15651,train
5952,6709,train
5954,9506,train
5956,14014,train
5957,13876,train
5959,13863,train
5962,16101,train
5963,17527,train
5964,19715,train
5965,18023,train
5967,8392,train
5968,11620,train
5969,20611,train
5970,21652,train
5971,15434,train
5974,10325,train
5978,7176,train
5979,954,train
5980,3255,train
5981,1630,train
5982,2857,train
5983,372,train
5984,7920,train
5985,7149,train
5986,10008,train
5987,16737,train
5988,7892,train
5989,3527,train
5990,6057,train
5991,7585,train
5993,6434,train
5994,6468,train
5995,1764,train
5996,3888,train
5997,638,train
5998,5037,train
5999,3813,train
6001,12976,train
6002,7588,train
6003,17336,train
6005,2810,train
6006,2108,train
6007,17597,train
6008,1237,train
6009,6362,train
6010,19799,train
6012,2845,train
6013,3696,train
6014,6542,train
6015,523,train
6016,3290,train
6017,2694,train
6018,7303,train
6019,4100,train
6020,3243,train
6021,7320,train
6022,5592,train
6023,11534,train
6024,21735,train
6025,18379,train
6026,3767,train
6027,1269,train
6029,391,train
6030,2098,train
6032,4030,train
6033,5309,train
6034,19507,train
6035,14773,train
6036,6305,train
6037,20881,train
6039,21024,train
6040,18448,train
6041,8584,train
6043,4650,train
6045,4174,train
6048,321,train
6049,5872,train
6051,5801,train
6052,3456,train
6053,1966,train
6054,6444,train
6055,2128,train
6059,6064,train
6060,3869,train
6061,1701,train
6062,17956,train
6063,3216,train
6064,372,train
6065,3838,train
6066,549,train
6068,2429,train
6069,1034,train
6070,7436,train
6071,1550,train
6072,2980,train
6076,3382,train
6077,17364,train
6078,2863,train
6079,4361,train
6080,4065,train
6081,18180,train
6083,6764,train
6084,7842,train
6085,10642,train
6086,324,train
6088,12129,train
6089,723,train
6090,17868,train
6091,330,train
6092,688,train
6093,4032,train
6094,4607,train
6095,4142,train
6099,15714,train
6100,1277,train
6101,860,train
6102,3028,train
6104,1287,train
6105,3039,train
6106,5698,train
6107,3046,train
6110,4948,train
6112,6914,train
6113,7547,train
6114,16337,train
6116,4946,train
6117,3640,train
6118,5300,train
6119,6080,train
6121,6839,train
6122,321,train
6123,11187,train
6124,9691,train
6125,13667,train
6127,2338,train
6128,10708,train
6129,6548,train
6130,7289,train
6133,2460,train
6134,16786,train
6136,2556,train
6137,12836,train
6138,2806,train
6139,7020,train
6140,7671,train
6142,324,train
6143,5900,train
6144,7659,train
6145,2000,train
6146,7422,train
6147,4182,train
6148,18642,train
6149,9839,train
6150,2093,train
6152,4119,train
6155,8934,train
6156,7187,train
6157,6597,train
6159,5226,train
6160,21796,train
6161,1744,train
6162,4942,train
6163,370,train
6164,4757,train
6165,11730,train
6166,7381,train
6167,5845,train
6168,3706,train
6169,4392,train
6170,10514,train
6171,7248,train
6172,370,train
6173,4318,train
6175,3764,train
6176,1385,train
6177,5922,train
6178,5356,train
6179,3547,train
6181,790,train
6182,5540,train
6183,14865,train
6184,7157,train
6185,6024,train
6193,15611,train
6194,18933,train
6195,15878,train
6196,17334,train
6197,18894,train
6199,15661,train
6202,13510,train
6203,17426,train
6204,15216,train
6205,12129,train
6206,18322,train
6209,10248,train
6213,18249,train
6214,10978,train
6215,8257,train
6216,18693,train
6217,19604,train
6218,18322,train
6219,20757,train
6220,19822,train
6223,8695,train
6225,16660,train
6228,18714,train
6232,12287,train
6234,11959,train
6236,13967,train
6237,17704,train
6238,17028,train
6242,18076,train
6243,10699,train
6244,18088,train
6245,10508,train
6246,11599,train
6247,15456,train
6249,15564,train
6250,12609,train
6252,21067,train
6253,17313,train
6254,8769,train
6257,9602,train
6258,10820,train
6259,20948,train
6260,21530,train
6261,14798,train
6264,11527,train
6266,20132,train
6267,13404,train
6269,9998,train
6271,17682,train
6273,12398,train
6274,20228,train
6275,18707,train
6276,10465,train
6277,12989,train
6278,7946,train
6279,12225,train
6280,9117,train
6282,9232,train
6286,9699,train
6287,12962,train
6288,4209,train
6290,12472,train
6291,12690,train
6292,16250,train
6293,9532,train
6297,523,train
6298,3728,train
6299,3759,train
6300,4810,train
6301,19431,train
6302,19626,train
6303,391,train
6306,2886,train
6307,2439,train
6308,19225,train
6309,6966,train
6310,3211,train
6311,16190,train
6315,4712,train
6316,1769,train
6317,1065,train
6318,305,train
6321,10821,train
6322,4353,train
6324,6862,train
6325,305,train
6326,12728,train
6327,4176,train
6328,4508,train
6330,992,train
6331,386,train
6333,13208,train
6334,5923,train
6336,5725,train
6338,21747,train
6339,4869,train
6340,1348,train
6342,4976,train
6343,478,train
6344,15883,train
6345,1780,train
6346,16173,train
6347,1250,train
6348,21245,train
6349,12698,train
6351,15711,train
6354,6464,train
6356,3102,train
6357,6291,train
6361,1217,train
6362,7263,train
6363,17898,train
6364,4447,train
6366,4941,train
6367,674,train
6368,14593,train
6369,9421,train
6370,5896,train
6371,1696,train
6372,4052,train
6373,4765,train
6374,4547,train
6376,4340,train
6378,5989,train
6379,2442,train
6382,8067,train
6383,17494,train
6384,9695,train
6385,1195,train
6386,17727,train
6387,15310,train
6388,2969,train
6389,4255,train
6390,6771,train
6391,2698,train
6392,10174,train
6393,7223,train
6394,9490,train
6395,9825,train
6396,8067,train
6397,8653,train
6398,20302,train
6399,16896,train
6401,19328,train
6402,19440,train
6403,17780,train
6405,8067,train
6406,17088,train
6407,21148,train
6408,13892,train
6409,9237,train
6410,9900,train
6411,8885,train
6412,8067,train
6413,4506,train
6414,7678,train
6415,16896,train
6416,820,train
6417,7754,train
6418,5583,train
6419,11689,train
6420,15190,train
6421,4652,train
6422,10038,train
6423,5655,train
6424,16648,train
6425,8268,train
6426,9229,train
6429,19920,train
6430,4070,train
6432,2280,train
6433,1158,train
6435,7064,train
6436,6733,train
6438,20887,train
6440,12657,train
6441,2998,train
6442,1344,train
6443,4851,train
6444,1643,train
6446,19105,train
6447,8067,train
6448,21280,train
6449,10311,train
6450,2410,train
6451,6174,train
6452,2710,train
6453,3454,train
6454,507,train
6455,18070,train
6456,1017,train
6457,17794,train
6458,20302,train
6459,15537,train
6460,15721,train
6461,8613,train
6462,1515,train
6463,15197,train
6464,8184,train
6466,8322,train
6467,9900,train
6468,507,train
6470,7432,train
6472,2402,train
6473,4748,train
6475,5636,train
6476,7915,train
6477,3896,train
6478,3566,train
6479,1953,train
6480,20392,train
6483,1751,train
6484,9825,train
6485,4338,train
6486,11661,train
6488,1476,train
6489,17712,train
6490,7621,train
6491,4422,train
6492,368,train
6494,6205,train
6495,8886,train
6496,6827,train
6497,3193,train
6499,3182,train
6500,5421,train
6501,4702,train
6502,8969,train
6503,4479,train
6504,4317,train
6506,3622,train
6507,5679,train
6509,1320,train
6510,2209,train
6511,2948,train
6512,4391,train
6513,4908,train
6514,2982,train
6516,1311,train
6518,7755,train
6519,5709,train
6520,20392,train
6521,19530,train
6522,20936,train
6523,423,train
6524,6635,train
6525,2891,train
6526,19008,train
6527,21477,train
6529,2043,train
6530,8505,train
6531,16648,train
6532,11010,train
6533,9757,train
6534,15812,train
6535,7666,train
6536,4681,train
6537,10230,train
6538,21111,train
6539,9060,train
6540,1822,train
6541,10965,train
6543,7125,train
6544,19293,train
6545,368,train
6546,2714,train
6548,4270,train
6549,12475,train
6550,4658,train
6551,5803,train
6553,6650,train
6554,6387,train
6555,13853,train
6557,2437,train
6558,4481,train
6559,9882,train
6560,9825,train
6561,17727,train
6565,6687,train
6566,3048,train
6567,13971,train
6568,8731,train
6569,6842,train
6570,404,train
6571,6972,train
6572,3396,train
6573,2858,train
6575,15434,train
6576,4509,train
6578,4103,train
6580,17155,train
6582,6843,train
6583,20084,train
6584,14210,train
6586,2358,train
6587,19091,train
6588,3338,train
6591,3210,train
6593,12222,train
6594,7850,train
6595,21641,train
6596,17100,train
6597,2085,train
6598,6967,train
6599,1047,train
6600,312,train
6601,16992,train
6603,18048,train
6604,5063,train
6605,17079,train
6606,15277,train
6607,6892,train
6608,6907,train
6609,1000,train
6610,7848,train
6611,3718,train
6612,17979,train
6613,1094,train
6614,14781,train
6616,2688,train
6617,19474,train
6618,21201,train
6619,17654,train
6620,15442,train
6621,8361,train
6622,18569,train
6623,20700,train
6624,17670,train
6626,1057,train
6627,20302,train
6628,3676,train
6629,7912,train
6630,10851,train
6631,7467,train
6632,5204,train
6633,1546,train
6634,6340,train
6635,10240,train
6636,11268,train
6637,5854,train
6638,3499,train
6639,675,train
6640,4146,train
6641,8296,train
6642,17877,train
6643,503,train
6644,8664,train
6645,3435,train
6646,3510,train
6647,6456,train
6648,3486,train
6649,6195,train
6651,423,train
6652,6543,train
6653,16529,train
6654,6429,train
6655,5575,train
6656,18682,train
6657,8181,train
6658,10621,train
6659,21445,train
6660,20866,train
6661,3120,train
6662,5567,train
6663,6934,train
6664,6047,train
6665,5165,train
6669,16272,train
6671,21020,train
6673,10271,train
6674,6608,train
6675,14550,train
6676,18965,train
6677,13517,train
6678,9137,train
6679,20294,train
6680,10571,train
6681,16272,train
6682,18282,train
6684,4288,train
6685,8384,train
6686,4936,train
6687,404,train
6688,19583,train
6689,1817,train
6690,412,train
6691,16834,train
6692,7006,train
6693,14086,train
6695,1423,train
6696,2134,train
6698,9827,train
6699,5150,train
6700,4796,train
6701,412,train
6703,14876,train
6704,1426,train
6705,11692,train
6707,2523,train
6708,4934,train
6709,17081,train
6710,4303,train
6711,21401,train
6712,4788,train
6713,4756,train
6714,6367,train
6715,2329,train
6716,455,train
6717,9310,train
6718,4168,train
6719,6564,train
6721,2011,train
6722,2846,train
6723,6186,train
6724,7196,train
6725,6540,train
6726,2532,train
6727,11932,train
6729,724,train
6730,1803,train
6733,4490,train
6734,312,train
6737,781,train
6738,1594,train
6739,15186,train
6740,1781,train
6741,19036,train
6742,20017,train
6743,835,train
6744,7858,train
6745,3356,train
6746,15690,train
6747,6989,train
6748,2074,train
6749,12133,train
6750,8986,train
6752,16899,train
6754,11513,train
6755,11267,train
6756,959,train
6757,2945,train
6759,16067,train
6760,12816,train
6761,8035,train
6762,6483,train
6763,16766,train
6765,16316,train
6766,14437,train
6767,455,train
6768,1245,train
6769,12757,train
6770,14896,train
6772,2116,train
6773,5369,train
6774,15200,train
6775,4777,train
6777,5093,train
6778,19319,train
6779,12584,train
6782,1251,train
6783,7802,train
6784,3300,train
6785,2107,train
6787,4316,train
6789,13657,train
6790,735,train
6791,21009,train
6792,8006,train
6793,18755,train
6795,6516,train
6797,8671,train
6799,16233,train
6800,18848,train
6801,12871,train
6802,10932,train
6804,8672,train
6805,10107,train
6806,11301,train
6807,16176,train
6808,20988,train
6809,10107,train
6810,12251,train
6811,11362,train
6812,10107,train
6813,17238,train
6814,10908,train
6815,20977,train
6818,19743,train
6819,12251,train
6820,9691,train
6821,10107,train
6822,12832,train
6823,12832,train
6824,12111,train
6825,18848,train
6826,13582,train
6827,19935,train
6828,10107,train
6829,17557,train
6830,9848,train
6831,15900,train
6832,10073,train
6833,10107,train
6834,19551,train
6835,10236,train
6836,15497,train
6839,17509,train
6840,14729,train
6841,18965,train
6842,11345,train
6843,16645,train
6844,16316,train
6845,19845,train
6846,20854,train
6847,13985,train
6848,10081,train
6849,15860,train
6850,9437,train
6851,8537,train
6853,21045,train
6854,12116,train
6855,18408,train
6856,10107,train
6857,13930,train
6858,8750,train
6859,17819,train
6860,14878,train
6861,16483,train
6862,18818,train
6863,13609,train
6866,10107,train
6867,15497,train
6868,11010,train
6869,8902,train
6871,21531,train
6872,21314,train
6873,12372,train
6874,10297,train
6875,11103,train
6876,8550,train
6877,17780,train
6878,19242,train
6879,9763,train
6880,5012,train
6881,4240,train
6882,7445,train
6883,5768,train
6884,7219,train
6885,792,train
6886,4300,train
6887,18084,train
6888,5032,train
6889,5853,train
6890,10065,train
6891,3814,train
6892,4831,train
6893,12596,train
6894,4875,train
6895,19426,train
6896,2955,train
6897,1985,train
6898,6551,train
6899,7771,train
6900,18695,train
6901,20555,train
6904,9474,train
6905,16246,train
6906,12362,train
6907,21212,train
6908,21483,train
6909,20712,train
6913,7725,train
6914,19000,train
6915,3662,train
6916,13670,train
6917,20925,train
6918,2604,train
6919,17052,train
6920,4047,train
6921,5975,train
6922,19144,train
6923,3074,train
6926,7145,train
6927,5668,train
6928,16289,train
6930,8397,train
6931,3030,train
6932,11693,train
6933,6000,train
6934,4918,train
6935,1312,train
6937,2006,train
6939,5716,train
6940,3134,train
6941,3247,train
6942,3860,train
6943,4170,train
6944,2500,train
6945,2415,train
6946,12439,train
6947,7077,train
6948,780,train
6949,7402,train
6950,5420,train
6954,4960,train
6955,15763,train
6956,1321,train
6957,13719,train
6958,2580,train
6959,5582,train
6960,2571,train
6961,11755,train
6963,17666,train
6964,20125,train
6965,5411,train
6966,5186,train
6967,12588,train
6968,14008,train
6969,501,train
6970,16471,train
6971,7319,train
6972,14681,train
6973,4024,train
6975,20741,train
6976,13955,train
6977,13088,train
6978,14632,train
6979,3894,train
6980,17131,train
6981,3053,train
6982,19390,train
6983,19396,train
6984,12416,train
6986,10602,train
6989,6131,train
6990,21154,train
6991,11764,train
6993,17052,train
6994,3668,train
6995,20253,train
6996,7215,train
6997,6139,train
6998,503,train
7000,17155,train
7001,1425,train
7004,4216,train
7005,3864,train
7008,11818,train
7009,18821,train
7010,1175,train
7011,7557,train
7012,15566,train
7013,17831,train
7014,19011,train
7015,8245,train
7017,13089,train
7018,18643,train
7019,21670,train
7020,19601,train
7021,16791,train
7026,17820,train
7028,21217,train
7029,15602,train
7031,20934,train
7032,13275,train
7033,5306,train
7035,6744,train
7036,1130,train
7037,3570,train
7038,1533,train
7039,4828,train
7040,5294,train
7041,8393,train
7042,765,train
7043,5201,train
7044,11668,train
7046,2035,train
7047,12527,train
7048,16581,train
7049,16724,train
7050,16471,train
7051,13162,train
7052,21217,train
7056,9667,train
7057,19601,train
7058,18569,train
7059,9609,train
7060,18394,train
7061,10764,train
7062,12759,train
7063,9411,train
7064,16754,train
7065,11111,train
7066,14977,train
7067,10271,train
7068,5954,train
7070,654,train
7071,2018,train
7072,6110,train
7073,20078,train
7074,6965,train
7076,6951,train
7077,654,train
7078,13230,train
7081,1077,train
7082,1100,train
7083,6736,train
7084,4334,train
7085,6600,train
7086,15430,train
7087,1593,train
7088,13034,train
7089,3610,train
7090,6872,train
7092,6651,train
7094,12588,train
7095,15852,train
7096,7460,train
7097,20313,train
7098,20078,train
7099,10779,train
7100,9904,train
7101,14895,train
7102,5080,train
7103,9609,train
7104,2629,train
7105,7079,train
7106,5364,train
7107,14895,train
7109,11696,train
7110,12599,train
7111,10122,train
7112,13405,train
7113,20085,train
7114,19017,train
7115,11332,train
7116,11941,train
7117,10718,train
7118,20078,train
7119,15409,train
7120,21271,train
7121,12567,train
7122,12077,train
7124,21380,train
7125,12056,train
7127,11579,train
7131,12241,train
7132,17809,train
7133,17794,train
7134,15801,train
7135,18525,train
7136,15994,train
7137,16413,train
7138,15537,train
7139,10295,train
7140,12921,train
7141,8830,train
7142,10407,train
7143,19963,train
7144,15088,train
7145,20322,train
7146,10223,train
7147,9818,train
7148,20523,train
7149,12618,train
7150,15850,train
7151,18610,train
7152,16068,train
7154,20535,train
7155,10407,train
7156,21090,train
7157,12433,train
7158,15715,train
7159,9048,train
7160,16990,train
7162,16528,train
7163,16797,train
7165,20008,train
7166,20289,train
7167,13945,train
7168,18481,train
7169,16557,train
7171,13561,train
7172,16967,train
7173,9912,train
7174,17677,train
7175,11333,train
7176,16415,train
7177,19040,train
7178,13972,train
7179,15096,train
7180,9912,train
7181,12878,train
7182,13402,train
7184,10019,train
7185,15470,train
7186,18610,train
7187,18704,train
7188,16250,train
7189,16553,train
7192,9597,train
7193,17760,train
7194,21641,train
7195,14614,train
7196,18767,train
7197,20182,train
7198,20348,train
7199,19878,train
7200,15938,train
7201,18557,train
7202,13279,train
7203,11422,train
7204,8782,train
7206,9083,train
7207,20820,train
7208,10582,train
7209,21031,train
7210,15873,train
7211,12898,train
7212,11610,train
7214,13405,train
7215,19304,train
7216,18884,train
7218,14158,train
7219,9912,train
7220,14073,train
7222,13940,train
7223,17009,train
7224,9166,train
7225,21424,train
7226,13394,train
7227,16420,train
7228,15873,train
7229,15715,train
7230,18909,train
7231,20820,train
7232,15873,train
7233,10107,train
7234,10548,train
7235,18455,train
7236,10167,train
7237,8543,train
7238,16836,train
7239,16726,train
7240,18548,train
7241,16158,train
7242,7951,train
7246,10571,train
7247,9693,train
7248,18966,train
7249,15096,train
7250,12036,train
7251,21439,train
7252,14614,train
7253,7945,train
7254,20182,train
7255,11020,train
7256,20531,train
7257,14066,train
7259,9229,train
7260,14114,train
7261,16836,train
7264,8009,train
7265,14681,train
7266,15221,train
7267,13681,train
7269,17637,train
7270,15597,train
7271,18195,train
7272,9667,train
7273,18966,train
7274,15597,train
7275,18706,train
7277,18119,train
7278,14949,train
7280,15221,train
7282,15222,train
7283,10338,train
7284,21422,train
7285,17013,train
7286,15895,train
7287,8861,train
7288,19261,train
7289,21144,train
7290,19191,train
7291,16765,train
7293,12770,train
7294,15815,train
7295,18195,train
7297,10299,train
7298,18119,train
7299,11357,train
7300,21494,train
7301,17945,train
7302,17013,train
7303,17716,train
7305,20681,train
7306,9010,train
7307,21422,train
7308,7943,train
7309,9510,train
7310,15222,train
7311,16726,train
7312,17015,train
7313,20649,train
7314,11692,train
7315,10439,train
7316,12993,train
7317,17525,train
7318,14740,train
7319,20297,train
7320,18508,train
7321,20677,train
7322,12919,train
7324,13047,train
7325,15858,train
7326,18570,train
7327,21708,train
7329,13562,train
7330,8304,train
7331,8277,train
7332,9922,train
7333,15222,train
7335,16298,train
7336,20348,train
7337,20079,train
7338,19810,train
7339,8304,train
7341,17301,train
7342,8304,train
7343,9187,train
7344,11000,train
7345,15222,train
7346,12959,train
7349,9551,train
7350,8304,train
7351,13019,train
7352,11688,train
7353,20554,train
7355,11083,train
7356,8304,train
7357,17930,train
7358,20625,train
7359,12919,train
7360,20988,train
7361,16581,train
7362,17495,train
7364,12649,train
7365,8304,train
7366,16298,train
7367,13963,train
7368,13424,train
7369,8853,train
7371,10284,train
7372,13490,train
7373,9098,train
7375,18743,train
7377,19049,train
7378,10277,train
7379,8304,train
7380,15779,train
7381,11607,train
7382,18544,train
7383,12923,train
7384,19123,train
7385,18506,train
7386,14518,train
7387,8304,train
7388,8975,train
7389,17716,train
7390,14092,train
7391,8578,train
7392,11095,train
7393,18195,train
7394,12309,train
7395,10259,train
7396,9208,train
7397,15076,train
7398,10315,train
7399,16765,train
7400,19682,train
7401,16495,train
7402,20830,train
7403,15597,train
7404,17013,train
7405,10743,train
7406,8856,train
7407,16765,train
7409,9212,train
7410,9318,train
7412,9048,train
7413,14156,train
7415,20867,train
7416,16973,train
7417,18886,train
7418,20243,train
7420,17830,train
7422,12919,train
7423,14949,train
7424,16765,train
7425,13042,train
7426,16434,train
7427,20985,train
7428,16158,train
7429,16223,train
7430,13981,train
7431,17013,train
7432,15546,train
7433,11333,train
7434,13721,train
7436,7951,train
7439,19396,train
7440,8553,train
7442,18318,train
7444,19597,train
7446,19754,train
7447,10884,train
7448,21352,train
7449,14684,train
7450,16834,train
7451,12651,train
7453,15189,train
7454,12527,train
7455,20011,train
7456,19912,train
7457,12362,train
7458,17555,train
7459,15094,train
7460,8011,train
7461,16164,train
7462,16973,train
7463,16973,train
7464,19850,train
7465,16973,train
7466,12948,train
7467,12948,train
7468,17540,train
7469,20182,train
7470,11665,train
7472,12846,train
7473,16999,train
7474,20243,train
7475,7940,train
7476,11502,train
7477,16505,train
7478,8228,train
7479,10027,train
7480,17426,train
7481,8105,train
7482,20396,train
7483,19065,train
7484,16611,train
7485,19885,train
7486,16544,train
7487,8030,train
7488,9128,train
7489,16814,train
7490,9156,train
7492,11131,train
7494,11429,train
7495,10548,train
7496,13930,train
7497,8304,train
7499,12316,train
7500,14587,train
7501,16158,train
7502,10063,train
7503,18174,train
7504,12078,train
7506,17426,train
7507,13252,train
7508,21111,train
7509,13100,train
7510,19286,train
7511,11425,train
7512,9048,train
7513,12763,train
7514,18445,train
7515,11471,train
7516,9217,train
7517,20182,train
7519,9660,train
7520,10297,train
7521,14565,train
7522,11429,train
7523,19168,train
7524,18718,train
7525,11131,train
7526,14565,train
7527,15715,train
7528,10216,train
7531,18576,train
7532,15794,train
7533,15130,train
7535,8670,train
7536,19012,train
7537,8042,train
7538,19610,train
7539,13262,train
7540,13791,train
7541,12941,train
7542,11429,train
7544,13061,train
7545,18610,train
7546,8377,train
7547,8760,train
7548,20927,train
7549,18887,train
7550,14121,train
7551,21342,train
7552,10569,train
7553,9103,train
7554,17832,train
7555,14351,train
7556,18201,train
7557,21511,train
7558,21696,train
7559,15777,train
7563,12257,train
7564,15697,train
7565,14370,train
7566,20376,train
7567,9048,train
7568,21313,train
7569,12887,train
7570,9020,train
7571,8199,train
7572,17768,train
7573,15853,train
7574,11531,train
7575,8450,train
7576,19058,train
7577,8331,train
7578,14121,train
7579,14729,train
7580,10646,train
7581,17893,train
7582,8199,train
7583,18780,train
7584,16216,train
7585,9241,train
7586,21445,train
7587,9157,train
7588,12831,train
7589,8623,train
7590,17834,train
7591,8199,train
7592,14370,train
7593,10591,train
7594,19058,train
7595,10569,train
7596,19767,train
7599,10226,train
7600,14121,train
7602,15248,train
7603,8062,train
7604,12794,train
7605,15807,train
7606,21189,train
7607,21100,train
7609,16098,train
7610,17752,train
7611,14161,train
7612,19522,train
7613,14370,train
7614,17869,train
7615,13815,train
7616,17930,train
7617,11705,train
7618,20904,train
7620,18556,train
7622,20508,train
7623,17869,train
7624,9286,train
7625,8671,train
7626,10315,train
7627,17569,train
7628,15568,train
7629,12630,train
7630,20182,train
7631,14370,train
7632,14978,train
7633,17893,train
7634,18610,train
7635,10291,train
7636,12189,train
7637,20097,train
7638,11429,train
7639,16179,train
7640,20151,train
7641,14576,train
7642,16903,train
7643,18928,train
7645,9286,train
7646,21049,train
7647,14705,train
7648,18610,train
7650,14001,train
7651,18746,train
7652,20163,train
7654,21049,train
7655,15016,train
7656,10129,train
7657,20988,train
7658,453,train
7659,3472,train
7660,14169,train
7662,4438,train
7663,3702,train
7664,11125,train
7665,8854,train
7666,4226,train
7667,659,train
7669,11298,train
7672,19363,train
7673,21049,train
7674,14282,train
7676,16179,train
7677,3044,train
7678,20599,train
7679,21145,train
7680,8610,train
7681,1441,train
7682,3797,train
7683,8814,train
7685,12889,train
7686,5605,train
7687,6457,train
7688,453,train
7689,7942,train
7690,4950,train
7691,2756,train
7693,4686,train
7694,4824,train
7695,6475,train
7696,6713,train
7697,794,train
7698,6469,train
7699,3353,train
7702,4669,train
7703,3560,train
7704,1993,train
7705,21357,train
7706,21049,train
7707,9286,train
7708,9230,train
7709,13155,train
7710,19100,train
7711,21185,train
7712,20328,train
7713,20717,train
7714,9904,train
7715,17925,train
7716,15067,train
7717,2935,train
7719,15465,train
7720,19176,train
7721,11491,train
7722,21658,train
7723,13182,train
7724,9112,train
7726,9139,train
7727,14557,train
7728,12937,train
7729,12831,train
7730,19363,train
7731,20599,train
7732,11517,train
7733,8236,train
7734,12937,train
7735,13417,train
7736,10122,train
7737,19931,train
7738,1786,train
7739,21070,train
7740,20429,train
7741,14169,train
7742,20396,train
7743,8182,train
7745,16125,train
7746,14557,train
7748,12495,train
7749,304,train
7750,3933,train
7755,304,train
7757,3333,train
7758,7519,train
7759,6562,train
7760,16061,train
7761,18428,train
7762,15398,train
7763,19310,train
7764,9892,train
7765,17548,train
7768,19889,train
7772,19023,train
7773,11840,train
7774,16941,train
7775,8298,train
7776,10012,train
7780,8978,train
7781,11119,train
7784,12906,train
7785,8191,train
7786,11931,train
7787,16329,train
7788,8681,train
7789,5510,train
7791,1979,train
7792,5617,train
7794,2423,train
7795,7277,train
7796,4096,train
7799,1654,train
7800,3384,train
7801,6234,train
7802,12605,train
7803,13461,train
7804,12206,train
7805,13687,train
7806,4335,train
7807,16332,train
7808,3034,train
7809,7323,train
7810,2860,train
7814,490,train
7815,5593,train
7816,3783,train
7817,3262,train
7818,4041,train
7823,10687,train
7824,490,train
7825,3719,train
7826,2109,train
7827,6117,train
7828,5773,train
7830,7853,train
7831,2242,train
7832,13818,train
7833,4760,train
7834,8831,train
7835,21144,train
7836,17981,train
7838,18902,train
7840,20673,train
7841,14793,train
7843,14822,train
7844,18370,train
7845,20046,train
7847,14604,train
7849,13526,train
7851,20566,train
7852,13323,train
7853,16931,train
7854,16820,train
7857,14317,train
7858,15703,train
7859,12267,train
7860,17270,train
7862,13355,train
7863,17103,train
7867,17331,train
7868,16016,train
7869,16995,train
7870,19838,train
7872,21510,train
7874,15284,train
7875,18197,train
7878,13970,train
7883,15626,train
7885,17331,train
7886,21548,train
7887,20538,train
7888,18203,train
7891,12620,train
7893,17331,train
7896,6401,train
7897,7045,train
7899,7484,train
7900,606,train
7901,1702,train
7902,1840,train
7903,4695,train
7904,5338,train
7906,2840,train
7907,3287,train
7908,12509,train
7909,17331,train
7910,11861,train
7911,14202,train
7912,15379,train
7913,16525,train
7914,19669,train
7915,18510,train
7917,12059,train
7918,16667,train
7921,12639,train
7922,11212,train
7923,12777,train
7924,18296,train
7925,8040,train
7926,4978,train
7927,2149,train
7928,12105,train
7929,7687,train
7930,4523,train
7931,13540,train
7932,17226,train
7933,19805,train
7934,3006,train
7935,3479,train
7938,1031,train
7939,2550,train
7940,2567,train
7942,14177,train
7943,5524,train
7944,12569,train
7947,2453,train
7948,1806,train
7949,6634,train
7952,6904,train
7955,3141,train
7956,12748,train
7957,6180,train
7958,3081,train
7959,20744,train
7960,358,train
7962,358,train
7963,5804,train
7965,3720,train
7966,6055,train
7968,3208,train
7969,4538,train
7970,779,train
7971,17383,train
7972,15616,train
7973,887,train
7974,11045,train
7975,14300,train
7977,16335,train
7978,10524,train
7979,21701,train
7980,20777,train
7981,7102,train
7982,2213,train
7983,2789,train
7985,20975,train
7986,12742,train
7987,5084,train
7989,1006,train
7991,5925,train
7992,1338,train
7993,4011,train
7994,5468,train
7995,3753,train
7996,2255,train
7997,2414,train
7999,1079,train
8001,6415,train
8002,4826,train
8003,13228,train
8004,2590,train
8005,6172,train
8006,4801,train
8008,3004,train
8009,3823,train
8010,7098,train
8011,9620,train
8012,6325,train
8013,4299,train
8014,13630,train
8015,19542,train
8016,4367,train
8018,501,train
8019,12664,train
8020,446,train
8021,463,train
8022,4144,train
8023,16336,train
8024,3373,train
8025,16880,train
8026,3376,train
8027,5553,train
8028,2859,train
8029,11112,train
8030,446,train
8031,3104,train
8033,1520,train
8034,2838,train
8035,4390,train
8037,2389,train
8038,3599,train
8039,7031,train
8040,6799,train
8042,759,train
8043,2312,train
8044,7759,train
8045,5496,train
8046,2464,train
8047,1559,train
8048,6894,train
8049,4522,train
8050,6190,train
8051,2972,train
8052,7469,train
8053,7532,train
8054,1576,train
8055,2102,train
8056,18352,train
8057,14873,train
8058,1125,train
8059,14539,train
8060,5196,train
8061,6245,train
8064,3513,train
8067,749,train
8068,2028,train
8069,4311,train
8070,3174,train
8071,6372,train
8072,659,train
8073,5292,train
8074,10736,train
8075,7358,train
8077,6141,train
8078,6752,train
8079,1118,train
8080,4201,train
8082,3091,train
8084,6788,train
8085,4266,train
8086,3890,train
8087,5981,train
8088,2205,train
8089,6970,train
8090,3142,train
8091,6646,train
8093,3389,train
8094,624,train
8095,5569,train
8096,2321,train
8097,7696,train
8098,3299,train
8099,6392,train
8100,6166,train
8101,5847,train
8102,20540,train
8103,4173,train
8104,12742,train
8105,624,train
8106,7869,train
8107,6926,train
8108,7146,train
8109,10057,train
8110,21586,train
8112,3689,train
8113,20346,train
8115,1135,train
8117,4023,train
8118,4009,train
8119,624,train
8120,13755,train
8122,15161,train
8124,1221,train
8125,6987,train
8127,5876,train
8128,2889,train
8129,7713,train
8131,719,train
8132,2794,train
8135,1140,train
8137,9169,train
8141,17920,train
8142,21537,train
8143,19411,train
8144,14903,train
8145,14903,train
8146,12140,train
8148,15032,train
8149,10423,train
8150,12768,train
8151,17582,train
8152,19442,train
8154,21325,train
8155,10438,train
8157,15179,train
8158,16109,train
8161,14085,train
8162,9959,train
8163,20655,train
8165,9517,train
8166,9959,train
8167,12417,train
8168,20778,train
8169,19512,train
8173,19756,train
8174,10484,train
8175,8188,train
8176,21764,train
8179,10326,train
8182,8689,train
8183,9505,train
8184,20744,train
8186,13735,train
8187,12939,train
8189,15932,train
8190,21425,train
8191,16194,train
8192,8073,train
8193,9356,train
8194,9306,train
8196,18715,train
8197,20369,train
8199,18747,train
8200,9397,train
8201,14464,train
8202,17582,train
8204,11311,train
8205,16597,train
8206,20315,train
8207,16863,train
8211,17085,train
8213,15398,train
8214,14198,train
8216,19713,train
8217,11792,train
8221,12321,train
8222,10008,train
8223,20293,train
8226,15736,train
8227,8437,train
8228,19576,train
8229,19621,train
8230,8092,train
8231,18128,train
8232,13569,train
8234,3381,train
8236,6163,train
8237,19993,train
8238,14524,train
8239,6112,train
8240,6578,train
8245,11324,train
8247,12688,train
8249,8242,train
8252,21445,train
8253,19577,train
8258,7225,train
8260,6585,train
8262,10379,train
8265,12688,train
8266,4933,train
8267,13228,train
8268,21719,train
8269,15014,train
8270,1805,train
8271,10828,train
8272,7464,train
8273,1086,train
8274,1444,train
8275,7836,train
8279,13557,train
8280,5491,train
8283,2761,train
8285,6402,train
8286,4230,train
8287,4947,train
8288,3584,train
8289,5380,train
8290,1660,train
8291,7379,train
8292,7474,train
8293,4107,train
8294,6523,train
8295,9623,train
8296,19632,train
8297,14524,train
8299,4574,train
8301,6729,train
8302,3660,train
8303,7213,train
8304,13171,train
8305,3308,train
8306,7148,train
8307,6545,train
8308,1635,train
8309,1201,train
8310,3437,train
8311,20241,train
8312,17679,train
8313,7989,train
8314,6922,train
8315,6939,train
8316,6072,train
8317,16974,train
8318,7427,train
8319,12427,train
8320,3214,train
8321,1887,train
8324,2174,train
8325,5149,train
8326,17085,train
8327,2238,train
8328,5416,train
8329,8560,train
8330,12553,train
8331,20145,train
8332,3824,train
8333,7814,train
8334,6869,train
8335,5840,train
8336,6557,train
8338,3531,train
8339,1180,train
8340,7230,train
8341,2627,train
8342,3379,train
8343,4736,train
8345,20689,train
8346,5098,train
8347,15752,train
8349,18749,train
8350,20089,train
8351,13977,train
8352,14988,train
8353,8983,train
8354,19769,train
8355,14790,train
8356,7014,train
8358,15535,train
8359,16251,train
8360,15752,train
8361,5151,train
8362,11626,train
8363,9954,train
8364,6763,train
8365,13991,train
8366,728,train
8367,21633,train
8368,19967,train
8369,15988,train
8370,12244,train
8371,13326,train
8372,15845,train
8373,18504,train
8374,6196,train
8375,13203,train
8377,11870,train
8378,4089,train
8379,6043,train
8380,7311,train
8381,10417,train
8382,20689,train
8383,3501,train
8384,1658,train
8385,5500,train
8387,7222,train
8388,1084,train
8389,14318,train
8390,3201,train
8391,7496,train
8392,1454,train
8394,12809,train
8395,16387,train
8396,486,train
8397,13720,train
8398,593,train
8399,2496,train
8400,13816,train
8401,1133,train
8402,4122,train
8403,10928,train
8404,20257,train
8405,7506,train
8407,9316,train
8408,10850,train
8409,4003,train
8411,3726,train
8412,19378,train
8413,18504,train
8414,9014,train
8416,9648,train
8417,16742,train
8418,21535,train
8419,14694,train
8420,13991,train
8421,15752,train
8422,14777,train
8423,642,train
8424,6187,train
8426,3705,train
8428,6430,train
8429,12558,train
8430,16899,train
8431,15752,train
8432,19107,train
8433,16165,train
8435,19488,train
8436,1986,train
8437,16945,train
8440,2249,train
8443,21257,train
8444,6436,train
8445,8034,train
8447,439,train
8449,1557,train
8451,739,train
8452,4855,train
8453,3861,train
8454,4884,train
8455,4312,train
8456,7708,train
8457,4890,train
8458,5857,train
8459,3355,train
8463,5530,train
8464,2045,train
8465,5348,train
8466,1603,train
8468,4501,train
8469,593,train
8470,1796,train
8471,20274,train
8472,21648,train
8474,14153,train
8476,3873,train
8477,10928,train
8478,7704,train
8479,13800,train
8480,642,train
8481,9164,train
8484,5195,train
8485,5019,train
8486,4665,train
8487,1934,train
8488,10403,train
8489,21574,train
8490,4197,train
8491,16044,train
8493,16251,train
8495,21563,train
8497,15861,train
8499,1262,train
8500,18129,train
8502,16251,train
8503,5673,train
8505,3899,train
8506,1325,train
8508,4576,train
8510,20853,train
8511,17544,train
8512,10403,train
8513,16834,train
8514,2758,train
8515,415,train
8516,19869,train
8517,5775,train
8518,18973,train
8519,18339,train
8520,3080,train
8521,486,train
8522,13994,train
8523,6374,train
8526,5936,train
8527,1486,train
8528,791,train
8529,3187,train
8530,18200,train
8531,3206,train
8532,3152,train
8534,2995,train
8536,12285,train
8537,2468,train
8539,3575,train
8540,7779,train
8542,15435,train
8544,4770,train
8545,20638,train
8546,5883,train
8547,6909,train
8549,5494,train
8550,3301,train
8552,4272,train
8553,6315,train
8554,7649,train
8556,5228,train
8557,593,train
8558,4561,train
8559,897,train
8560,4812,train
8561,1013,train
8562,4232,train
8564,17123,train
8566,11655,train
8567,1015,train
8568,10645,train
8569,5798,train
8570,11026,train
8571,10009,train
8572,7466,train
8573,12685,train
8574,6122,train
8575,13520,train
8576,11757,train
8577,2823,train
8578,16892,train
8579,10472,train
8580,19504,train
8582,5792,train
8585,13733,train
8586,1913,train
8587,14990,train
8588,429,train
8589,20395,train
8590,8034,train
8593,1719,train
8594,3412,train
8595,10403,train
8596,17544,train
8597,11655,train
8598,1708,train
8599,17823,train
8600,12085,train
8601,7092,train
8602,5838,train
8604,18326,train
8605,12697,train
8606,737,train
8607,8634,train
8608,18229,train
8610,3398,train
8611,4229,train
8612,21320,train
8613,6592,train
8614,21562,train
8615,15649,train
8616,15428,train
8617,17876,train
8618,12595,train
8619,1624,train
8621,5802,train
8623,21501,train
8626,463,train
8628,4264,train
8629,5354,train
8630,5890,train
8631,721,train
8633,13433,train
8634,11342,train
8635,1767,train
8636,429,train
8637,5921,train
8639,7667,train
8640,2279,train
8641,429,train
8642,2422,train
8643,2626,train
8644,552,train
8646,4738,train
8647,16093,train
8648,8683,train
8649,14288,train
8650,13099,train
8651,12096,train
8652,429,train
8653,16402,train
8654,18209,train
8655,6728,train
8656,20152,train
8657,13203,train
8658,18030,train
8659,20215,train
8660,7284,train
8661,3606,train
8662,1937,train
8664,20268,train
8665,15722,train
8666,10051,train
8667,13124,train
8668,15428,train
8669,8696,train
8671,10084,train
8672,446,train
8673,4124,train
8674,17878,train
8675,13203,train
8676,18972,train
8677,20485,train
8678,606,train
8679,6627,train
8681,2226,train
8682,7174,train
8685,11481,train
8686,6249,train
8687,5381,train
8690,13099,train
8691,552,train
8692,3982,train
8693,7901,train
8694,18656,train
8695,4823,train
8696,5100,train
8697,5733,train
8698,12595,train
8699,1975,train
8700,1855,train
8701,16227,train
8702,7087,train
8703,5641,train
8705,6664,train
8706,2912,train
8707,10191,train
8708,4331,train
8709,439,train
8711,5096,train
8713,6145,train
8714,7633,train
8715,7717,train
8716,3195,train
8717,11521,train
8718,5541,train
8719,1274,train
8720,1001,train
8721,1154,train
8722,11868,train
8723,15104,train
8725,6993,train
8726,11652,train
8728,4121,train
8729,11160,train
8730,10892,train
8731,16093,train
8732,12428,train
8734,12448,train
8735,8724,train
8737,12394,train
8738,7313,train
8740,13271,train
8741,11081,train
8742,17454,train
8743,13567,train
8745,4039,train
8746,2353,train
8747,1465,train
8748,20005,train
8749,3285,train
8750,8162,train
8751,14244,train
8752,11342,train
8753,12595,train
8755,2512,train
8756,4220,train
8758,3819,train
8759,6941,train
8760,14244,train
8762,7684,train
8764,2384,train
8766,1853,train
8769,415,train
8770,3205,train
8771,2152,train
8773,1352,train
8775,6466,train
8776,7762,train
8780,4916,train
8781,6832,train
8782,1943,train
8783,19927,train
8785,8107,train
8786,10988,train
8787,9034,train
8788,14458,train
8790,10418,train
8791,18240,train
8793,8903,train
8796,10394,train
8797,10717,train
8798,15304,train
8799,11988,train
8800,10885,train
8801,12248,train
8802,17995,train
8803,8442,train
8804,21579,train
8805,10583,train
8806,18128,train
8807,17688,train
8810,9399,train
8811,13669,train
8814,15525,train
8816,14724,train
8817,13973,train
8818,19103,train
8819,18377,train
8820,8442,train
8821,15349,train
8822,16626,train
8823,18596,train
8824,17585,train
8825,21423,train
8827,19951,train
8828,12595,train
8829,21355,train
8831,15789,train
8832,13627,train
8835,9699,train
8836,21153,train
8837,11218,train
8838,18807,train
8839,9915,train
8840,20553,train
8841,11140,train
8842,16465,train
8843,11564,train
8845,18537,train
8847,9429,train
8848,10988,train
8849,11091,train
8850,13669,train
8851,16465,train
8852,9634,train
8854,9569,train
8855,18418,train
8856,18052,train
8857,20370,train
8858,8499,train
8859,16465,train
8861,4178,train
8862,7105,train
8865,4685,train
8866,6376,train
8867,1837,train
8868,5072,train
8869,8712,train
8871,20156,train
8874,4877,train
8875,7444,train
8876,738,train
8877,11667,train
8878,2075,train
8879,8835,train
8881,10066,train
8882,9073,train
8883,11218,train
8884,12827,train
8885,10535,train
8886,7827,train
8888,6955,train
8889,3199,train
8891,17244,train
8892,13669,train
8893,4537,train
8894,19536,train
8895,21509,train
8896,14877,train
8897,10066,train
8898,9672,train
8899,11551,train
8900,4925,train
8901,14981,train
8903,17937,train
8904,11098,train
8905,10125,train
8906,7258,train
8908,4513,train
8909,427,train
8910,6647,train
8911,1185,train
8913,1521,train
8914,16657,train
8915,2834,train
8917,393,train
8918,12101,train
8919,13104,train
8920,13104,train
8921,15214,train
8923,4872,train
8924,1558,train
8925,14877,train
8927,10066,train
8928,9259,train
8929,682,train
8930,10519,train
8932,18342,train
8933,473,train
8934,5480,train
8937,427,train
8938,2380,train
8939,6413,train
8940,7736,train
8941,1784,train
8942,6879,train
8943,6486,train
8945,6287,train
8946,17126,train
8947,8020,train
8948,5718,train
8949,14038,train
8950,2091,train
8951,8982,train
8952,20970,train
8953,6591,train
8954,4541,train
8955,10537,train
8956,8913,train
8957,15298,train
8958,9116,train
8959,6946,train
8960,21585,train
8961,15276,train
8962,7944,train
8964,17984,train
8965,3441,train
8966,2511,train
8968,11687,train
8969,21637,train
8970,14251,train
8971,18101,train
8972,10011,train
8973,7571,train
8974,13895,train
8975,979,train
8976,15510,train
8978,15946,train
8979,4223,train
8980,19561,train
8982,11921,train
8983,17145,train
8984,1067,train
8985,14907,train
8986,1679,train
8987,12874,train
8988,14013,train
8989,14251,train
8990,20970,train
8991,14234,train
8992,15894,train
8993,21509,train
8994,13002,train
8995,1199,train
8996,15269,train
8997,2516,train
8998,11955,train
8999,13627,train
9000,1059,train
9001,7646,train
9003,11870,train
9004,2027,train
9005,17586,train
9006,6748,train
9008,14925,train
9009,1828,train
9012,14981,train
9013,19701,train
9014,15167,train
9015,14419,train
9016,18879,train
9017,16956,train
9018,1035,train
9019,5599,train
9022,5194,train
9023,20953,train
9025,17517,train
9026,13127,train
9027,11943,train
9028,11617,train
9029,18209,train
9030,15177,train
9031,19147,train
9032,9873,train
9033,19537,train
9034,20970,train
9035,14483,train
9037,15770,train
9038,8592,train
9039,14050,train
9040,16956,train
9041,17324,train
9042,953,train
9044,20553,train
9045,19949,train
9046,17984,train
9047,14315,train
9048,9132,train
9049,13104,train
9050,21162,train
9051,12439,train
9052,1743,train
9053,20515,train
9054,4443,train
9055,19620,train
9057,7336,train
9058,832,train
9059,15428,train
9060,18838,train
9061,8059,train
9062,17276,train
9064,15426,train
9065,17885,train
9066,1596,train
9067,12212,train
9068,14024,train
9069,7139,train
9070,12074,train
9071,17042,train
9072,16626,train
9074,19076,train
9075,16483,train
9076,18863,train
9077,15136,train
9078,11873,train
9079,16172,train
9080,21547,train
9083,12035,train
9084,16674,train
9086,20515,train
9087,9700,train
9088,5329,train
9089,19603,train
9090,7081,train
9091,6084,train
9092,18941,train
9093,21461,train
9096,14602,train
9097,4785,train
9098,12552,train
9099,6994,train
9100,6390,train
9101,516,train
9102,11943,train
9103,8303,train
9105,12319,train
9106,6227,train
9107,21520,train
9109,6615,train
9111,3588,train
9112,1335,train
9113,16114,train
9114,899,train
9116,1056,train
9117,2700,train
9118,3564,train
9119,6137,train
9120,5586,train
9121,14461,train
9122,1466,train
9123,5523,train
9124,5441,train
9125,2934,train
9126,6018,train
9128,2641,train
9129,14251,train
9130,13696,train
9131,14500,train
9132,20229,train
9135,14727,train
9136,6222,train
9137,6267,train
9138,11943,train
9139,5206,train
9140,2774,train
9141,9157,train
9142,17411,train
9143,13374,train
9145,15290,train
9146,20377,train
9147,13637,train
9148,11521,train
9149,15355,train
9150,16263,train
9151,20229,train
9152,16956,train
9153,13228,train
9154,20655,train
9156,14963,train
9157,19416,train
9158,17058,train
9159,11042,train
9160,21335,train
9161,21162,train
9163,805,train
9165,15337,train
9166,21162,train
9168,20655,train
9169,14448,train
9171,13181,train
9172,15847,train
9173,16725,train
9175,20356,train
9177,19383,train
9179,19555,train
9181,21493,train
9182,8027,train
9185,19532,train
9186,10525,train
9188,16000,train
9189,13148,train
9190,18526,train
9191,20263,train
9192,13238,train
9193,15538,train
9194,20325,train
9195,8407,train
9198,11236,train
9199,18069,train
9200,11078,train
9201,12272,train
9202,18686,train
9203,10207,train
9204,14992,train
9205,20655,train
9206,14360,train
9207,14458,train
9208,19990,train
9209,11042,train
9210,11410,train
9212,11579,train
9213,16377,train
9215,18687,train
9216,20864,train
9218,9040,train
9219,16450,train
9220,20515,train
9221,19923,train
9222,13569,train
9223,11372,train
9224,15544,train
9226,17328,train
9227,12272,train
9231,12747,train
9232,15538,train
9233,20800,train
9234,13983,train
9235,18458,train
9236,13644,train
9237,12741,train
9238,15433,train
9239,14000,train
9241,9939,train
9242,18031,train
9243,13093,train
9244,14261,train
9245,20571,train
9247,21556,train
9249,12054,train
9250,11039,train
9251,14791,train
9252,20159,train
9253,13374,train
9254,13191,train
9255,21281,train
9256,9250,train
9257,14134,train
9258,14096,train
9259,20794,train
9261,7976,train
9262,14714,train
9263,14443,train
9264,10380,train
9267,17231,train
9268,18715,train
9269,8499,train
9270,20993,train
9271,8620,train
9273,11936,train
9274,11633,train
9275,17535,train
9276,21255,train
9277,8803,train
9278,19350,train
9279,18687,train
9281,12229,train
9283,8948,train
9284,19844,train
9285,20285,train
9287,19806,train
9288,18473,train
9289,14981,train
9290,20073,train
9291,11365,train
9293,13614,train
9294,13148,train
9295,14981,train
9296,14653,train
9297,12690,train
9298,14000,train
9300,17903,train
9302,9928,train
9304,13934,train
9305,8084,train
9307,21353,train
9308,8893,train
9309,16850,train
9310,9684,train
9311,13819,train
9312,11103,train
9313,15955,train
9314,11135,train
9315,12394,train
9316,9954,train
9317,17006,train
9318,8524,train
9319,14574,train
9320,20539,train
9321,14669,train
9322,11372,train
9323,17144,train
9324,15929,train
9325,20815,train
9326,19844,train
9327,16427,train
9328,15080,train
9329,20139,train
9331,16429,train
9332,15494,train
9333,9291,train
9334,13909,train
9335,15771,train
9336,9373,train
9337,17036,train
9339,20910,train
9340,20146,train
9341,9226,train
9342,15328,train
9343,14229,train
9344,20911,train
9345,11016,train
9347,17021,train
9348,17543,train
9349,19069,train
9350,13627,train
9351,20635,train
9352,18285,train
9354,14771,train
9355,15598,train
9356,12344,train
9357,13669,train
9358,19783,train
9359,20330,train
9360,12770,train
9361,19122,train
9362,15026,train
9363,8657,train
9364,18383,train
9365,21520,train
9367,19362,train
9368,17512,train
9369,18158,train
9370,8588,train
9371,18178,train
9372,12561,train
9373,20016,train
9374,13906,train
9375,9928,train
9376,9473,train
9377,15835,train
9378,9260,train
9379,8216,train
9380,20016,train
9381,11158,train
9382,19489,train
9383,12038,train
9384,15676,train
9385,8647,train
9386,18645,train
9387,17030,train
9388,18630,train
9389,16538,train
9390,18309,train
9391,12667,train
9392,10400,train
9393,16978,train
9394,17851,train
9395,18178,train
9397,18309,train
9398,12987,train
9399,10900,train
9400,18383,train
9401,15986,train
9402,15178,train
9403,16542,train
9404,17648,train
9405,15328,train
9407,15015,train
9408,8588,train
9409,12827,train
9411,18775,train
9412,17036,train
9413,14439,train
9414,20272,train
9415,16117,train
9418,11955,train
9419,17888,train
9420,14574,train
9421,19362,train
9423,12674,train
9424,17030,train
9425,10945,train
9426,19184,train
9427,10815,train
9428,13194,train
9429,13020,train
9430,17659,train
9432,20534,train
9433,17148,train
9434,11683,train
9435,18158,train
9436,17544,train
9437,11158,train
9438,11532,train
9439,18744,train
9440,9674,train
9441,10945,train
9442,10945,train
9443,18158,train
9444,12344,train
9445,17984,train
9446,11016,train
9447,14831,train
9448,14808,train
9450,8687,train
9451,11081,train
9452,12347,train
9454,18273,train
9455,14412,train
9456,11206,train
9457,17996,train
9460,13644,train
9462,12883,train
9463,9884,train
9464,8764,train
9465,19509,train
9466,14663,train
9467,9965,train
9468,19575,train
9469,9575,train
9470,19130,train
9471,19534,train
9472,17432,train
9473,15863,train
9474,15955,train
9476,14105,train
9477,8532,train
9478,11457,train
9481,9062,train
9482,13851,train
9483,13403,train
9484,17480,train
9485,17030,train
9487,19131,train
9488,19602,train
9489,16097,train
9490,12718,train
9491,15364,train
9492,21502,train
9493,15892,train
9494,11155,train
9495,16367,train
9496,18291,train
9497,18945,train
9498,11034,train
9499,16610,train
9500,8955,train
9501,9063,train
9502,18437,train
9503,12325,train
9504,13728,train
9505,12123,train
9506,19149,train
9507,13140,train
9508,14532,train
9509,12562,train
9510,15525,train
9511,13728,train
9512,18128,train
9513,17872,train
9514,9531,train
9515,19700,train
9517,10410,train
9518,18686,train
9519,11457,train
9520,11555,train
9522,20628,train
9523,12817,train
9524,11233,train
9525,8864,train
9527,14642,train
9528,20006,train
9529,20860,train
9530,10255,train
9531,16804,train
9532,13851,train
9533,13545,train
9534,9668,train
9535,17387,train
9536,9586,train
9537,15313,train
9538,13749,train
9539,20800,train
9540,16057,train
9541,20380,train
9542,12326,train
9544,10128,train
9545,15269,train
9546,8744,train
9547,17797,train
9548,12101,train
9549,16186,train
9550,13203,train
9551,11853,train
9552,14853,train
9553,12654,train
9554,16829,train
9556,15835,train
9558,18946,train
9559,20971,train
9560,17776,train
9561,17776,train
9563,15225,train
9564,11372,train
9565,11528,train
9566,12751,train
9567,15803,train
9568,18125,train
9569,21306,train
9571,14860,train
9572,7957,train
9573,13820,train
9574,16131,train
9575,13261,train
9576,8370,train
9577,10126,train
9578,11372,train
9579,8754,train
9580,15022,train
9581,18949,train
9585,14458,train
9586,18158,train
9587,13942,train
9588,19949,train
9590,14423,train
9591,19512,train
9592,11372,train
9593,18661,train
9594,10724,train
9595,17512,train
9596,13191,train
9597,16385,train
9598,11078,train
9599,17023,train
9600,20415,train
9601,20197,train
9602,12697,train
9603,9047,train
9604,14719,train
9605,8622,train
9606,9543,train
9607,14404,train
9608,11791,train
9609,19776,train
9610,9883,train
9611,8640,train
9614,13974,train
9617,21569,train
9618,11746,train
9619,12771,train
9620,15426,train
9621,8451,train
9623,18907,train
9624,21163,train
9625,18700,train
9626,15194,train
9627,7976,train
9628,14983,train
9629,8864,train
9630,14646,train
9631,15683,train
9632,21722,train
9633,11380,train
9634,20971,train
9635,12339,train
9636,8995,train
9637,12841,train
9638,19887,train
9639,17034,train
9640,15937,train
9641,14500,train
9642,11222,train
9643,14404,train
9644,8795,train
9646,14241,train
9647,10546,train
9648,21570,train
9649,16594,train
9650,9883,train
9651,10734,train
9652,11177,train
9653,12602,train
9654,15328,train
9655,16626,train
9656,13974,train
9657,12771,train
9659,9214,train
9660,21310,train
9661,18613,train
9662,14983,train
9663,14996,train
9664,19345,train
9665,12552,train
9668,13384,train
9669,19315,train
9670,17171,train
9672,15137,train
9675,11540,train
9679,14267,train
9680,12932,train
9681,11062,train
9682,17984,train
9683,20928,train
9684,16149,train
9685,20831,train
9686,17398,train
9687,18094,train
9688,4313,train
9690,16075,train
9691,2327,train
9692,19309,train
9693,20929,train
9694,686,train
9695,13496,train
9696,13496,train
9697,13496,train
9698,13496,train
9700,14510,train
9701,18504,train
9703,14179,train
9704,916,train
9705,11418,train
9706,10764,train
9707,18047,train
9708,9926,train
9709,20592,train
9710,10764,train
9711,14099,train
9712,14919,train
9713,17559,train
9714,16951,train
9715,17984,train
9716,1690,train
9717,4725,train
9719,20718,train
9720,5279,train
9721,20758,train
9722,5614,train
9723,1742,train
9724,5129,train
9725,3158,train
9726,5389,train
9727,1891,train
9728,2546,train
9729,5628,train
9731,7471,train
9733,1420,train
9734,4643,train
9735,6265,train
9737,7619,train
9738,6295,train
9739,4378,train
9741,14920,train
9742,17559,train
9743,3475,train
9745,14458,train
9746,18069,train
9747,17209,train
9748,11766,train
9750,21710,train
9751,18736,train
9754,15544,train
9755,6984,train
9757,19869,train
9758,9975,train
9760,8876,train
9761,12409,train
9762,15948,train
9763,19679,train
9764,20197,train
9766,9352,train
9767,18573,train
9768,14731,train
9769,17559,train
9770,3747,train
9772,18788,train
9774,12451,train
9775,18663,train
9776,4222,train
9777,12843,train
9778,19243,train
9779,19630,train
9780,8922,train
9781,18789,train
9782,16971,train
9783,15250,train
9784,21585,train
9785,8526,train
9786,20332,train
9787,9618,train
9788,5918,train
9792,2451,train
9793,919,train
9795,10161,train
9796,13683,train
9797,21050,train
9798,12351,train
9799,1244,train
9800,1727,train
9801,3444,train
9802,6321,train
9804,6313,train
9805,5533,train
9807,19687,train
9809,18061,train
9810,18233,train
9811,13859,train
9812,8118,train
9814,12302,train
9815,14256,train
9817,10600,train
9818,16779,train
9820,14384,train
9822,19448,train
9824,10683,train
9826,19443,train
9827,10356,train
9828,21162,train
9829,2989,train
9830,18272,train
9831,3645,train
9832,1773,train
9834,12951,train
9835,7668,train
9836,6945,train
9837,7281,train
9838,9714,train
9839,6156,train
9840,5036,train
9843,3121,train
9844,7093,train
9846,8015,train
9848,614,train
9849,7518,train
9851,3368,train
9852,2581,train
9853,5264,train
9854,7683,train
9855,6440,train
9856,5152,train
9857,13510,train
9858,15019,train
9859,21619,train
9861,2796,train
9862,6913,train
9866,614,train
9868,20299,train
9870,13468,train
9871,11917,train
9874,18144,train
9877,15746,train
9878,10873,train
9880,21385,train
9881,17582,train
9882,17481,train
9883,11329,train
9884,17789,train
9885,8050,train
9886,13189,train
9887,15503,train
9889,8026,train
9890,9271,train
9893,16779,train
9896,11201,train
9898,15050,train
9901,13438,train
9902,13475,train
9903,20972,train
9904,20853,train
9905,9468,train
9906,13633,train
9907,15424,train
9909,21582,train
9910,19060,train
9911,18193,train
9912,17198,train
9914,15166,train
9917,20522,train
9918,10647,train
9919,11049,train
9920,10626,train
9921,12013,train
9923,12844,train
9924,10626,train
9925,17176,train
9927,8116,train
9928,10626,train
9931,17796,train
9932,8116,train
9933,13361,train
9934,18567,train
9935,8293,train
9936,16681,train
9937,10228,train
9938,6663,train
9939,16162,train
9940,4603,train
9941,13717,train
9944,21188,train
9945,18469,train
9946,618,train
9947,3359,train
9948,11224,train
9949,1255,train
9950,5824,train
9951,5990,train
9954,4704,train
9956,12355,train
9957,15972,train
9958,20383,train
9959,15973,train
9960,21449,train
9961,15375,train
9963,15875,train
9964,8964,train
9966,19779,train
9967,13027,train
9968,12109,train
9969,17284,train
9970,9416,train
9971,19991,train
9972,11638,train
9973,19206,train
9975,10375,train
9976,10821,train
9977,9840,train
9978,6359,train
9980,16972,train
9983,15183,train
9984,15362,train
9985,6877,train
9986,7676,train
9987,588,train
9988,2844,train
9990,438,train
9991,3447,train
9993,10244,train
9996,7586,train
9997,5770,train
9998,5297,train
9999,652,train
10000,6998,train
10001,438,train
10002,2385,train
10004,6310,train
10006,1739,train
10007,5809,train
10008,1863,train
10009,7280,train
10010,3320,train
10011,652,train
10012,6185,train
10014,6157,train
10015,7391,train
10016,4399,train
10017,5771,train
10018,4891,train
10019,6008,train
10020,1713,train
10021,1506,train
10022,652,train
10023,1676,train
10024,2988,train
10026,16646,train
10027,3835,train
10028,15445,train
10030,14003,train
10031,1854,train
10032,1260,train
10033,1939,train
10036,7452,train
10037,3745,train
10038,3109,train
10040,11395,train
10041,17963,train
10042,14459,train
10043,10509,train
10044,18218,train
10046,2812,train
10047,1797,train
10049,6563,train
10050,19252,train
10051,3013,train
10052,4446,train
10053,6082,train
10055,7652,train
10056,5572,train
10059,1314,train
10063,4647,train
10064,4914,train
10065,6165,train
10066,3756,train
10067,6336,train
10068,1932,train
10069,11624,train
10070,5977,train
10071,4423,train
10072,9703,train
10073,7441,train
10074,588,train
10075,2631,train
10077,11113,train
10078,13438,train
10079,12041,train
10080,7392,train
10081,4671,train
10082,3505,train
10083,6126,train
10084,918,train
10085,16524,train
10086,607,train
10087,5234,train
10088,952,train
10089,6285,train
10090,3558,train
10091,1386,train
10092,2057,train
10094,692,train
10095,7133,train
10096,7190,train
10097,3422,train
10098,3956,train
10099,11962,train
10101,769,train
10104,18043,train
10105,20404,train
10106,7376,train
10107,14393,train
10108,656,train
10109,607,train
10110,1408,train
10112,3790,train
10113,6009,train
10114,2487,train
10116,20795,train
10117,2031,train
10118,5326,train
10119,3335,train
10120,4505,train
10121,656,train
10123,2778,train
10124,3557,train
10126,1138,train
10127,9496,train
10128,2570,train
10129,7461,train
10133,3546,train
10134,3941,train
10135,939,train
10136,3832,train
10137,3884,train
10138,4972,train
10139,4837,train
10140,6527,train
10142,5083,train
10144,7529,train
10146,2772,train
10147,7165,train
10148,16668,train
10149,4040,train
10150,4149,train
10153,4929,train
10156,20349,train
10157,1910,train
10158,3279,train
10159,12800,train
10161,6366,train
10162,4204,train
10163,4033,train
10165,6125,train
10166,393,train
10167,4305,train
10168,6630,train
10169,2185,train
10170,5745,train
10171,7830,train
10172,6015,train
10173,7495,train
10174,666,train
10175,6547,train
10178,7924,train
10179,618,train
10182,20918,train
10183,14127,train
10184,17992,train
10185,19613,train
10186,11487,train
10187,19338,train
10188,9452,train
10189,16285,train
10190,9017,train
10192,15830,train
10193,19833,train
10194,15472,train
10195,9013,train
10197,13152,train
10198,11373,train
10199,8535,train
10201,19613,train
10202,19656,train
10204,14752,train
10208,8244,train
10211,17897,train
10213,16817,train
10218,20863,train
10219,17647,train
10220,16034,train
10221,9663,train
10223,17647,train
10224,18321,train
10225,17647,train
10226,17564,train
10227,18936,train
10228,9175,train
10229,21780,train
10230,12411,train
10231,8947,train
10232,19553,train
10233,9427,train
10234,13017,train
10236,9964,train
10237,10692,train
10239,12291,train
10241,15379,train
10242,15736,train
10243,20222,train
10245,13729,train
10246,15737,train
10247,19542,train
10249,9677,train
10251,17341,train
10252,15650,train
10253,13829,train
10254,20222,train
10256,16864,train
10257,18038,train
10258,13880,train
10259,14585,train
10260,11602,train
10264,16793,train
10265,8765,train
10266,15474,train
10267,19413,train
10269,8722,train
10271,20813,train
10275,9779,train
10280,10768,train
10281,20883,train
10285,1004,train
10286,13423,train
10287,3843,train
10288,3094,train
10289,5336,train
10290,20810,train
10291,2211,train
10293,20522,train
10294,9099,train
10295,17425,train
10298,19294,train
10299,14070,train
10300,15474,train
10303,10757,train
10304,10692,train
10307,6039,train
10308,1880,train
10309,809,train
10311,4109,train
10312,10648,train
10314,3755,train
10315,5516,train
10316,5250,train
10317,5493,train
10319,2335,train
10320,6937,train
10321,1610,train
10322,7372,train
10323,16342,train
10325,7216,train
10326,6154,train
10328,1666,train
10329,3351,train
10330,1572,train
10333,7109,train
10334,6489,train
10335,4163,train
10337,2254,train
10338,2594,train
10339,1177,train
10340,483,train
10341,7731,train
10343,14203,train
10345,16636,train
10346,14550,train
10348,1543,train
10351,3910,train
10352,15935,train
10353,3099,train
10354,4694,train
10355,1517,train
10357,2842,train
10362,19833,train
10363,4277,train
10365,7232,train
10366,3608,train
10367,16890,train
10368,19265,train
10369,20586,train
10370,12945,train
10371,12868,train
10373,11244,train
10374,19083,train
10376,1492,train
10377,1120,train
10378,5240,train
10379,1894,train
10381,2223,train
10382,7349,train
10384,8224,train
10385,7246,train
10386,12197,train
10387,1166,train
10389,1547,train
10390,483,train
10391,5898,train
10392,1401,train
10393,3854,train
10396,5368,train
10397,6093,train
10398,393,train
10399,7044,train
10400,2322,train
10402,20713,train
10403,2665,train
10404,14912,train
10405,16760,train
10406,19355,train
10407,4409,train
10408,473,train
10409,20585,train
10410,20585,train
10411,17783,train
10412,7856,train
10414,17492,train
10415,6982,train
10416,15226,train
10417,18583,train
10418,14415,train
10419,13959,train
10420,12785,train
10421,16112,train
10422,8378,train
10423,10732,train
10424,20259,train
10425,20714,train
10427,2344,train
10428,20201,train
10429,18258,train
10432,7331,train
10433,5439,train
10434,6703,train
10435,20998,train
10436,9304,train
10437,8536,train
10438,4110,train
10440,5422,train
10441,837,train
10442,12869,train
10443,888,train
10444,4768,train
10445,4612,train
10446,17492,train
10447,884,train
10448,9372,train
10449,1785,train
10450,13976,train
10451,7271,train
10454,13566,train
10455,11711,train
10456,4564,train
10457,12859,train
10458,1275,train
10459,1116,train
10460,931,train
10461,3785,train
10462,7522,train
10463,9495,train
10464,17492,train
10465,6992,train
10466,19975,train
10467,3410,train
10468,5278,train
10469,15098,train
10470,20498,train
10471,15241,train
10472,12829,train
10473,3162,train
10474,4401,train
10475,12348,train
10476,12063,train
10477,3041,train
10478,17396,train
10479,10288,train
10480,21752,train
10481,12590,train
10482,4343,train
10485,15769,train
10486,11841,train
10487,3409,train
10488,6220,train
10490,14960,train
10492,1626,train
10493,1222,train
10494,1418,train
10495,383,train
10496,574,train
10497,754,train
10499,4404,train
10500,2528,train
10502,20361,train
10503,1650,train
10504,1434,train
10505,16208,train
10506,5829,train
10507,2008,train
10508,3068,train
10510,9436,train
10511,5603,train
10512,21629,train
10513,7158,train
10514,16604,train
10515,18858,train
10516,5822,train
10520,4550,train
10521,6583,train
10523,7266,train
10524,18120,train
10525,9574,train
10526,19894,train
10527,6680,train
10528,3209,train
10531,383,train
10532,14834,train
10533,6272,train
10536,7124,train
10538,669,train
10539,6706,train
10540,4387,train
10541,16748,train
10542,1315,train
10543,1364,train
10544,7312,train
10545,906,train
10546,7825,train
10548,574,train
10550,4440,train
10551,777,train
10552,19550,train
10553,9574,train
10554,17396,train
10555,6353,train
10556,11085,train
10557,17934,train
10558,9453,train
10559,5102,train
10561,1695,train
10564,17505,train
10565,17505,train
10566,17505,train
10567,18253,train
10568,19388,train
10569,21725,train
10570,12411,train
10571,2189,train
10572,2827,train
10573,7382,train
10576,17973,train
10577,15702,train
10578,6943,train
10579,21702,train
10580,2963,train
10581,6552,train
10582,20952,train
10583,19750,train
10584,1765,train
10586,958,train
10587,2659,train
10588,7396,train
10590,5863,train
10591,2155,train
10592,18708,train
10593,551,train
10597,4591,train
10598,3609,train
10599,9036,train
10601,807,train
10602,4967,train
10603,1081,train
10604,4038,train
10606,6795,train
10607,3246,train
10610,7829,train
10611,16519,train
10612,3388,train
10613,5737,train
10616,7179,train
10617,5398,train
10619,2201,train
10620,4767,train
10622,2517,train
10623,3627,train
10625,5570,train
10626,1373,train
10628,10288,train
10629,16294,train
10630,4105,train
10631,1080,train
10632,11745,train
10633,7172,train
10634,2383,train
10635,16577,train
10636,8949,train
10637,16401,train
10638,1456,train
10639,551,train
10642,16400,train
10644,2485,train
10645,8265,train
10646,448,train
10647,3969,train
10648,3775,train
10649,5323,train
10650,13156,train
10651,18594,train
10652,14989,train
10654,15614,train
10655,16296,train
10656,13058,train
10657,9495,train
10659,13058,train
10662,10288,train
10663,12986,train
10665,587,train
10667,7847,train
10668,2690,train
10669,7563,train
10670,587,train
10671,3464,train
10672,8791,train
10673,7279,train
10674,1339,train
10676,5864,train
10677,18617,train
10678,6896,train
10679,5343,train
10680,334,train
10681,14536,train
10682,2105,train
10683,7769,train
10684,1912,train
10685,5764,train
10686,4582,train
10688,7879,train
10689,19812,train
10692,1151,train
10693,339,train
10696,1500,train
10697,2792,train
10698,12322,train
10699,6758,train
10700,4027,train
10701,6607,train
10702,4668,train
10703,4655,train
10704,3604,train
10705,1085,train
10706,2465,train
10707,448,train
10708,878,train
10709,5563,train
10710,3084,train
10712,339,train
10713,2507,train
10715,11684,train
10716,18303,train
10717,5825,train
10718,2505,train
10719,6711,train
10720,1458,train
10721,11745,train
10722,16240,train
10723,10117,train
10724,334,train
10725,10586,train
10726,16478,train
10727,14552,train
10728,11684,train
10729,12624,train
10732,3722,train
10733,21431,train
10734,11684,train
10735,20653,train
10736,4971,train
10737,6030,train
10738,4497,train
10739,17228,train
10740,5985,train
10741,7508,train
10742,20617,train
10745,15078,train
10746,6407,train
10747,560,train
10748,1548,train
10750,2521,train
10751,4732,train
10752,4820,train
10753,684,train
10757,3615,train
10758,1157,train
10759,1060,train
10762,1592,train
10764,5642,train
10765,568,train
10767,5218,train
10768,5044,train
10769,4112,train
10771,6784,train
10772,7042,train
10773,6936,train
10776,4484,train
10777,3803,train
10778,5314,train
10779,15027,train
10780,2049,train
10781,4991,train
10782,7935,train
10784,16825,train
10785,10117,train
10786,5765,train
10787,15849,train
10788,17062,train
10789,6319,train
10790,3127,train
10791,14687,train
10792,2260,train
10793,7470,train
10794,13310,train
10795,11802,train
10796,11580,train
10797,3600,train
10798,19010,train
10799,560,train
10800,6398,train
10801,6242,train
10802,15940,train
10803,1501,train
10805,3927,train
10808,13808,train
10809,18915,train
10810,15300,train
10811,1820,train
10812,3523,train
10813,14245,train
10814,16055,train
10815,2029,train
10816,6817,train
10817,20423,train
10818,4601,train
10819,6158,train
10820,7173,train
10821,5033,train
10823,3347,train
10825,7680,train
10826,4557,train
10827,3480,train
10829,21728,train
10830,15764,train
10831,12278,train
10832,18993,train
10833,10117,train
10834,14378,train
10835,15267,train
10836,15909,train
10838,14446,train
10839,12263,train
10840,10950,train
10841,11246,train
10842,17391,train
10843,20905,train
10844,21322,train
10845,11857,train
10848,18412,train
10849,18478,train
10851,20153,train
10852,14181,train
10853,10003,train
10854,9556,train
10855,9528,train
10856,19764,train
10857,16114,train
10858,14077,train
10859,21091,train
10861,8016,train
10862,17954,train
10863,13583,train
10864,9190,train
10865,9240,train
10866,11403,train
10868,9735,train
10869,11370,train
10870,11616,train
10871,18957,train
10872,10341,train
10874,16456,train
10875,17954,train
10876,14782,train
10877,14711,train
10879,19113,train
10880,10488,train
10882,13809,train
10883,14253,train
10884,9150,train
10885,17845,train
10886,12738,train
10889,13789,train
10890,12852,train
10891,14835,train
10892,13501,train
10893,12738,train
10894,10797,train
10895,10797,train
10896,16769,train
10897,8016,train
10898,17665,train
10899,12924,train
10900,15654,train
10901,18819,train
10903,18684,train
10904,11510,train
10905,9202,train
10906,14854,train
10907,3917,train
10908,5978,train
10909,6572,train
10910,2881,train
10911,482,train
10913,15654,train
10914,10739,train
10915,15122,train
10916,9396,train
10917,8347,train
10918,3215,train
10920,891,train
10921,5577,train
10922,14293,train
10923,5849,train
10924,10080,train
10926,3786,train
10927,11768,train
10928,16551,train
10929,7290,train
10930,10227,train
10931,3607,train
10933,15654,train
10934,1686,train
10935,482,train
10936,1349,train
10937,17259,train
10938,13844,train
10939,2217,train
10940,11680,train
10941,9240,train
10942,9423,train
10943,15654,train
10944,14293,train
10945,12052,train
10946,15514,train
10947,15448,train
10948,12243,train
10949,8089,train
10951,2314,train
10952,3093,train
10953,9161,train
10954,1826,train
10955,2311,train
10956,1294,train
10957,5645,train
10959,7854,train
10960,5984,train
10961,4623,train
10962,20403,train
10963,2463,train
10964,17148,train
10966,7060,train
10967,6138,train
10968,5580,train
10969,18598,train
10971,8438,train
10972,1884,train
10973,3586,train
10974,6720,train
10975,7273,train
10976,7643,train
10977,4217,train
10978,2658,train
10979,15864,train
10980,7409,train
10981,16541,train
10983,4722,train
10985,20235,train
10986,15654,train
10988,6239,train
10989,21634,train
10991,10194,train
10992,14216,train
10993,9511,train
10996,14302,train
10997,5800,train
10998,18476,train
10999,3777,train
11000,17732,train
11001,18476,train
11002,1144,train
11003,15449,train
11005,3067,train
11006,13976,train
11007,10435,train
11008,6341,train
11009,21021,train
11011,9881,train
11012,19452,train
11013,15330,train
11014,6095,train
11015,3976,train
11016,9988,train
11017,5154,train
11018,18878,train
11019,11044,train
11021,6875,train
11022,20013,train
11024,18321,train
11025,14960,train
11026,14420,train
11027,16562,train
11028,2272,train
11029,9529,train
11031,1790,train
11032,11346,train
11033,4693,train
11034,4190,train
11035,13525,train
11036,3529,train
11037,3058,train
11038,7689,train
11039,10554,train
11040,2069,train
11041,8108,train
11043,17348,train
11044,6423,train
11046,14960,train
11047,10133,train
11048,19565,train
11050,9299,train
11051,11989,train
11052,1041,train
11053,19385,train
11054,21434,train
11056,20926,train
11057,5055,train
11058,18051,train
11059,16868,train
11060,18358,train
11062,13426,train
11063,4114,train
11065,16618,train
11066,13390,train
11067,9765,train
11068,11747,train
11070,10951,train
11071,11828,train
11072,18371,train
11073,2993,train
11075,879,train
11076,4644,train
11078,1518,train
11080,4380,train
11081,21292,train
11082,5116,train
11083,20722,train
11084,5663,train
11085,7150,train
11086,5547,train
11087,1141,train
11088,7132,train
11089,8714,train
11090,11430,train
11091,21040,train
11092,14985,train
11093,15952,train
11094,19490,train
11095,11331,train
11096,15912,train
11097,11933,train
11098,15865,train
11099,20200,train
11100,16351,train
11101,14960,train
11104,14181,train
11105,18932,train
11106,16947,train
11107,21410,train
11109,2210,train
11110,5659,train
11111,5161,train
11112,2926,train
11114,16620,train
11115,17232,train
11116,20261,train
11117,5844,train
11118,16965,train
11119,16478,train
11120,5623,train
11121,6155,train
11122,5011,train
11123,5652,train
11127,2010,train
11128,5882,train
11130,3701,train
11131,13103,train
11134,8930,train
11135,2851,train
11136,3334,train
11137,21734,train
11138,1451,train
11140,18062,train
11141,6496,train
11142,5209,train
11143,7013,train
11145,5427,train
11146,15289,train
11147,21084,train
11148,10095,train
11149,17737,train
11150,11747,train
11151,678,train
11153,15833,train
11154,12446,train
11155,3233,train
11156,808,train
11157,6059,train
11158,1340,train
11159,20906,train
11160,568,train
11161,8912,train
11162,12673,train
11163,16583,train
11164,10739,train
11165,17176,train
11166,12380,train
11167,12560,train
11168,12470,train
11169,8405,train
11171,15141,train
11172,8060,train
11173,17233,train
11175,11399,train
11176,18320,train
11177,15008,train
11178,11642,train
11180,8190,train
11181,20730,train
11183,18630,train
11184,17110,train
11185,20498,train
11186,15198,train
11187,21684,train
11188,17245,train
11189,13663,train
11190,13811,train
11191,10010,train
11192,21684,train
11193,11084,train
11194,14390,train
11195,18434,train
11196,18319,train
11197,18881,train
11198,21730,train
11199,11857,train
11202,13132,train
11203,21305,train
11204,8168,train
11205,14790,train
11206,18932,train
11207,14087,train
11208,11203,train
11209,19364,train
11210,18161,train
11211,17400,train
11213,14918,train
11214,9708,train
11215,9454,train
11217,14960,train
11218,11203,train
11219,20593,train
11220,18490,train
11221,15670,train
11222,15630,train
11223,12439,train
11224,12384,train
11227,19386,train
11228,12217,train
11229,10339,train
11231,14189,train
11232,9171,train
11233,18883,train
11234,21319,train
11236,14113,train
11237,15984,train
11239,18321,train
11240,11906,train
11241,13214,train
11242,11442,train
11243,20530,train
11244,13607,train
11246,11229,train
11247,10079,train
11248,14561,train
11249,19826,train
11250,10808,train
11251,18630,train
11252,12924,train
11253,19552,train
11255,9210,train
11256,10704,train
11257,18392,train
11258,9153,train
11259,19459,train
11260,21680,train
11261,14280,train
11262,9317,train
11263,9393,train
11264,11594,train
11265,14027,train
11266,9908,train
11267,20418,train
11268,15939,train
11269,11203,train
11270,21706,train
11271,13169,train
11272,9393,train
11273,8618,train
11274,15710,train
11275,20665,train
11277,9861,train
11278,12434,train
11279,20418,train
11280,13780,train
11281,15240,train
11282,14487,train
11283,15404,train
11284,17161,train
11287,16141,train
11288,11203,train
11289,9666,train
11290,21453,train
11291,12419,train
11292,12246,train
11294,13081,train
11295,12879,train
11296,19863,train
11297,9358,train
11299,20347,train
11301,9661,train
11302,9666,train
11305,12181,train
11307,16313,train
11308,9536,train
11309,13014,train
11310,15326,train
11311,8044,train
11312,9863,train
11313,8194,train
11314,12423,train
11315,20847,train
11316,13202,train
11317,13067,train
11318,13979,train
11320,18053,train
11321,12049,train
11322,17504,train
11323,20514,train
11324,19699,train
11325,17421,train
11326,11250,train
11327,19117,train
11328,11557,train
11329,18357,train
11330,18357,train
11332,11866,train
11334,15108,train
11335,11804,train
11337,13132,train
11338,21596,train
11339,21680,train
11340,12049,train
11341,13858,train
11342,18458,train
11343,10460,train
11344,11747,train
11345,9088,train
11346,9097,train
11347,15372,train
11348,16452,train
11349,17470,train
11350,9550,train
11351,13103,train
11352,12880,train
11353,9470,train
11354,14788,train
11355,14788,train
11356,9174,train
11357,21043,train
11358,10610,train
11360,9041,train
11361,8743,train
11363,17019,train
11365,9015,train
11366,18122,train
11367,11295,train
11368,11950,train
11370,11404,train
11373,12284,train
11374,20740,train
11375,13858,train
11376,11553,train
11377,17403,train
11378,13656,train
11379,19525,train
11380,16636,train
11381,17932,train
11382,10357,train
11383,13577,train
11384,8525,train
11385,20303,train
11386,21629,train
11387,8988,train
11388,20418,train
11389,17470,train
11390,15822,train
11391,11525,train
11392,21573,train
11393,20514,train
11394,16297,train
11395,18711,train
11396,11404,train
11398,11745,train
11399,13943,train
11400,10268,train
11401,9583,train
11402,17994,train
11403,11089,train
11404,15889,train
11407,11182,train
11408,19201,train
11409,11404,train
11410,21462,train
11413,17470,train
11414,17839,train
11415,21142,train
11416,14142,train
11417,20626,train
11419,11609,train
11421,21240,train
11422,16252,train
11423,9404,train
11424,14912,train
11425,15985,train
11426,16430,train
11427,14790,train
11428,15536,train
11429,11182,train
11430,9583,train
11431,11208,train
11432,19858,train
11434,16790,train
11435,11182,train
11436,9327,train
11437,20682,train
11438,18403,train
11439,12234,train
11442,11404,train
11443,12263,train
11444,18095,train
11445,13284,train
11446,14837,train
11447,17470,train
11448,18776,train
11449,11801,train
11450,13067,train
11451,13067,train
11452,8698,train
11454,20226,train
11455,17758,train
11456,16501,train
11457,19313,train
11458,11430,train
11459,20099,train
11460,11172,train
11461,12924,train
11462,9041,train
11463,8396,train
11464,14036,train
11465,21210,train
11466,19459,train
11467,21587,train
11469,15560,train
11470,9711,train
11471,10196,train
11472,15268,train
11475,9583,train
11476,12915,train
11478,12457,train
11479,15008,train
11480,17800,train
11481,17470,train
11482,21797,train
11483,10210,train
11484,14172,train
11485,10429,train
11486,21372,train
11491,16033,train
11492,18602,train
11493,19784,train
11494,19129,train
11495,11752,train
11496,16033,train
11497,9171,train
11498,11260,train
11499,9107,train
11501,14452,train
11502,8411,train
11503,12806,train
11504,13943,train
11506,17413,train
11507,10141,train
11508,16033,train
11509,13716,train
11510,16331,train
11511,18416,train
11512,8089,train
11513,19809,train
11514,12106,train
11515,8205,train
11516,18827,train
11517,13691,train
11518,16832,train
11521,21177,train
11522,20926,train
11523,14264,train
11524,21053,train
11525,19379,train
11526,16290,train
11528,16638,train
11531,16286,train
11534,13406,train
11535,14028,train
11536,9863,train
11537,9004,train
11538,13737,train
11539,21462,train
11540,13247,train
11542,10101,train
11543,8589,train
11544,20473,train
11545,15748,train
11546,19809,train
11547,21382,train
11548,19256,train
11549,9093,train
11551,9538,train
11552,20250,train
11553,10198,train
11554,15580,train
11555,18829,train
11556,10616,train
11557,14749,train
11559,10198,train
11560,13828,train
11561,10902,train
11562,15896,train
11563,15312,train
11565,10138,train
11566,20655,train
11567,15699,train
11568,19809,train
11569,18258,train
11570,16331,train
11571,15580,train
11572,9657,train
11573,20250,train
11574,14597,train
11576,19708,train
11577,13508,train
11578,11967,train
11579,8372,train
11580,15476,train
11581,9949,train
11582,20716,train
11583,21772,train
11584,8604,train
11585,20940,train
11586,20791,train
11587,10774,train
11589,9657,train
11590,9693,train
11591,19809,train
11592,14036,train
11593,19836,train
11594,18016,train
11595,19609,train
11596,19156,train
11597,15215,train
11598,17553,train
11599,18292,train
11602,21684,train
11603,21737,train
11604,17601,train
11606,19156,train
11607,8604,train
11608,10166,train
11609,17546,train
11610,14664,train
11611,14618,train
11612,11933,train
11613,18295,train
11615,9952,train
11617,14186,train
11618,13918,train
11619,11857,train
11620,15215,train
11621,19151,train
11622,14645,train
11623,9176,train
11624,16548,train
11625,19046,train
11626,19211,train
11627,18731,train
11628,18731,train
11629,8284,train
11630,17484,train
11631,18011,train
11632,18011,train
11633,18011,train
11634,18011,train
11635,12915,train
11636,15632,train
11637,9213,train
11638,8494,train
11639,19809,train
11640,15195,train
11641,20940,train
11642,21718,train
11643,21343,train
11646,11069,train
11647,7964,train
11648,10105,train
11649,19211,train
11650,15027,train
11651,8923,train
11652,21772,train
11653,8604,train
11654,13297,train
11655,10166,train
11656,14028,train
11657,18888,train
11659,20940,train
11660,12072,train
11661,20435,train
11662,9800,train
11663,11948,train
11665,20162,train
11667,12489,train
11668,17259,train
11669,21250,train
11670,8604,train
11672,13109,train
11673,14571,train
11674,8818,train
11675,9588,train
11676,18583,train
11677,11684,train
11680,10166,train
11682,17827,train
11683,8604,train
11684,19073,train
11687,16486,train
11688,9347,train
11689,21101,train
11690,19211,train
11691,18130,train
11692,9072,train
11695,11398,train
11697,18237,train
11698,15506,train
11699,21772,train
11700,13924,train
11701,8164,train
11702,20613,train
11703,12727,train
11706,15240,train
11707,21660,train
11708,14126,train
11709,21203,train
11710,11515,train
11712,13307,train
11713,14551,train
11714,8525,train
11715,15514,train
11717,19863,train
11719,9171,train
11720,21587,train
11721,18784,train
11722,12867,train
11724,398,train
11725,15092,train
11726,2489,train
11728,398,train
11729,11432,train
11730,20514,train
11731,14098,train
11733,4029,train
11734,7167,train
11735,998,train
11737,374,train
11740,374,train
11741,756,train
11743,5538,train
11744,6598,train
11745,713,train
11746,3346,train
11747,1600,train
11748,3184,train
11749,5866,train
11750,11059,train
11751,15092,train
11752,14344,train
11753,4494,train
11754,1526,train
11756,4091,train
11757,13814,train
11759,3845,train
11760,11817,train
11761,13943,train
11762,1012,train
11763,9523,train
11764,3071,train
11765,16129,train
11766,21383,train
11767,13139,train
11768,14922,train
11769,10974,train
11770,18486,train
11771,15761,train
11772,9645,train
11774,13507,train
11775,19562,train
11776,8846,train
11777,9302,train
11778,17588,train
11779,18068,train
11780,21196,train
11781,9647,train
11782,20613,train
11784,12642,train
11785,9645,train
11786,13337,train
11787,13139,train
11790,13585,train
11793,4886,train
11794,3909,train
11795,18430,train
11796,3234,train
11798,4152,train
11800,20466,train
11801,9526,train
11806,10232,train
11807,15824,train
11808,13758,train
11809,10664,train
11811,16879,train
11812,3339,train
11813,20071,train
11816,11118,train
11818,14131,train
11819,21156,train
11820,12296,train
11821,12651,train
11822,6586,train
11824,1256,train
11827,16744,train
11828,4412,train
11829,4131,train
11830,5290,train
11831,20346,train
11833,16923,train
11835,14031,train
11836,3038,train
11837,2183,train
11840,350,train
11841,9654,train
11844,3010,train
11845,4286,train
11846,6781,train
11847,2537,train
11848,5748,train
11849,1212,train
11850,20062,train
11851,2888,train
11852,21234,train
11854,10051,train
11856,3666,train
11857,12066,train
11858,8238,train
11859,15733,train
11861,4134,train
11863,19003,train
11866,17193,train
11867,16225,train
11869,10232,train
11870,16664,train
11874,14705,train
11875,10232,train
11876,10413,train
11877,19557,train
11878,14427,train
11881,11787,train
11882,15588,train
11886,8855,train
11887,21372,train
11888,18953,train
11893,10066,train
11895,21229,train
11897,20769,train
11898,21229,train
11902,15053,train
11903,13353,train
11904,12010,train
11905,11184,train
11906,15950,train
11907,19696,train
11908,10786,train
11909,11134,train
11910,13548,train
11912,15395,train
11913,12249,train
11917,11912,train
11918,12520,train
11919,16998,train
11920,13371,train
11922,11917,train
11923,8155,train
11924,10793,train
11925,13480,train
11927,16220,train
11928,21224,train
11929,10679,train
11930,10681,train
11931,15174,train
11935,17821,train
11936,12223,train
11938,6100,train
11939,6840,train
11940,16217,train
11942,20202,train
11943,1115,train
11944,16217,train
11945,14456,train
11946,17818,train
11948,16217,train
11950,21785,train
11952,11185,train
11953,10276,train
11954,9776,train
11955,10068,train
11957,9610,train
11958,783,train
11960,5412,train
11961,19876,train
11962,4111,train
11964,3363,train
11965,5210,train
11966,5731,train
11967,13805,train
11968,11377,train
11970,2296,train
11971,7837,train
11972,7473,train
11973,1980,train
11975,2732,train
11976,13166,train
11977,7462,train
11978,3248,train
11979,778,train
11980,2308,train
11981,2815,train
11983,750,train
11984,7674,train
11985,481,train
11986,2788,train
11987,6189,train
11988,17782,train
11990,16311,train
11991,6269,train
11992,6019,train
11993,5166,train
11994,6880,train
11995,3133,train
11996,1968,train
11998,3394,train
11999,399,train
12001,15018,train
12002,7902,train
12003,505,train
12004,8360,train
12005,19341,train
12006,6237,train
12007,3508,train
12008,4987,train
12009,6836,train
12010,5699,train
12012,6086,train
12013,505,train
12014,6793,train
12015,5377,train
12017,3952,train
12019,5965,train
12020,19859,train
12021,5512,train
12022,7457,train
12023,978,train
12024,8534,train
12025,2787,train
12029,10710,train
12030,5267,train
12032,481,train
12036,1545,train
12037,20685,train
12038,5526,train
12039,5947,train
12040,1074,train
12041,436,train
12042,2617,train
12043,4358,train
12044,7553,train
12045,5119,train
12046,4006,train
12047,4906,train
12048,3842,train
12049,6010,train
12050,21403,train
12051,3893,train
12052,1637,train
12053,3650,train
12054,4371,train
12055,15599,train
12056,1303,train
12057,5311,train
12058,2873,train
12059,17957,train
12060,379,train
12061,3291,train
12063,2585,train
12064,3295,train
12065,10050,train
12066,865,train
12067,15809,train
12068,20885,train
12069,1598,train
12070,5125,train
12071,4754,train
12072,1736,train
12075,6357,train
12076,5391,train
12077,7610,train
12078,3625,train
12079,3991,train
12080,19650,train
12081,350,train
12083,6766,train
12084,16466,train
12086,2124,train
12087,1341,train
12088,3169,train
12089,18732,train
12090,4165,train
12091,4324,train
12092,7560,train
12093,2921,train
12095,3186,train
12096,6424,train
12097,5810,train
12098,4048,train
12099,4675,train
12100,1798,train
12101,6525,train
12102,1636,train
12103,6246,train
12104,4268,train
12105,9035,train
12106,16231,train
12107,1123,train
12108,436,train
12109,7208,train
12110,797,train
12111,6999,train
12113,2054,train
12114,7549,train
12117,10948,train
12118,21169,train
12119,5690,train
12120,6956,train
12121,6705,train
12125,1529,train
12127,3901,train
12129,1239,train
12130,2270,train
12132,3967,train
12133,2426,train
12134,3077,train
12135,14678,train
12136,1662,train
12139,7298,train
12140,7253,train
12141,7577,train
12142,12525,train
12148,1663,train
12149,6450,train
12150,7257,train
12152,7749,train
12153,19246,train
12154,15438,train
12155,6529,train
12157,2315,train
12158,4633,train
12159,1097,train
12160,3679,train
12161,5697,train
12162,8929,train
12163,315,train
12164,838,train
12165,8374,train
12166,4620,train
12175,15481,train
12177,10877,train
12180,12048,train
12182,21316,train
12183,17980,train
12184,12920,train
12185,9419,train
12186,16629,train
12187,16833,train
12188,8057,train
12193,15857,train
12194,11511,train
12196,20818,train
12198,12164,train
12200,11386,train
12203,11184,train
12204,18214,train
12205,13538,train
12206,17567,train
12207,13879,train
12208,18214,train
12210,13051,train
12211,8540,train
12212,18145,train
12213,10461,train
12214,20818,train
12215,10109,train
12217,9167,train
12218,10103,train
12219,18846,train
12222,11213,train
12225,18392,train
12226,13493,train
12227,18177,train
12229,11114,train
12231,13918,train
12232,18404,train
12233,12769,train
12234,12148,train
12236,9007,train
12237,21711,train
12238,16809,train
12239,21609,train
12240,21106,train
12242,10460,train
12243,17116,train
12244,12769,train
12245,15968,train
12246,13864,train
12247,13954,train
12249,9607,train
12250,19998,train
12251,12051,train
12255,19671,train
12256,5022,train
12257,10777,train
12258,10462,train
12259,13864,train
12260,19969,train
12264,14894,train
12265,13864,train
12266,13210,train
12267,15718,train
12272,9689,train
12273,4026,train
12274,18439,train
12275,5041,train
12278,4744,train
12279,6258,train
12280,5319,train
12282,6164,train
12283,7317,train
12284,7691,train
12287,2676,train
12288,631,train
12289,6499,train
12290,611,train
12291,1560,train
12292,2671,train
12293,6331,train
12294,3153,train
12295,2996,train
12297,3365,train
12298,6617,train
12299,3712,train
12300,611,train
12302,4661,train
12303,7377,train
12306,7193,train
12307,20489,train
12308,20489,train
12309,12303,train
12312,3902,train
12313,7082,train
12314,3519,train
12315,6883,train
12316,7406,train
12317,19280,train
12319,1648,train
12320,1639,train
12322,3453,train
12323,19724,train
12324,6520,train
12325,7709,train
12326,6329,train
12327,4001,train
12329,8112,train
12330,1561,train
12331,577,train
12333,6332,train
12334,2856,train
12335,9607,train
12337,9420,train
12339,5962,train
12341,7517,train
12342,4656,train
12343,1091,train
12344,7386,train
12346,21604,train
12347,17729,train
12349,314,train
12350,7330,train
12351,6636,train
12352,3734,train
12354,1227,train
12356,315,train
12358,7403,train
12359,4975,train
12360,6868,train
12362,9539,train
12364,19035,train
12365,4781,train
12366,10855,train
12367,17953,train
12368,19941,train
12369,19302,train
12370,14048,train
12371,13386,train
12372,10485,train
12373,5379,train
12375,11571,train
12377,16446,train
12378,4471,train
12379,11253,train
12380,1019,train
12381,16602,train
12382,547,train
12383,6732,train
12384,14365,train
12385,10207,train
12386,13538,train
12387,8735,train
12388,17843,train
12389,7715,train
12390,5878,train
12391,577,train
12392,5269,train
12393,11384,train
12394,472,train
12395,13808,train
12396,5537,train
12397,4476,train
12398,3968,train
12399,367,train
12401,6751,train
12402,18096,train
12403,6790,train
12404,3313,train
12405,8491,train
12406,17953,train
12408,17134,train
12410,5340,train
12411,6317,train
12412,17243,train
12413,7325,train
12414,18307,train
12415,6280,train
12416,14894,train
12417,472,train
12418,10442,train
12419,4126,train
12420,5904,train
12421,10442,train
12422,11499,train
12423,11992,train
12424,13192,train
12425,18918,train
12427,16603,train
12428,20785,train
12429,10306,train
12430,20270,train
12431,19142,train
12432,9136,train
12433,12982,train
12434,3425,train
12435,20478,train
12436,3404,train
12437,2770,train
12438,3738,train
12439,7780,train
12440,335,train
12442,367,train
12443,7069,train
12444,11636,train
12445,915,train
12446,13755,train
12447,10442,train
12448,7442,train
12449,11366,train
12450,1286,train
12452,20556,train
12454,399,train
12456,3302,train
12457,2687,train
12458,13113,train
12460,19539,train
12461,6886,train
12462,5637,train
12463,4573,train
12464,4945,train
12466,21672,train
12467,2117,train
12470,11604,train
12471,3951,train
12472,3383,train
12473,1467,train
12474,20110,train
12477,1936,train
12479,15541,train
12481,17926,train
12482,4734,train
12483,1230,train
12484,10442,train
12485,7036,train
12487,19402,train
12488,7603,train
12489,544,train
12491,15486,train
12494,11499,train
12495,19978,train
12496,8771,train
12497,9342,train
12498,20524,train
12500,8860,train
12501,16586,train
12503,12155,train
12504,9342,train
12505,15831,train
12506,10442,train
12507,17843,train
12508,1490,train
12509,17953,train
12510,6051,train
12511,8970,train
12512,6694,train
12513,2131,train
12514,1464,train
12515,6333,train
12517,7627,train
12518,7874,train
12522,5805,train
12523,11499,train
12524,17099,train
12526,5986,train
12527,6885,train
12530,20938,train
12531,547,train
12534,2188,train
12535,3633,train
12536,6595,train
12537,7030,train
12538,7368,train
12539,1488,train
12540,19880,train
12541,3166,train
12542,20143,train
12543,2979,train
12544,7299,train
12546,6334,train
12547,2203,train
12549,3096,train
12550,19414,train
12551,1882,train
12553,7572,train
12554,827,train
12555,11499,train
12556,15011,train
12557,14222,train
12558,7647,train
12559,5952,train
12560,633,train
12561,17843,train
12562,4922,train
12563,13871,train
12564,20144,train
12565,6350,train
12566,18873,train
12567,17487,train
12569,2735,train
12570,20209,train
12571,20619,train
12572,11499,train
12573,9520,train
12574,21094,train
12575,2469,train
12578,21141,train
12580,20745,train
12581,11659,train
12582,11872,train
12584,2392,train
12586,1590,train
12587,7880,train
12588,8365,train
12589,9479,train
12590,5587,train
12591,18874,train
12592,5615,train
12593,7357,train
12594,7425,train
12595,7607,train
12597,1337,train
12598,6776,train
12599,3739,train
12600,16330,train
12601,13639,train
12602,14292,train
12603,3496,train
12604,10276,train
12605,3859,train
12606,2113,train
12608,1395,train
12611,1821,train
12612,5531,train
12613,3277,train
12614,6356,train
12617,5932,train
12621,4402,train
12622,7899,train
12623,4761,train
12624,4700,train
12625,1106,train
12626,2696,train
12627,16889,train
12628,18989,train
12629,3213,train
12630,2470,train
12633,9898,train
12634,4653,train
12635,20996,train
12636,12447,train
12637,8448,train
12638,970,train
12639,16330,train
12642,2333,train
12643,631,train
12644,1481,train
12647,11927,train
12648,7658,train
12650,5979,train
12651,6991,train
12652,4548,train
12653,13333,train
12654,8615,train
12655,443,train
12656,10846,train
12657,17095,train
12658,9924,train
12659,6804,train
12660,10448,train
12661,21265,train
12662,14015,train
12663,14797,train
12664,7054,train
12665,6905,train
12666,14796,train
12667,1429,train
12668,10711,train
12669,14599,train
12670,1411,train
12671,4762,train
12672,2680,train
12673,14797,train
12674,9521,train
12675,4453,train
12676,443,train
12678,4876,train
12680,730,train
12681,4477,train
12682,11981,train
12683,7757,train
12684,17880,train
12685,11713,train
12686,18754,train
12687,16605,train
12688,14667,train
12689,6996,train
12690,11981,train
12691,1073,train
12694,7895,train
12695,8246,train
12696,2766,train
12697,715,train
12698,3807,train
12701,3815,train
12704,7763,train
12705,703,train
12706,4718,train
12707,4894,train
12712,5694,train
12713,3340,train
12714,4654,train
12717,2428,train
12718,6930,train
12721,4095,train
12722,2818,train
12723,11524,train
12724,13174,train
12725,11478,train
12726,3503,train
12727,3052,train
12728,961,train
12729,6932,train
12730,14292,train
12731,7776,train
12732,10656,train
12733,13412,train
12734,12480,train
12735,3740,train
12736,10846,train
12737,9898,train
12738,11476,train
12739,16579,train
12740,21432,train
12743,21727,train
12744,5015,train
12745,3408,train
12746,19965,train
12747,5435,train
12748,4322,train
12749,4839,train
12750,350,train
12751,8998,train
12752,14049,train
12754,4042,train
12755,8987,train
12756,1422,train
12757,5929,train
12759,2771,train
12760,7016,train
12761,4774,train
12762,19678,train
12763,19825,train
12764,932,train
12765,11648,train
12766,16682,train
12767,19939,train
12768,20042,train
12769,9737,train
12771,20195,train
12772,9428,train
12773,5128,train
12774,633,train
12775,6087,train
12777,3515,train
12778,3154,train
12779,16670,train
12780,7090,train
12781,6427,train
12782,3623,train
12783,7058,train
12786,6062,train
12787,11786,train
12788,4600,train
12790,14626,train
12791,15750,train
12792,13421,train
12793,9898,train
12794,17384,train
12795,9656,train
12796,12371,train
12797,9898,train
12798,10347,train
12799,19961,train
12800,9898,train
12802,13363,train
12803,8648,train
12804,20680,train
12806,15218,train
12807,9173,train
12808,9898,train
12809,13500,train
12810,21369,train
12811,16634,train
12812,19470,train
12813,19961,train
12814,9144,train
12815,19952,train
12817,21787,train
12818,18160,train
12819,13593,train
12820,18121,train
12821,9898,train
12822,11872,train
12823,18757,train
12824,13842,train
12825,11722,train
12826,14685,train
12827,9898,train
12829,19403,train
12830,13656,train
12831,9898,train
12832,14945,train
12833,19111,train
12834,9832,train
12836,10285,train
12837,18248,train
12838,17346,train
12839,9866,train
12840,3015,train
12842,13543,train
12843,6458,train
12844,20043,train
12845,11106,train
12846,18162,train
12847,17944,train
12848,20856,train
12849,20155,train
12850,9463,train
12851,15441,train
12852,10293,train
12853,8847,train
12854,17385,train
12855,10020,train
12856,14797,train
12857,14738,train
12858,21712,train
12859,20492,train
12860,18898,train
12861,8802,train
12862,9562,train
12864,18302,train
12865,9898,train
12866,11106,train
12867,15239,train
12868,8419,train
12872,3619,train
12874,657,train
12875,3962,train
12877,2491,train
12878,11893,train
12879,14233,train
12880,2902,train
12881,3912,train
12882,2741,train
12883,6406,train
12884,2543,train
12885,2240,train
12887,6432,train
12888,4406,train
12889,11676,train
12890,13680,train
12891,20980,train
12892,4281,train
12893,7512,train
12894,1301,train
12895,5778,train
12897,10201,train
12898,13502,train
12899,492,train
12900,6223,train
12901,1653,train
12902,10697,train
12904,1369,train
12905,405,train
12906,16852,train
12907,16408,train
12908,12065,train
12909,405,train
12910,21666,train
12911,8010,train
12912,19765,train
12914,14630,train
12915,21058,train
12916,13581,train
12917,5517,train
12918,9907,train
12920,21421,train
12921,12693,train
12922,6814,train
12923,405,train
12924,5906,train
12927,11077,train
12928,1616,train
12929,14887,train
12930,7695,train
12931,657,train
12932,18013,train
12933,995,train
12934,9603,train
12935,20722,train
12938,9231,train
12939,4416,train
12940,405,train
12942,12591,train
12943,2214,train
12944,14880,train
12945,5584,train
12948,13538,train
12949,16616,train
12950,6642,train
12951,20246,train
12952,19187,train
12953,19145,train
12954,7612,train
12955,6303,train
12956,7423,train
12957,20526,train
12958,950,train
12959,11347,train
12960,19541,train
12961,14422,train
12962,13232,train
12963,387,train
12964,1150,train
12967,8685,train
12968,20869,train
12969,8790,train
12970,14779,train
12971,10697,train
12972,16854,train
12974,8790,train
12975,9398,train
12976,9947,train
12977,12122,train
12978,15239,train
12979,14286,train
12980,19585,train
12981,12652,train
12982,10112,train
12983,3897,train
12984,2725,train
12985,7085,train
12986,1711,train
12987,21421,train
12988,743,train
12989,11774,train
12990,13075,train
12992,13589,train
12993,387,train
12995,4046,train
12996,3414,train
12997,3858,train
13000,20393,train
13001,11927,train
13002,7747,train
13003,9037,train
13004,19324,train
13005,17594,train
13008,21555,train
13009,17433,train
13010,13555,train
13011,20258,train
13015,787,train
13016,20992,train
13017,12211,train
13018,9961,train
13019,14845,train
13020,21125,train
13021,544,train
13022,8300,train
13023,19926,train
13024,10005,train
13026,19032,train
13027,18372,train
13030,7221,train
13031,6849,train
13032,6854,train
13033,9231,train
13034,1967,train
13036,18696,train
13037,17433,train
13038,18157,train
13039,11930,train
13040,10155,train
13042,18977,train
13043,10254,train
13044,11411,train
13045,3667,train
13047,9370,train
13048,8723,train
13049,19165,train
13050,17439,train
13053,15340,train
13054,12352,train
13055,8471,train
13056,13725,train
13057,16591,train
13059,14594,train
13060,9737,train
13061,21126,train
13062,13053,train
13063,5826,train
13064,9969,train
13065,21583,train
13067,4147,train
13068,9282,train
13070,9315,train
13071,5610,train
13072,7500,train
13074,6667,train
13075,5179,train
13076,15541,train
13077,3559,train
13079,5103,train
13080,1602,train
13081,3240,train
13082,19820,train
13083,15231,train
13084,7608,train
13085,5444,train
13086,20102,train
13087,335,train
13088,4287,train
13089,19025,train
13090,1632,train
13091,4816,train
13093,17464,train
13094,5763,train
13095,2914,train
13096,5654,train
13097,6558,train
13098,6964,train
13101,3591,train
13102,5717,train
13103,1297,train
13104,379,train
13105,9914,train
13106,19114,train
13107,18157,train
13108,5616,train
13109,5387,train
13110,7250,train
13111,17439,train
13113,9916,train
13114,14799,train
13115,5677,train
13116,10005,train
13117,5089,train
13118,20311,train
13121,9833,train
13123,5722,train
13124,12341,train
13125,15662,train
13126,8639,train
13127,20104,train
13128,17401,train
13129,17309,train
13132,14967,train
13133,20373,train
13134,10254,train
13135,11503,train
13136,10039,train
13138,13197,train
13140,10220,train
13141,14537,train
13142,14544,train
13144,13810,train
13146,9431,train
13147,20548,train
13148,19494,train
13149,15001,train
13150,21435,train
13151,17886,train
13152,19161,train
13153,14246,train
13154,16128,train
13155,9665,train
13156,13990,train
13157,9329,train
13160,8240,train
13161,13380,train
13162,16323,train
13163,16621,train
13164,14258,train
13165,17524,train
13168,9632,train
13169,11467,train
13170,9329,train
13171,19657,train
13172,17600,train
13173,9176,train
13174,13990,train
13175,10778,train
13177,9665,train
13178,13168,train
13179,15266,train
13180,7993,train
13181,19376,train
13182,8061,train
13183,16056,train
13184,9665,train
13185,14537,train
13186,18592,train
13187,13589,train
13188,13825,train
13189,10697,train
13190,11285,train
13191,15783,train
13192,20511,train
13193,19520,train
13194,9864,train
13195,16576,train
13196,9665,train
13197,12717,train
13198,12377,train
13199,21662,train
13200,16591,train
13202,17475,train
13203,19375,train
13204,8756,train
13205,20007,train
13206,9064,train
13207,16632,train
13208,10490,train
13209,10603,train
13210,11821,train
13211,13612,train
13213,11956,train
13215,13036,train
13216,8763,train
13217,11649,train
13218,13228,train
13219,8648,train
13220,20023,train
13221,12821,train
13222,15231,train
13223,13684,train
13224,16449,train
13225,13797,train
13226,9563,train
13228,15208,train
13230,18824,train
13231,15941,train
13232,21674,train
13234,11351,train
13235,13684,train
13236,13718,train
13237,9860,train
13239,13504,train
13240,17321,train
13241,16046,train
13242,18625,train
13243,12938,train
13244,16262,train
13245,20467,train
13247,10420,train
13249,17584,train
13250,9485,train
13251,11935,train
13252,8240,train
13253,12090,train
13254,20279,train
13255,17358,train
13256,12707,train
13257,9417,train
13258,17554,train
13259,9860,train
13260,15848,train
13261,11676,train
13262,18007,train
13263,8723,train
13264,16361,train
13265,11775,train
13266,20655,train
13269,17669,train
13270,14526,train
13271,13106,train
13272,17967,train
13273,15517,train
13274,12766,train
13275,15266,train
13276,13961,train
13277,16422,train
13278,10912,train
13279,11478,train
13280,16591,train
13283,14143,train
13284,10735,train
13285,16628,train
13286,18435,train
13287,16425,train
13288,14222,train
13289,20327,train
13290,20655,train
13291,21534,train
13293,10160,train
13294,17049,train
13295,14962,train
13296,9582,train
13297,17658,train
13298,17229,train
13299,17707,train
13302,14789,train
13303,14783,train
13304,14564,train
13305,14720,train
13306,17101,train
13307,14789,train
13309,19613,train
13310,10275,train
13311,11751,train
13313,14830,train
13315,21732,train
13316,20725,train
13317,18315,train
13318,20026,train
13319,19235,train
13320,12393,train
13323,13223,train
13324,9398,train
13325,10127,train
13326,20688,train
13327,11927,train
13328,19965,train
13330,9582,train
13331,19120,train
13332,9880,train
13334,18592,train
13336,8757,train
13339,17658,train
13340,20026,train
13341,13048,train
13342,9159,train
13343,10889,train
13344,18334,train
13346,12557,train
13347,21638,train
13348,11699,train
13350,20725,train
13351,18123,train
13352,14786,train
13353,15414,train
13354,10573,train
13355,21498,train
13356,16008,train
13357,8849,train
13358,19861,train
13359,9159,train
13360,14564,train
13362,11280,train
13363,9478,train
13364,9478,train
13365,9564,train
13366,20041,train
13367,17658,train
13368,11994,train
13369,17539,train
13371,15005,train
13373,9950,train
13374,12629,train
13375,19965,train
13376,9364,train
13377,9343,train
13378,8747,train
13379,9940,train
13381,19494,train
13382,17658,train
13383,14821,train
13384,14413,train
13385,15455,train
13386,16454,train
13387,20945,train
13388,9487,train
13389,15461,train
13390,10452,train
13391,11994,train
13392,19867,train
13393,8691,train
13394,13067,train
13395,21737,train
13396,21737,train
13399,10771,train
13401,12458,train
13402,16520,train
13403,11284,train
13406,12444,train
13407,19821,train
13408,10389,train
13409,11504,train
13410,9016,train
13411,19674,train
13412,9639,train
13413,11009,train
13414,19099,train
13415,15159,train
13416,12790,train
13418,17658,train
13419,20937,train
13420,21673,train
13421,21568,train
13422,11232,train
13423,17987,train
13424,8779,train
13425,17889,train
13426,14944,train
13429,11239,train
13430,16249,train
13431,9801,train
13432,16448,train
13433,20098,train
13434,10952,train
13435,17936,train
13436,20551,train
13437,21568,train
13438,13102,train
13439,16843,train
13441,13564,train
13442,15333,train
13443,12882,train
13444,14994,train
13447,11451,train
13448,16739,train
13449,11194,train
13450,19796,train
13451,11682,train
13452,8994,train
13453,14738,train
13454,13512,train
13455,15333,train
13456,19128,train
13457,9841,train
13458,15461,train
13459,13992,train
13460,8779,train
13461,18665,train
13462,15187,train
13463,11153,train
13464,10690,train
13465,13643,train
13466,11169,train
13467,14909,train
13468,13992,train
13469,14307,train
13471,10074,train
13473,18067,train
13474,14641,train
13475,16467,train
13476,17306,train
13477,16852,train
13478,12784,train
13480,19296,train
13481,21376,train
13482,17390,train
13483,13431,train
13484,8431,train
13485,12218,train
13486,14207,train
13489,14682,train
13491,9046,train
13492,13842,train
13493,18516,train
13495,14682,train
13496,12412,train
13497,16168,train
13498,10695,train
13500,9801,train
13501,19921,train
13502,18688,train
13504,13543,train
13506,14944,train
13507,20123,train
13508,13155,train
13509,11935,train
13510,19731,train
13511,21075,train
13512,16788,train
13513,20721,train
13517,9865,train
13519,14744,train
13520,12788,train
13521,20842,train
13522,10402,train
13523,13213,train
13524,12024,train
13525,16324,train
13526,10402,train
13527,13871,train
13528,18779,train
13529,18640,train
13530,20679,train
13531,20679,train
13532,19605,train
13533,9488,train
13534,12849,train
13535,17229,train
13536,8945,train
13537,17857,train
13538,13378,train
13539,12787,train
13540,8298,train
13541,12301,train
13542,20181,train
13543,13647,train
13545,16580,train
13546,10082,train
13547,20836,train
13548,11979,train
13549,15575,train
13550,12828,train
13551,21307,train
13552,8699,train
13553,16128,train
13554,14847,train
13555,11724,train
13557,20454,train
13558,20679,train
13559,16854,train
13560,11789,train
13561,19605,train
13562,19605,train
13564,21121,train
13565,19605,train
13566,8173,train
13567,13871,train
13568,12301,train
13569,14945,train
13570,12523,train
13571,13154,train
13572,20344,train
13573,12523,train
13574,15686,train
13575,14739,train
13576,10389,train
13578,10536,train
13579,10347,train
13582,8875,train
13583,14765,train
13584,14422,train
13586,17857,train
13587,16598,train
13588,15333,train
13589,20231,train
13590,19840,train
13591,12191,train
13592,10964,train
13593,18810,train
13594,14350,train
13596,10322,train
13597,13949,train
13598,13684,train
13599,20679,train
13600,15772,train
13601,12162,train
13602,17511,train
13603,10592,train
13604,13253,train
13606,18380,train
13607,17311,train
13609,10389,train
13610,19375,train
13611,8900,train
13613,13951,train
13614,21309,train
13615,11990,train
13617,20007,train
13618,21470,train
13619,8863,train
13620,19407,train
13622,12686,train
13623,18093,train
13624,15149,train
13625,10447,train
13626,13591,train
13627,15606,train
13628,10901,train
13629,12787,train
13631,20251,train
13632,21659,train
13633,18582,train
13634,16437,train
13635,12693,train
13636,15013,train
13637,17914,train
13638,14548,train
13639,15182,train
13640,12264,train
13643,12981,train
13644,9387,train
13645,17942,train
13646,19318,train
13647,11946,train
13648,14006,train
13649,15646,train
13650,8515,train
13651,16662,train
13652,19014,train
13653,14365,train
13654,11297,train
13655,14821,train
13656,20631,train
13657,8235,train
13658,9767,train
13659,19244,train
13660,18025,train
13661,10859,train
13662,14023,train
13663,15389,train
13664,10606,train
13665,5743,train
13667,10402,train
13668,5349,train
13669,8845,train
13670,11266,train
13671,11266,train
13672,19207,train
13673,3391,train
13674,14584,train
13675,7702,train
13676,21475,train
13677,11087,train
13678,21505,train
13679,15273,train
13680,16232,train
13681,14102,train
13683,14242,train
13684,6962,train
13685,2699,train
13686,10918,train
13687,21664,train
13688,20096,train
13689,19693,train
13690,14648,train
13691,12318,train
13692,13506,train
13693,5395,train
13694,6873,train
13695,403,train
13697,2603,train
13699,2256,train
13700,7673,train
13701,3360,train
13702,1856,train
13703,7262,train
13704,4421,train
13705,12582,train
13706,7509,train
13707,19068,train
13709,6731,train
13710,5106,train
13713,3578,train
13714,5944,train
13715,1205,train
13716,5155,train
13718,6759,train
13719,10597,train
13721,3792,train
13722,8110,train
13723,8544,train
13724,4625,train
13726,20501,train
13727,10639,train
13728,9004,train
13729,19217,train
13730,19322,train
13731,11492,train
13732,11571,train
13733,16382,train
13734,15840,train
13735,20565,train
13736,21405,train
13737,12604,train
13738,20865,train
13739,20170,train
13741,17175,train
13742,21279,train
13743,18007,train
13745,17778,train
13746,17522,train
13747,12669,train
13748,15672,train
13749,21279,train
13750,19471,train
13751,4778,train
13752,16089,train
13753,13871,train
13755,10918,train
13756,16841,train
13757,17010,train
13758,16152,train
13759,20471,train
13760,20269,train
13761,9914,train
13762,11916,train
13763,9227,train
13764,10203,train
13765,12551,train
13766,19491,train
13767,21416,train
13768,18024,train
13769,5332,train
13770,9888,train
13772,5721,train
13773,1827,train
13774,7567,train
13775,8568,train
13776,4631,train
13778,12860,train
13779,8568,train
13780,9854,train
13781,9823,train
13782,9699,train
13783,17571,train
13784,16458,train
13788,9696,train
13790,13320,train
13792,20806,train
13794,9696,train
13795,2646,train
13800,11122,train
13801,12736,train
13802,19463,train
13803,8122,train
13805,9450,train
13806,15490,train
13807,16485,train
13808,17673,train
13809,3073,train
13810,17837,train
13811,20188,train
13813,1162,train
13814,20806,train
13816,6254,train
13817,10843,train
13818,13779,train
13821,4088,train
13822,7147,train
13823,6218,train
13824,5423,train
13825,20806,train
13826,5175,train
13827,2310,train
13828,13820,train
13832,1974,train
13833,1789,train
13836,7832,train
13837,5660,train
13838,8346,train
13840,8019,train
13841,5188,train
13842,3874,train
13843,4495,train
13845,506,train
13846,898,train
13850,2520,train
13851,2212,train
13852,12003,train
13854,13434,train
13857,21036,train
13858,9696,train
13859,13767,train
13861,14986,train
13862,18904,train
13863,15705,train
13865,16821,train
13868,12571,train
13869,9811,train
13870,8517,train
13871,16108,train
13872,20050,train
13873,12571,train
13874,13476,train
13875,11486,train
13876,15257,train
13877,11910,train
13878,13268,train
13880,15055,train
13881,18311,train
13884,13912,train
13885,11910,train
13889,8049,train
13890,10211,train
13891,13360,train
13892,16719,train
13893,12571,train
13896,19347,train
13897,9554,train
13898,11337,train
13900,11277,train
13901,8368,train
13902,17442,train
13903,3817,train
13904,930,train
13905,6240,train
13906,2731,train
13907,12364,train
13910,2412,train
13911,2757,train
13914,506,train
13915,15920,train
13917,21685,train
13919,21450,train
13920,21557,train
13921,9120,train
13922,10655,train
13927,15124,train
13928,10425,train
13931,16388,train
13932,9807,train
13933,21119,train
13934,10064,train
13935,19352,train
13936,12622,train
13937,9341,train
13938,8917,train
13939,15257,train
13940,11830,train
13941,17355,train
13942,7538,train
13943,492,train
13944,5903,train
13945,4587,train
13947,3567,train
13948,1305,train
13949,3661,train
13950,3266,train
13951,6073,train
13952,2307,train
13956,3684,train
13957,7194,train
13958,1109,train
13960,2566,train
13961,1633,train
13963,3146,train
13964,1605,train
13965,5353,train
13966,4792,train
13967,1052,train
13968,485,train
13969,3331,train
13970,10424,train
13972,7197,train
13973,4433,train
13975,2448,train
13976,4525,train
13979,7275,train
13980,5971,train
13981,18963,train
13982,4189,train
13984,6675,train
13985,2701,train
13986,10015,train
13987,21557,train
13988,21557,train
13989,519,train
13990,6175,train
13992,7400,train
13994,519,train
13995,6462,train
13996,6498,train
13997,6378,train
13998,5820,train
13999,4200,train
14001,1268,train
14002,2472,train
14003,6820,train
14006,1280,train
14007,6115,train
14008,1087,train
14009,8917,train
14010,6797,train
14011,10538,train
14014,7823,train
14015,8458,train
14016,5357,train
14017,5761,train
14020,21557,train
14022,1407,train
14023,2981,train
14024,7350,train
14025,6760,train
14028,18041,train
14029,969,train
14030,7894,train
14031,997,train
14032,1824,train
14034,8315,train
14035,1272,train
14036,19937,train
14037,7934,train
14038,1549,train
14039,13795,train
14040,844,train
14041,10149,train
14042,1446,train
14043,5481,train
14044,5777,train
14045,10538,train
14046,822,train
14048,3375,train
14049,7401,train
14051,10075,train
14052,15663,train
14053,7934,train
14054,7934,train
14055,15183,train
14056,11371,train
14057,20360,train
14058,15466,train
14060,2621,train
14061,6770,train
14062,1718,train
14063,7932,train
14064,1851,train
14065,655,train
14066,2125,train
14067,1330,train
14068,975,train
14069,6488,train
14070,2484,train
14072,5621,train
14073,7805,train
14074,7083,train
14076,5291,train
14077,1253,train
14078,762,train
14079,19994,train
14080,7074,train
14081,313,train
14082,2239,train
14083,2707,train
14084,7885,train
14085,1842,train
14086,6098,train
14087,3655,train
14088,563,train
14089,5446,train
14090,5372,train
14091,7161,train
14092,4411,train
14094,6495,train
14095,3520,train
14096,485,train
14098,2759,train
14099,8227,train
14100,2103,train
14101,6033,train
14102,4097,train
14103,2830,train
14104,1578,train
14105,5881,train
14106,6899,train
14108,4517,train
14111,2298,train
14112,20672,train
14114,14474,train
14115,7606,train
14117,21552,train
14118,5667,train
14119,1511,train
14120,6573,train
14121,4943,train
14122,15004,train
14124,3780,train
14125,4498,train
14126,628,train
14127,2878,train
14128,7296,train
14130,2495,train
14132,3106,train
14133,1291,train
14134,9340,train
14135,2021,train
14136,17874,train
14137,11629,train
14140,18939,train
14141,11812,train
14142,12808,train
14143,10180,train
14144,11480,train
14147,8267,train
14148,16552,train
14150,12366,train
14151,21523,train
14152,12383,train
14153,15880,train
14154,11509,train
14156,8365,train
14157,15547,train
14158,9499,train
14160,13911,train
14163,21346,train
14164,15834,train
14165,8889,train
14168,10425,train
14171,19246,train
14172,9499,train
14173,12300,train
14174,9499,train
14175,8413,train
14176,16882,train
14178,9323,train
14179,10483,train
14181,11355,train
14182,20238,train
14183,15673,train
14185,11443,train
14186,17169,train
14188,13932,train
14189,15257,train
14190,8497,train
14191,16566,train
14193,13645,train
14195,8434,train
14196,12300,train
14197,16897,train
14199,10744,train
14200,11598,train
14203,17942,train
14204,17476,train
14206,18401,train
14208,8444,train
14209,12107,train
14210,9077,train
14211,17127,train
14212,12910,train
14213,19855,train
14215,17565,train
14216,16649,train
14218,15454,train
14221,20143,train
14222,19228,train
14223,9091,train
14225,13055,train
14226,21394,train
14227,10377,train
14228,20251,train
14229,11400,train
14231,17674,train
14232,19432,train
14233,15983,train
14236,9172,train
14237,14802,train
14239,6420,train
14241,5068,train
14242,18083,train
14243,7840,train
14245,16255,train
14246,21443,train
14247,19332,train
14249,11290,train
14250,6681,train
14251,3286,train
14252,6127,train
14253,15111,train
14254,3253,train
14255,4310,train
14257,2684,train
14258,2899,train
14259,3880,train
14260,7119,train
14261,655,train
14262,6063,train
14263,3751,train
14264,7733,train
14265,798,train
14266,2186,train
14267,7345,train
14269,5198,train
14270,7746,train
14271,4750,train
14272,1307,train
14273,7723,train
14274,4215,train
14275,4556,train
14276,646,train
14277,3507,train
14278,2704,train
14279,479,train
14280,14824,train
14281,20596,train
14282,6360,train
14283,5361,train
14284,2733,train
14285,346,train
14287,15652,train
14289,4636,train
14290,514,train
14291,7404,train
14292,3580,train
14293,726,train
14294,5299,train
14295,3552,train
14296,646,train
14298,615,train
14299,11888,train
14300,21172,train
14302,17325,train
14303,17711,train
14305,14017,train
14306,2715,train
14307,5455,train
14308,494,train
14309,4848,train
14310,20641,train
14311,615,train
14312,3024,train
14313,2036,train
14316,621,train
14317,4711,train
14318,18511,train
14319,3095,train
14320,6052,train
14321,5396,train
14322,6685,train
14323,621,train
14324,1580,train
14325,16826,train
14326,17577,train
14327,4465,train
14328,6619,train
14329,3458,train
14330,17114,train
14331,346,train
14332,9102,train
14333,5589,train
14334,317,train
14335,3518,train
14336,3326,train
14337,3771,train
14338,19042,train
14340,11782,train
14341,621,train
14342,2669,train
14343,7600,train
14344,6818,train
14345,2387,train
14346,2494,train
14347,3958,train
14348,20984,train
14351,3364,train
14352,1261,train
14353,7022,train
14355,858,train
14357,596,train
14358,11975,train
14359,2526,train
14360,20768,train
14361,317,train
14362,5571,train
14363,10917,train
14364,479,train
14365,17757,train
14367,4496,train
14368,7596,train
14369,7781,train
14370,596,train
14371,15152,train
14373,11549,train
14374,20819,train
14376,15821,train
14377,11259,train
14378,10219,train
14379,8064,train
14380,12905,train
14381,17757,train
14383,403,train
14387,15184,train
14388,3420,train
14389,14875,train
14390,2639,train
14391,18312,train
14393,19169,train
14394,10025,train
14395,1982,train
14396,19862,train
14397,20761,train
14398,14906,train
14399,16881,train
14401,4907,train
14402,12151,train
14404,3430,train
14405,3916,train
14408,18263,train
14410,13936,train
14411,20513,train
14412,4210,train
14413,14622,train
14414,2070,train
14415,19405,train
14416,5842,train
14417,10177,train
14418,6274,train
14419,14582,train
14420,20290,train
14421,20819,train
14422,20819,train
14423,17039,train
14425,4045,train
14426,18857,train
14428,16801,train
14429,18572,train
14430,20986,train
14431,7491,train
14432,6834,train
14433,14243,train
14434,5919,train
14436,7481,train
14437,16296,train
14438,3741,train
14439,17018,train
14440,12704,train
14441,21430,train
14442,19981,train
14443,21290,train
14444,1155,train
14445,9557,train
14447,3304,train
14450,16123,train
14451,19039,train
14452,5342,train
14453,10098,train
14454,15757,train
14455,2467,train
14456,19727,train
14458,1875,train
14460,8631,train
14462,7140,train
14463,1117,train
14464,6710,train
14465,1959,train
14468,2574,train
14469,1512,train
14470,6346,train
14471,16507,train
14472,8434,train
14473,1577,train
14474,7578,train
14475,20768,train
14476,2097,train
14477,598,train
14478,456,train
14479,14756,train
14480,17114,train
14481,4662,train
14482,21036,train
14483,15747,train
14485,18499,train
14486,7159,train
14488,2742,train
14489,4868,train
14490,6041,train
14491,15540,train
14492,10584,train
14494,18422,train
14496,21597,train
14497,2994,train
14498,12485,train
14499,19395,train
14500,16167,train
14502,2283,train
14503,20888,train
14504,1216,train
14505,5451,train
14506,6461,train
14507,431,train
14508,7027,train
14510,11148,train
14511,8755,train
14512,5951,train
14513,14538,train
14514,2928,train
14515,3057,train
14516,5684,train
14517,11779,train
14518,716,train
14520,20194,train
14521,1392,train
14523,6393,train
14524,1684,train
14525,679,train
14526,13616,train
14527,1793,train
14528,1051,train
14529,3904,train
14530,1710,train
14531,7000,train
14532,8468,train
14533,1362,train
14535,3148,train
14536,5916,train
14537,5958,train
14538,4745,train
14539,2977,train
14540,7274,train
14541,673,train
14542,431,train
14543,3776,train
14544,514,train
14545,1447,train
14546,4017,train
14547,17114,train
14548,5081,train
14550,1857,train
14551,2357,train
14552,21011,train
14553,5397,train
14554,10378,train
14555,628,train
14556,2608,train
14557,4132,train
14558,7115,train
14559,17327,train
14560,578,train
14561,17114,train
14563,21488,train
14564,9405,train
14566,1898,train
14567,6824,train
14568,17757,train
14569,6575,train
14570,4743,train
14571,10473,train
14572,19249,train
14573,452,train
14575,4320,train
14576,21149,train
14577,5189,train
14578,3239,train
14579,1267,train
14581,3895,train
14582,17978,train
14583,3484,train
14584,19348,train
14586,2625,train
14587,9774,train
14588,2033,train
14591,7114,train
14592,2670,train
14593,3692,train
14594,7865,train
14595,3670,train
14596,6782,train
14598,3632,train
14599,2905,train
14600,16780,train
14602,452,train
14603,313,train
14605,6343,train
14606,16103,train
14607,20958,train
14608,1983,train
14609,3149,train
14610,5789,train
14611,4050,train
14612,5482,train
14614,3639,train
14616,9477,train
14617,17016,train
14618,3314,train
14619,20973,train
14621,19233,train
14622,7492,train
14623,341,train
14624,17473,train
14625,456,train
14626,5020,train
14629,13499,train
14631,21258,train
14632,20608,train
14633,17660,train
14635,4130,train
14638,6594,train
14639,598,train
14640,8924,train
14641,15093,train
14642,5742,train
14643,2064,train
14644,14078,train
14645,2984,train
14646,11649,train
14648,6979,train
14649,4873,train
14650,8552,train
14651,7615,train
14652,7770,train
14655,17660,train
14656,3126,train
14657,5027,train
14658,15323,train
14659,7561,train
14660,578,train
14661,19348,train
14663,748,train
14664,9324,train
14665,2431,train
14666,3985,train
14668,16017,train
14669,4301,train
14672,15169,train
14673,2325,train
14675,1871,train
14676,1292,train
14677,6202,train
14679,13674,train
14680,7819,train
14681,5176,train
14682,5992,train
14683,7664,train
14684,1241,train
14685,3002,train
14686,1414,train
14687,5713,train
14688,2803,train
14689,5892,train
14690,845,train
14691,1161,train
14692,563,train
14693,6822,train
14694,1252,train
14695,7657,train
14696,341,train
14697,3349,train
14698,20265,train
14699,9477,train
14700,1484,train
14701,19266,train
14702,3397,train
14703,3643,train
14704,3229,train
14705,3254,train
14706,19741,train
14707,8575,train
14708,4544,train
14709,17528,train
14710,17114,train
14711,16032,train
14712,14625,train
14714,17795,train
14715,2309,train
14716,8924,train
14717,4145,train
14718,10200,train
14719,1076,train
14720,8925,train
14721,1800,train
14722,3749,train
14723,6130,train
14724,7143,train
14725,7669,train
14726,19180,train
14727,3050,train
14728,4413,train
14730,2300,train
14732,10059,train
14733,19369,train
14734,6330,train
14735,19295,train
14736,14243,train
14737,15634,train
14738,15356,train
14739,2892,train
14740,13489,train
14742,1351,train
14743,4759,train
14747,494,train
14748,5280,train
14749,7411,train
14750,2967,train
14751,3432,train
14752,2839,train
14753,10800,train
14754,9923,train
14755,21211,train
14756,15870,train
14757,15997,train
14759,11202,train
14760,7977,train
14761,9678,train
14763,19348,train
14764,19348,train
14765,19348,train
14766,19348,train
14767,14063,train
14768,11202,train
14769,19071,train
14770,14357,train
14772,20923,train
14773,21452,train
14774,9923,train
14776,15930,train
14778,7981,train
14779,10374,train
14780,10374,train
14783,12942,train
14784,10249,train
14785,9799,train
14786,9748,train
14787,13806,train
14788,11012,train
14789,8458,train
14790,17910,train
14793,17290,train
14795,18721,train
14797,16318,train
14798,16318,train
14799,12437,train
14800,10374,train
14801,21433,train
14802,9748,train
14803,15581,train
14804,11225,train
14806,21375,train
14807,20924,train
14808,14089,train
14811,14215,train
14812,19898,train
14813,21184,train
14815,20597,train
14817,17905,train
14818,18618,train
14819,7960,train
14820,12954,train
14821,18363,train
14822,17290,train
14823,17356,train
14824,19233,train
14825,18963,train
14827,17397,train
14828,18581,train
14829,8921,train
14831,17814,train
14832,10911,train
14833,16283,train
14834,14778,train
14837,9467,train
14838,9754,train
14839,20169,train
14840,20173,train
14841,21018,train
14842,12739,train
14843,9310,train
14844,10200,train
14845,17725,train
14846,14627,train
14847,8921,train
14848,21756,train
14849,7986,train
14850,14888,train
14852,13799,train
14853,20093,train
14854,18624,train
14855,14174,train
14856,21705,train
14857,17290,train
14858,16607,train
14859,14080,train
14860,15764,train
14861,11952,train
14862,19233,train
14863,12320,train
14864,21061,train
14865,17443,train
14866,16655,train
14867,6449,train
14868,4405,train
14870,5464,train
14871,5827,train
14872,17217,train
14873,7051,train
14874,20946,train
14875,21420,train
14876,6425,train
14877,4275,train
14878,2241,train
14879,1917,train
14880,4005,train
14881,12593,train
14882,21497,train
14883,6665,train
14884,15923,train
14885,4306,train
14886,5752,train
14888,9412,train
14889,7882,train
14890,21420,train
14891,10060,train
14892,3144,train
14893,8323,train
14894,14171,train
14895,11605,train
14896,1843,train
14897,1954,train
14898,1668,train
14899,2534,train
14900,11490,train
14903,1049,train
14904,3249,train
14905,3168,train
14907,17072,train
14909,15249,train
14910,2250,train
14911,9685,train
14913,9657,train
14914,630,train
14915,11913,train
14917,14107,train
14918,21139,train
14919,10923,train
14920,5010,train
14922,20861,train
14924,1232,train
14925,12342,train
14926,10343,train
14927,6514,train
14928,21004,train
14929,1063,train
14930,882,train
14931,1281,train
14932,4307,train
14933,5113,train
14934,3646,train
14935,3116,train
14936,6867,train
14939,4682,train
14940,6235,train
14941,7226,train
14942,15579,train
14943,6433,train
14945,435,train
14947,1328,train
14948,2938,train
14949,1367,train
14950,7285,train
14951,1025,train
14952,12407,train
14953,7076,train
14954,435,train
14955,7354,train
14956,17210,train
14957,11108,train
14958,12260,train
14959,5167,train
14960,16410,train
14961,5094,train
14963,630,train
14966,14556,train
14967,19493,train
14968,13802,train
14970,10378,train
14971,1178,train
14972,21631,train
14973,8337,train
14974,1957,train
14975,796,train
14977,12027,train
14978,14652,train
14980,15998,train
14981,18266,train
14982,20720,train
14983,12936,train
14985,8828,train
14986,15581,train
14987,14528,train
14988,8617,train
14989,17767,train
14990,11014,train
14991,9258,train
14992,16838,train
14993,2584,train
14994,15601,train
14995,3086,train
14996,18962,train
14997,2259,train
14998,17739,train
14999,5184,train
15000,6669,train
15002,13900,train
15003,15987,train
15004,11464,train
15006,1098,train
15007,10818,train
15010,4150,train
15011,10938,train
15012,21487,train
15013,12666,train
15014,4379,train
15016,1945,train
15017,764,train
15018,5351,train
15019,3188,train
15020,4579,train
15021,18266,train
15022,11110,train
15023,13802,train
15025,8829,train
15026,17210,train
15027,21030,train
15028,16029,train
15029,19493,train
15030,17349,train
15031,18279,train
15032,10459,train
15033,18480,train
15035,11566,train
15036,12146,train
15037,17846,train
15038,17230,train
15039,12539,train
15040,12539,train
15041,4373,train
15042,13802,train
15043,16489,train
15044,11455,train
15045,9207,train
15046,14634,train
15047,11110,train
15048,7202,train
15049,18413,train
15050,4737,train
15051,19901,train
15052,533,train
15053,5959,train
15054,1478,train
15055,7906,train
15056,1498,train
15058,3055,train
15060,19519,train
15061,18600,train
15062,4994,train
15063,14501,train
15065,10060,train
15066,14934,train
15067,19148,train
15068,17643,train
15069,18564,train
15070,20122,train
15072,10351,train
15073,10178,train
15075,18314,train
15076,18599,train
15077,21096,train
15078,4804,train
15080,9258,train
15081,7816,train
15082,5550,train
15083,5388,train
15084,5671,train
15085,7413,train
15086,16146,train
15087,4995,train
15088,7451,train
15089,19406,train
15091,4086,train
15092,9971,train
15095,12720,train
15096,7229,train
15097,14746,train
15098,21030,train
15099,1145,train
15102,2501,train
15103,6169,train
15104,6819,train
15105,2640,train
15106,2060,train
15107,2166,train
15108,2257,train
15109,2997,train
15110,4811,train
15111,17412,train
15112,7888,train
15113,5793,train
15114,1618,train
15115,21691,train
15116,13187,train
15117,2320,train
15118,1473,train
15120,12076,train
15121,3834,train
15122,11038,train
15123,10333,train
15126,11407,train
15127,15958,train
15129,1995,train
15130,2169,train
15131,11708,train
15132,8507,train
15133,9483,train
15135,10343,train
15138,6772,train
15140,5869,train
15142,16515,train
15143,13975,train
15144,8183,train
15145,19994,train
15147,18698,train
15148,21147,train
15149,9305,train
15150,17763,train
15151,13605,train
15152,12407,train
15154,17618,train
15155,10566,train
15156,14760,train
15157,14249,train
15158,18685,train
15159,17999,train
15160,10374,train
15161,8312,train
15162,11852,train
15163,15549,train
15164,9786,train
15165,18114,train
15166,13782,train
15167,11678,train
15168,16167,train
15169,15107,train
15170,17551,train
15172,16617,train
15173,8786,train
15174,20942,train
15175,21655,train
15176,16980,train
15177,16119,train
15178,12432,train
15179,17725,train
15181,10130,train
15182,21147,train
15183,14760,train
15184,13574,train
15185,12877,train
15186,12254,train
15187,16414,train
15188,12796,train
15189,16732,train
15190,10829,train
15191,17935,train
15192,15217,train
15193,16147,train
15194,14249,train
15195,13799,train
15196,10459,train
15197,14485,train
15198,17750,train
15199,18920,train
15200,11759,train
15201,17685,train
15204,12112,train
15205,14088,train
15206,12467,train
15208,18833,train
15209,18314,train
15212,15604,train
15213,14760,train
15214,12044,train
15215,16826,train
15216,18963,train
15217,12656,train
15218,9264,train
15219,13599,train
15222,14692,train
15223,8085,train
15224,16069,train
15225,9968,train
15226,19237,train
15228,12387,train
15229,13939,train
15230,19559,train
15231,17089,train
15232,14150,train
15233,15751,train
15234,15127,train
15236,11605,train
15237,9557,train
15238,21527,train
15239,15832,train
15240,15127,train
15241,15127,train
15242,19484,train
15243,12432,train
15244,8755,train
15245,8619,train
15246,19436,train
15247,21514,train
15248,18239,train
15249,9744,train
15250,15519,train
15252,14530,train
15253,15820,train
15254,8263,train
15255,10971,train
15256,9606,train
15257,14397,train
15260,12277,train
15261,21756,train
15262,9258,train
15263,13996,train
15264,8868,train
15265,20343,train
15266,9346,train
15267,17436,train
15268,14811,train
15269,9948,train
15270,14692,train
15271,12671,train
15272,15147,train
15273,16305,train
15274,10000,train
15275,10712,train
15276,21136,train
15277,14382,train
15278,12895,train
15280,14175,train
15281,10814,train
15282,16030,train
15283,19702,train
15284,20839,train
15285,15713,train
15286,13505,train
15287,12617,train
15288,17573,train
15289,14993,train
15290,12441,train
15291,15975,train
15292,21517,train
15293,12163,train
15295,9797,train
15296,14615,train
15299,8870,train
15300,17093,train
15302,20745,train
15303,21371,train
15304,21261,train
15305,11805,train
15306,16072,train
15307,19884,train
15308,14615,train
15309,12812,train
15310,19230,train
15311,14662,train
15312,9201,train
15313,19752,train
15314,9310,train
15315,21184,train
15316,21384,train
15317,9791,train
15318,14150,train
15319,18983,train
15320,18855,train
15321,9444,train
15322,19404,train
15323,10327,train
15324,9654,train
15325,14998,train
15326,21578,train
15327,21628,train
15328,13429,train
15329,10134,train
15330,18395,train
15331,17516,train
15332,11036,train
15333,10134,train
15334,10134,train
15335,10134,train
15336,21504,train
15337,10327,train
15338,8095,train
15339,8871,train
15342,9160,train
15344,21372,train
15345,9131,train
15346,19694,train
15347,12482,train
15348,8910,train
15349,21441,train
15350,18770,train
15351,12631,train
15353,8736,train
15354,12462,train
15355,18267,train
15356,16301,train
15357,10327,train
15358,16363,train
15359,16847,train
15362,20745,train
15364,10327,train
15365,14489,train
15366,19820,train
15367,15391,train
15368,19866,train
15369,19395,train
15370,10395,train
15371,20636,train
15372,11773,train
15373,10033,train
15374,12219,train
15375,15823,train
15376,15345,train
15378,13199,train
15379,9638,train
15381,10935,train
15382,12408,train
15383,18774,train
15385,21443,train
15386,10566,train
15387,11306,train
15388,17373,train
15389,10750,train
15390,14921,train
15392,12444,train
15393,12483,train
15394,16431,train
15395,16273,train
15396,16815,train
15397,12247,train
15398,19124,train
15399,10889,train
15401,21533,train
15402,18341,train
15404,19032,train
15405,15549,train
15406,18044,train
15407,17040,train
15408,11406,train
15409,21007,train
15410,17970,train
15411,10791,train
15412,18441,train
15414,14130,train
15415,17793,train
15416,9773,train
15418,8915,train
15419,16273,train
15420,19658,train
15422,8837,train
15423,18341,train
15424,11882,train
15425,18385,train
15426,18132,train
15427,10750,train
15428,11144,train
15429,9577,train
15430,12290,train
15431,11306,train
15432,9713,train
15433,18948,train
15434,8755,train
15435,13251,train
15436,17067,train
15437,9950,train
15439,14149,train
15440,13313,train
15441,20816,train
15442,21533,train
15443,16052,train
15445,20117,train
15446,16083,train
15448,18275,train
15449,14972,train
15450,8225,train
15451,11911,train
15452,10750,train
15453,14417,train
15454,17093,train
15455,18049,train
15456,18183,train
15457,21262,train
15458,14463,train
15459,16728,train
15460,12724,train
15462,11603,train
15463,21003,train
15464,19034,train
15466,19854,train
15467,18680,train
15468,7985,train
15469,18341,train
15470,18962,train
15472,10134,train
15473,20379,train
15474,15751,train
15475,14308,train
15476,15604,train
15477,13379,train
15478,11554,train
15480,21256,train
15481,18297,train
15482,12487,train
15483,8680,train
15486,12425,train
15488,15578,train
15489,17399,train
15491,16301,train
15492,18279,train
15493,20543,train
15494,19349,train
15495,8198,train
15497,17032,train
15498,12095,train
15499,12528,train
15501,17787,train
15502,10926,train
15503,8003,train
15504,16847,train
15505,12270,train
15506,16612,train
15509,10091,train
15510,14462,train
15511,9658,train
15512,8591,train
15513,17787,train
15514,12631,train
15516,19034,train
15517,10134,train
15518,20662,train
15519,11306,train
15520,11306,train
15521,15342,train
15522,18019,train
15523,13910,train
15524,18796,train
15527,18830,train
15528,18963,train
15529,10540,train
15530,12091,train
15531,16844,train
15533,11890,train
15534,17742,train
15535,19979,train
15536,11631,train
15539,15625,train
15541,14507,train
15542,20422,train
15543,10397,train
15544,12146,train
15545,10862,train
15546,18106,train
15547,17598,train
15550,11837,train
15551,17742,train
15552,15874,train
15554,10253,train
15555,8842,train
15556,17073,train
15557,14644,train
15558,10910,train
15559,19981,train
15560,13198,train
15561,16759,train
15562,9605,train
15564,13594,train
15565,20450,train
15566,11643,train
15567,8312,train
15568,10540,train
15569,16503,train
15570,10540,train
15571,10540,train
15572,15253,train
15574,9797,train
15576,17227,train
15577,17947,train
15578,8480,train
15579,10936,train
15580,15836,train
15581,14617,train
15582,21377,train
15583,10540,train
15584,16759,train
15585,17033,train
15586,17087,train
15587,20025,train
15589,10313,train
15590,17000,train
15591,10228,train
15592,11201,train
15593,13998,train
15594,17087,train
15595,10337,train
15596,16210,train
15598,8784,train
15599,13998,train
15600,19004,train
15601,19004,train
15602,19004,train
15603,8815,train
15604,17087,train
15605,15255,train
15606,13396,train
15607,8545,train
15608,13594,train
15610,20787,train
15611,13998,train
15612,19658,train
15613,16572,train
15614,11071,train
15615,21597,train
15616,12563,train
15617,8326,train
15618,13998,train
15619,10134,train
15620,14176,train
15621,17087,train
15622,14122,train
15623,16845,train
15624,14671,train
15625,8815,train
15627,13998,train
15628,8755,train
15629,14654,train
15630,7966,train
15632,8511,train
15633,17912,train
15635,21007,train
15636,14998,train
15637,16759,train
15639,13998,train
15640,15359,train
15641,18660,train
15642,10829,train
15643,18474,train
15644,16074,train
15645,14617,train
15646,8507,train
15648,17807,train
15649,10994,train
15650,4921,train
15651,10976,train
15653,16955,train
15654,12660,train
15655,5781,train
15656,5262,train
15657,18783,train
15658,16490,train
15659,17087,train
15660,10809,train
15661,15105,train
15662,17808,train
15663,15081,train
15664,14579,train
15665,19291,train
15666,14998,train
15667,9267,train
15668,849,train
15669,16440,train
15670,17708,train
15671,9755,train
15672,12425,train
15673,9351,train
15675,786,train
15676,5780,train
15678,7583,train
15680,13286,train
15681,20597,train
15682,7526,train
15683,5560,train
15684,4368,train
15685,2376,train
15686,19823,train
15688,5302,train
15690,7121,train
15691,6538,train
15692,4546,train
15693,842,train
15694,15804,train
15695,13610,train
15696,9591,train
15698,13013,train
15700,14553,train
15701,12224,train
15702,10289,train
15703,14249,train
15704,14838,train
15705,21081,train
15707,20637,train
15708,18261,train
15709,17717,train
15710,11631,train
15711,13334,train
15712,15196,train
15713,20604,train
15714,17613,train
15716,16106,train
15717,10574,train
15718,18956,train
15719,15031,train
15720,12775,train
15721,17933,train
15722,17770,train
15725,11470,train
15726,5851,train
15727,20564,train
15728,5831,train
15730,4044,train
15733,2366,train
15734,3043,train
15735,7450,train
15736,9195,train
15739,10580,train
15741,17273,train
15743,7166,train
15745,4747,train
15746,5140,train
15747,6917,train
15748,14522,train
15749,8904,train
15751,10129,train
15752,491,train
15753,4382,train
15754,5400,train
15755,6568,train
15756,1693,train
15758,6611,train
15759,1474,train
15760,14522,train
15761,1645,train
15762,7269,train
15764,5038,train
15765,7170,train
15767,3082,train
15768,6200,train
15769,6521,train
15770,776,train
15771,7395,train
15772,5246,train
15773,1054,train
15774,13349,train
15776,4595,train
15777,1528,train
15778,2462,train
15779,6915,train
15781,6567,train
15782,3926,train
15784,18191,train
15786,12457,train
15788,16396,train
15789,8362,train
15790,4687,train
15791,4192,train
15792,1189,train
15793,8129,train
15794,12168,train
15801,17194,train
15802,18606,train
15804,10625,train
15806,13350,train
15807,8906,train
15812,16224,train
15814,8185,train
15815,17464,train
15816,16678,train
15818,18039,train
15820,14780,train
15822,16224,train
15823,17485,train
15824,17662,train
15825,8185,train
15826,15054,train
15827,11320,train
15828,19793,train
15829,8904,train
15830,14339,train
15832,17904,train
15833,8147,train
15835,16710,train
15836,13773,train
15837,16712,train
15838,18529,train
15839,21427,train
15840,8908,train
15842,8048,train
15843,8908,train
15844,17202,train
15845,20718,train
15846,8908,train
15847,17142,train
15848,13155,train
15849,18529,train
15850,15693,train
15851,19915,train
15854,12014,train
15861,8812,train
15862,13481,train
15866,10580,train
15868,9836,train
15869,13486,train
15872,19888,train
15873,1324,train
15876,1931,train
15877,7530,train
15879,14102,train
15880,548,train
15881,3366,train
15882,12694,train
15883,8285,train
15884,21225,train
15885,20446,train
15886,20963,train
15887,18492,train
15891,1919,train
15893,15610,train
15894,12017,train
15896,18799,train
15902,3568,train
15903,4398,train
15904,6215,train
15906,3959,train
15907,2409,train
15908,19997,train
15910,1171,train
15911,5895,train
15913,7504,train
15914,5295,train
15915,929,train
15917,9177,train
15918,5061,train
15919,7315,train
15922,12804,train
15923,6443,train
15925,3727,train
15927,758,train
15929,5274,train
15931,5312,train
15932,1604,train
15933,2268,train
15934,4637,train
15935,3721,train
15936,9269,train
15937,548,train
15938,2559,train
15939,363,train
15940,10412,train
15941,1489,train
15942,4870,train
15943,3871,train
15944,18604,train
15946,7259,train
15947,1523,train
15949,11359,train
15951,6660,train
15952,4742,train
15953,3594,train
15955,6981,train
15956,1159,train
15957,1101,train
15960,363,train
15961,14755,train
15962,1697,train
15963,12535,train
15965,18585,train
15966,363,train
15968,1885,train
15969,914,train
15970,363,train
15971,1665,train
15972,5029,train
15973,1703,train
15974,10280,train
15975,7782,train
15976,910,train
15977,4137,train
15978,4233,train
15979,1247,train
15980,19681,train
15981,14144,train
15982,1011,train
15983,5088,train
15984,4084,train
15985,10701,train
15986,1746,train
15987,1093,train
15990,364,train
15991,5137,train
15992,3377,train
15993,4863,train
15994,3925,train
15996,731,train
15997,3261,train
15998,13966,train
15999,6500,train
16000,6533,train
16001,2370,train
16002,5488,train
16004,13960,train
16005,16085,train
16006,7555,train
16007,364,train
16008,11485,train
16009,14814,train
16012,4883,train
16013,3663,train
16014,6724,train
16015,3087,train
16016,342,train
16017,18219,train
16018,2672,train
16019,14947,train
16020,4291,train
16021,16085,train
16022,2088,train
16023,5138,train
16025,5414,train
16026,14448,train
16027,4019,train
16028,12503,train
16029,3172,train
16030,1114,train
16031,342,train
16032,5133,train
16033,7203,train
16034,19698,train
16036,3123,train
16037,1581,train
16039,5130,train
16041,1807,train
16042,12048,train
16043,7314,train
16044,7200,train
16047,5231,train
16048,1642,train
16049,3532,train
16050,4896,train
16051,3517,train
16052,13011,train
16053,4444,train
16055,16309,train
16056,7541,train
16058,5788,train
16059,2864,train
16060,5059,train
16062,7876,train
16063,3132,train
16064,6389,train
16065,1768,train
16066,5505,train
16068,5075,train
16070,5821,train
16071,19757,train
16072,6750,train
16073,7604,train
16074,6255,train
16075,2648,train
16079,4741,train
16080,5723,train
16081,1382,train
16082,1442,train
16083,434,train
16084,6159,train
16086,5409,train
16087,1565,train
16088,14366,train
16089,4692,train
16090,4177,train
16091,2022,train
16092,1169,train
16093,6805,train
16095,12749,train
16096,1783,train
16097,4357,train
16098,6248,train
16099,6048,train
16102,17829,train
16103,15005,train
16105,19629,train
16106,19430,train
16107,19430,train
16108,19430,train
16110,21211,train
16111,15679,train
16112,18664,train
16113,8079,train
16114,13012,train
16117,17966,train
16118,8956,train
16120,16155,train
16121,12904,train
16122,12765,train
16123,18604,train
16124,18674,train
16125,14434,train
16126,14250,train
16128,9768,train
16131,8666,train
16133,10176,train
16134,9547,train
16136,12498,train
16137,14407,train
16138,9976,train
16139,11215,train
16141,18805,train
16142,14608,train
16143,5544,train
16146,12161,train
16148,19768,train
16151,10224,train
16154,18716,train
16155,14341,train
16156,19090,train
16157,9738,train
16158,14364,train
16159,19979,train
16160,20793,train
16161,8460,train
16162,9021,train
16163,11942,train
16164,17960,train
16165,11826,train
16166,20187,train
16167,10956,train
16169,17640,train
16170,13059,train
16172,11376,train
16173,16459,train
16174,18930,train
16175,19917,train
16176,19641,train
16177,7168,train
16178,2613,train
16179,11983,train
16180,15132,train
16181,16556,train
16183,17248,train
16184,8241,train
16185,8884,train
16186,12510,train
16188,12536,train
16189,4680,train
16191,12503,train
16192,6221,train
16194,2135,train
16195,4530,train
16196,1940,train
16197,16658,train
16198,7465,train
16199,2910,train
16200,3994,train
16201,3752,train
16202,4511,train
16203,1607,train
16204,16025,train
16207,604,train
16208,2374,train
16210,7217,train
16211,1947,train
16212,5782,train
16213,17248,train
16215,6652,train
16216,7242,train
16217,3801,train
16218,4092,train
16219,21607,train
16220,6275,train
16221,12499,train
16222,644,train
16223,6134,train
16226,2723,train
16227,3183,train
16228,4527,train
16229,1356,train
16230,16202,train
16231,1996,train
16232,4081,train
16234,1437,train
16235,7534,train
16237,5751,train
16238,17938,train
16240,861,train
16241,8531,train
16242,10221,train
16243,8470,train
16244,533,train
16245,7015,train
16247,17642,train
16248,2052,train
16249,4542,train
16250,3207,train
16251,13097,train
16254,14205,train
16255,2204,train
16256,434,train
16257,7801,train
16258,4263,train
16259,16334,train
16263,3271,train
16265,976,train
16266,1009,train
16269,6090,train
16270,18717,train
16271,3544,train
16273,18937,train
16274,8474,train
16275,17813,train
16277,6467,train
16278,15071,train
16279,5701,train
16280,20612,train
16281,14381,train
16282,17813,train
16283,16831,train
16284,5504,train
16285,14117,train
16286,10874,train
16289,20960,train
16290,13625,train
16291,18871,train
16292,6632,train
16293,17623,train
16294,8593,train
16295,20921,train
16296,7038,train
16297,546,train
16298,2297,train
16299,2784,train
16301,16885,train
16302,8088,train
16304,9516,train
16305,5712,train
16306,4252,train
16307,9203,train
16308,8739,train
16309,5856,train
16310,4696,train
16311,20378,train
16312,973,train
16313,2086,train
16314,12823,train
16315,546,train
16316,16509,train
16317,5909,train
16318,5212,train
16319,16138,train
16320,8375,train
16321,20495,train
16322,20685,train
16323,7164,train
16324,18937,train
16325,12910,train
16326,19106,train
16327,11369,train
16329,4106,train
16330,401,train
16331,2498,train
16332,12861,train
16333,15233,train
16335,17875,train
16336,7188,train
16337,10349,train
16338,14341,train
16339,17158,train
16341,2339,train
16342,509,train
16343,17928,train
16344,11965,train
16345,8008,train
16346,20600,train
16347,12861,train
16348,3238,train
16349,19818,train
16350,9584,train
16351,20402,train
16352,6918,train
16353,14785,train
16354,7356,train
16356,5635,train
16358,5018,train
16360,3225,train
16361,18999,train
16363,14166,train
16364,8241,train
16365,10349,train
16367,509,train
16368,5887,train
16369,6311,train
16370,5681,train
16371,4866,train
16372,20378,train
16374,622,train
16375,6605,train
16376,9300,train
16377,7007,train
16378,5146,train
16379,2326,train
16380,2558,train
16381,12132,train
16382,885,train
16383,846,train
16384,1844,train
16385,6149,train
16387,1208,train
16388,3683,train
16389,6508,train
16390,617,train
16391,3179,train
16392,1935,train
16393,12677,train
16394,5092,train
16395,5463,train
16396,601,train
16397,13750,train
16398,1538,train
16399,2644,train
16400,7025,train
16401,5680,train
16402,1405,train
16403,10120,train
16404,617,train
16405,11369,train
16406,2157,train
16408,617,train
16409,11965,train
16410,6091,train
16411,4000,train
16412,21109,train
16413,17451,train
16414,8093,train
16415,14871,train
16416,20286,train
16417,10430,train
16418,15258,train
16419,10054,train
16420,14785,train
16421,12420,train
16422,21093,train
16423,17813,train
16424,13705,train
16426,19158,train
16428,12861,train
16429,20409,train
16430,19109,train
16431,11592,train
16432,7831,train
16433,18604,train
16434,7648,train
16435,10953,train
16436,9585,train
16438,10301,train
16439,5634,train
16440,21550,train
16442,3138,train
16443,4771,train
16444,6927,train
16446,3328,train
16447,21146,train
16448,15369,train
16449,11369,train
16450,401,train
16451,10349,train
16452,4457,train
16453,19397,train
16454,388,train
16456,4572,train
16457,644,train
16458,2005,train
16459,5664,train
16460,5672,train
16461,2923,train
16462,601,train
16464,3460,train
16466,1029,train
16467,1574,train
16470,7359,train
16471,1537,train
16472,9905,train
16473,1042,train
16474,1771,train
16475,2763,train
16476,15252,train
16477,13713,train
16478,17813,train
16479,14871,train
16480,11369,train
16481,14117,train
16482,21037,train
16483,5908,train
16484,7049,train
16485,10182,train
16486,9225,train
16487,4140,train
16488,9300,train
16489,893,train
16490,14117,train
16491,12025,train
16492,16084,train
16493,9905,train
16494,14403,train
16495,21550,train
16496,16533,train
16497,14022,train
16498,1460,train
16500,2488,train
16501,518,train
16502,13136,train
16503,9300,train
16504,3400,train
16505,15899,train
16506,14434,train
16507,6980,train
16508,1016,train
16509,15309,train
16510,1731,train
16512,21302,train
16513,7324,train
16514,5345,train
16515,19366,train
16516,2146,train
16517,4298,train
16518,6477,train
16519,5023,train
16520,1922,train
16523,6247,train
16525,2216,train
16528,17474,train
16530,518,train
16531,9181,train
16533,19333,train
16536,1759,train
16538,4431,train
16539,5799,train
16540,5848,train
16541,2165,train
16544,4104,train
16546,8161,train
16547,828,train
16548,4673,train
16549,4141,train
16550,7353,train
16552,3613,train
16553,12958,train
16554,4172,train
16555,12711,train
16556,18109,train
16557,4432,train
16558,5852,train
16559,14563,train
16560,11666,train
16561,18057,train
16565,622,train
16567,11387,train
16568,8192,train
16569,7449,train
16570,601,train
16571,7261,train
16573,14512,train
16575,7720,train
16576,19441,train
16577,1485,train
16579,2797,train
16581,2589,train
16582,4566,train
16583,3223,train
16584,4899,train
16585,3708,train
16586,3616,train
16587,19423,train
16588,13677,train
16589,7922,train
16590,2877,train
16592,2438,train
16594,14438,train
16595,17567,train
16597,1879,train
16598,3806,train
16599,7160,train
16600,3294,train
16601,4818,train
16604,11387,train
16606,17858,train
16607,12991,train
16608,10159,train
16610,9002,train
16611,5754,train
16612,6762,train
16613,6593,train
16614,11025,train
16615,6005,train
16616,20506,train
16617,21047,train
16618,14451,train
16619,13938,train
16620,21047,train
16621,9024,train
16624,16140,train
16625,4242,train
16626,901,train
16627,17121,train
16628,10611,train
16629,7722,train
16630,16575,train
16631,3587,train
16632,1334,train
16633,15513,train
16634,4347,train
16635,1181,train
16636,604,train
16638,21302,train
16639,12711,train
16640,12252,train
16641,2962,train
16642,1463,train
16643,2248,train
16644,5006,train
16645,509,train
16646,15906,train
16648,6067,train
16649,3624,train
16650,4460,train
16652,1673,train
16653,4199,train
16654,7333,train
16655,1387,train
16657,12711,train
16659,16578,train
16660,17420,train
16662,21095,train
16663,21047,train
16664,12641,train
16665,7984,train
16666,11032,train
16667,8274,train
16668,11666,train
16669,17958,train
16670,21139,train
16671,18996,train
16672,16578,train
16673,21368,train
16675,19337,train
16676,20083,train
16677,20427,train
16678,9491,train
16679,12760,train
16680,11666,train
16681,14613,train
16682,17671,train
16683,8548,train
16684,10826,train
16685,13692,train
16686,18131,train
16688,16156,train
16689,11165,train
16690,15324,train
16691,18064,train
16693,14613,train
16694,19573,train
16695,20154,train
16696,20729,train
16697,8498,train
16698,19112,train
16699,10533,train
16701,17386,train
16702,13563,train
16703,16865,train
16704,20773,train
16705,9057,train
16708,17928,train
16709,15522,train
16710,20033,train
16713,13677,train
16714,10224,train
16716,13033,train
16717,8958,train
16718,16206,train
16720,10092,train
16721,13692,train
16722,18950,train
16723,10237,train
16724,15324,train
16725,11387,train
16726,14232,train
16727,1381,train
16728,20773,train
16729,18148,train
16730,11166,train
16731,17368,train
16732,21669,train
16733,14785,train
16734,18269,train
16736,17775,train
16737,13664,train
16738,20995,train
16739,19814,train
16743,8165,train
16744,8363,train
16745,16345,train
16746,16113,train
16747,16360,train
16749,9509,train
16751,11330,train
16752,6870,train
16753,530,train
16754,1213,train
16755,3357,train
16756,11037,train
16757,530,train
16758,4469,train
16759,14629,train
16760,4234,train
16761,8446,train
16762,21481,train
16764,3332,train
16765,14441,train
16766,850,train
16767,2740,train
16768,7068,train
16769,2331,train
16770,14182,train
16771,814,train
16774,20321,train
16775,6825,train
16776,530,train
16777,5181,train
16779,17788,train
16781,717,train
16784,18760,train
16785,8363,train
16787,963,train
16788,460,train
16789,9070,train
16790,7546,train
16791,17699,train
16793,4677,train
16794,15325,train
16795,7734,train
16796,5350,train
16798,5477,train
16799,7151,train
16800,487,train
16801,550,train
16802,20262,train
16804,6517,train
16805,460,train
16806,4688,train
16808,7080,train
16809,4927,train
16811,7618,train
16813,4730,train
16814,2942,train
16816,3358,train
16818,2943,train
16819,4075,train
16820,14182,train
16821,8643,train
16822,3563,train
16823,13551,train
16824,7826,train
16825,20408,train
16826,18638,train
16827,3626,train
16828,7355,train
16829,7766,train
16830,2178,train
16831,3448,train
16832,2068,train
16833,3390,train
16835,13300,train
16836,19628,train
16837,2933,train
16838,12966,train
16839,20845,train
16840,550,train
16841,3688,train
16843,14022,train
16844,6522,train
16845,6281,train
16846,11918,train
16847,18015,train
16848,15436,train
16849,20507,train
16850,18097,train
16851,11497,train
16852,4931,train
16853,9770,train
16854,14766,train
16855,1455,train
16856,2897,train
16857,12598,train
16859,5142,train
16860,2685,train
16862,20262,train
16863,15919,train
16864,19717,train
16866,2137,train
16867,9770,train
16868,11748,train
16869,13080,train
16870,5487,train
16872,3905,train
16873,4912,train
16874,10513,train
16875,17699,train
16878,18976,train
16880,8165,train
16881,8475,train
16882,18890,train
16884,8974,train
16885,19320,train
16887,19370,train
16888,15018,train
16889,10140,train
16890,19807,train
16891,9951,train
16892,18978,train
16893,14635,train
16894,21134,train
16895,20894,train
16896,18999,train
16897,8033,train
16899,1522,train
16900,7091,train
16901,2200,train
16902,3833,train
16903,4355,train
16904,4915,train
16906,15473,train
16907,6973,train
16909,816,train
16910,9215,train
16911,12833,train
16912,5868,train
16913,18009,train
16914,13659,train
16916,9770,train
16917,18451,train
16918,15262,train
16919,16182,train
16921,14151,train
16922,8109,train
16923,10076,train
16924,8165,train
16926,11497,train
16927,16182,train
16928,12086,train
16929,12461,train
16930,14732,train
16931,8041,train
16932,5447,train
16933,9951,train
16934,3159,train
16935,2866,train
16936,491,train
16937,3654,train
16938,5445,train
16939,1615,train
16940,2141,train
16941,13580,train
16942,388,train
16943,10314,train
16945,16412,train
16947,16653,train
16948,11965,train
16949,21481,train
16950,8946,train
16953,4842,train
16956,17854,train
16957,9554,train
16959,1156,train
16960,3955,train
16961,5807,train
16962,6958,train
16963,15669,train
16965,7548,train
16967,5653,train
16968,2089,train
16969,9509,train
16970,7384,train
16971,2607,train
16972,2399,train
16974,4731,train
16976,5405,train
16977,753,train
16978,5618,train
16979,491,train
16980,9920,train
16981,14426,train
16982,19807,train
16983,11563,train
16984,5710,train
16985,12086,train
16986,9951,train
16987,6656,train
16988,13114,train
16990,21481,train
16991,21160,train
16992,14762,train
16996,1475,train
16997,6778,train
16998,9440,train
16999,10726,train
17001,9951,train
17002,9215,train
17003,18764,train
17004,14591,train
17005,8415,train
17006,20621,train
17008,17988,train
17009,12542,train
17010,18037,train
17011,16988,train
17012,14762,train
17013,10813,train
17014,19709,train
17015,11489,train
17016,8792,train
17017,12086,train
17018,10382,train
17019,12452,train
17020,15100,train
17022,1225,train
17023,9745,train
17024,10916,train
17025,12368,train
17027,20010,train
17028,14257,train
17029,21468,train
17030,10801,train
17031,8243,train
17032,19337,train
17033,18601,train
17034,20106,train
17035,8446,train
17036,17596,train
17037,8464,train
17038,9995,train
17040,19337,train
17041,9114,train
17042,17821,train
17043,12875,train
17044,20324,train
17045,12021,train
17046,18653,train
17047,21299,train
17049,17542,train
17050,20518,train
17051,18205,train
17052,12714,train
17053,17596,train
17054,20278,train
17056,7973,train
17057,15820,train
17058,12503,train
17060,20262,train
17061,12726,train
17062,11581,train
17063,11776,train
17064,15603,train
17065,13322,train
17066,8597,train
17067,17542,train
17068,9770,train
17069,10749,train
17070,10754,train
17071,17985,train
17072,13518,train
17073,18344,train
17074,18882,train
17075,13045,train
17076,9293,train
17077,20358,train
17078,13327,train
17079,8464,train
17080,17542,train
17081,9650,train
17082,14997,train
17085,21526,train
17086,14486,train
17087,13328,train
17088,12165,train
17089,12540,train
17090,19848,train
17092,15309,train
17093,8043,train
17094,15473,train
17095,21481,train
17096,17542,train
17097,11949,train
17098,16113,train
17099,16661,train
17100,15113,train
17101,19330,train
17102,15820,train
17103,8464,train
17104,14923,train
17105,21643,train
17106,17542,train
17107,13328,train
17108,18287,train
17109,8943,train
17110,16418,train
17111,13518,train
17112,8192,train
17113,12540,train
17114,11308,train
17115,19479,train
17116,11520,train
17117,20278,train
17118,10258,train
17119,17542,train
17120,18538,train
17121,13381,train
17123,11156,train
17124,8464,train
17125,12714,train
17126,17498,train
17127,17713,train
17128,14299,train
17129,12526,train
17131,17105,train
17132,10701,train
17133,20184,train
17134,17129,train
17135,20780,train
17136,12714,train
17137,14997,train
17138,17542,train
17139,9191,train
17141,14299,train
17142,14299,train
17143,14299,train
17144,9215,train
17145,14299,train
17146,9630,train
17147,8302,train
17148,9432,train
17149,20684,train
17150,19892,train
17151,13046,train
17152,11230,train
17153,20735,train
17154,16070,train
17155,15466,train
17156,19359,train
17157,14019,train
17158,9215,train
17159,18991,train
17160,17542,train
17161,18405,train
17162,10613,train
17163,12957,train
17164,21481,train
17166,12055,train
17167,8785,train
17168,15400,train
17170,11276,train
17171,10587,train
17172,16885,train
17173,13328,train
17174,20183,train
17175,14299,train
17177,17835,train
17178,17542,train
17179,15665,train
17180,12158,train
17183,13848,train
17184,17538,train
17186,17498,train
17187,21444,train
17188,10715,train
17189,18207,train
17190,11606,train
17191,9018,train
17194,15886,train
17195,16324,train
17196,20612,train
17197,19745,train
17198,16071,train
17199,17538,train
17200,10637,train
17201,13602,train
17203,20171,train
17204,16266,train
17205,13786,train
17206,17538,train
17208,12944,train
17209,8229,train
17211,19398,train
17212,12028,train
17213,15659,train
17215,20829,train
17216,11758,train
17217,19323,train
17218,13699,train
17219,18227,train
17221,17004,train
17222,20532,train
17223,13069,train
17224,9443,train
17225,15658,train
17228,9798,train
17229,21782,train
17230,11850,train
17231,18074,train
17232,14408,train
17233,14361,train
17234,21646,train
17235,13126,train
17236,20087,train
17237,18035,train
17238,10934,train
17239,17538,train
17240,8255,train
17241,12958,train
17242,16477,train
17243,18593,train
17245,19865,train
17246,14075,train
17249,12373,train
17250,17004,train
17251,18207,train
17253,17792,train
17255,8783,train
17256,15262,train
17257,20521,train
17258,20276,train
17260,17581,train
17261,11303,train
17262,12638,train
17263,19911,train
17264,17407,train
17265,19072,train
17266,16050,train
17267,11472,train
17268,16619,train
17269,19842,train
17270,19469,train
17271,14043,train
17272,11472,train
17273,12363,train
17274,21041,train
17275,13040,train
17276,17029,train
17277,12235,train
17279,10007,train
17280,13069,train
17281,13726,train
17282,17815,train
17283,8514,train
17284,14192,train
17285,13101,train
17287,9245,train
17289,13215,train
17291,11879,train
17292,10168,train
17293,8990,train
17295,11918,train
17296,14846,train
17299,16433,train
17301,19127,train
17302,21646,train
17304,9336,train
17305,14639,train
17306,17002,train
17307,13094,train
17308,18325,train
17310,19469,train
17311,18286,train
17312,13848,train
17313,18389,train
17314,18911,train
17315,18020,train
17318,20701,train
17319,11472,train
17320,10391,train
17321,17419,train
17322,16299,train
17326,16218,train
17327,11435,train
17328,13395,train
17329,18507,train
17330,18029,train
17331,8946,train
17332,8102,train
17333,18115,train
17334,10140,train
17336,17002,train
17337,19085,train
17339,14005,train
17340,8496,train
17341,19282,train
17342,18489,train
17343,14187,train
17344,15356,train
17345,10527,train
17346,21456,train
17347,17901,train
17348,7983,train
17350,19899,train
17351,9253,train
17352,18020,train
17353,12249,train
17354,10118,train
17355,19282,train
17356,18020,train
17357,18971,train
17359,19803,train
17361,8399,train
17362,18489,train
17363,19096,train
17364,19096,train
17365,9518,train
17366,10874,train
17367,15356,train
17368,14596,train
17369,17063,train
17372,14151,train
17374,21029,train
17375,19792,train
17376,15356,train
17377,16268,train
17378,13871,train
17379,18489,train
17380,14769,train
17381,14426,train
17382,9518,train
17383,17407,train
17384,16113,train
17385,18549,train
17387,10118,train
17388,17086,train
17389,19150,train
17390,9518,train
17391,11914,train
17392,12684,train
17393,11783,train
17394,9828,train
17395,12729,train
17396,14620,train
17397,12684,train
17399,19655,train
17400,20969,train
17405,16497,train
17406,12684,train
17407,11783,train
17408,13087,train
17409,13087,train
17410,13694,train
17412,16211,train
17413,17487,train
17414,9973,train
17415,11310,train
17416,16217,train
17417,10152,train
17418,11489,train
17421,19704,train
17422,21168,train
17423,10013,train
17424,20282,train
17425,12540,train
17426,9518,train
17427,9518,train
17428,12729,train
17429,21168,train
17432,15151,train
17434,20759,train
17435,9519,train
17436,11075,train
17437,15356,train
17438,8367,train
17439,14493,train
17440,13196,train
17441,18387,train
17442,12623,train
17443,17974,train
17444,14383,train
17445,9995,train
17446,18831,train
17447,10013,train
17448,16496,train
17449,17901,train
17450,10849,train
17451,10849,train
17452,8106,train
17453,19317,train
17454,19521,train
17456,10118,train
17457,12188,train
17458,18042,train
17459,19651,train
17460,12399,train
17461,19032,train
17462,10398,train
17463,9200,train
17464,18937,train
17465,21344,train
17466,17596,train
17467,19883,train
17468,8624,train
17469,19913,train
17470,15841,train
17471,14688,train
17473,17703,train
17474,15087,train
17475,20126,train
17476,11191,train
17477,13694,train
17478,18086,train
17479,12343,train
17480,14861,train
17481,15237,train
17483,11438,train
17484,9809,train
17485,16623,train
17486,9675,train
17487,10336,train
17489,15992,train
17490,16436,train
17491,11536,train
17492,10502,train
17493,18798,train
17494,14362,train
17495,8018,train
17496,18086,train
17497,13694,train
17498,9314,train
17499,12838,train
17500,9518,train
17501,15024,train
17502,11447,train
17503,11348,train
17504,11563,train
17505,16441,train
17506,8063,train
17507,14151,train
17508,13087,train
17509,14647,train
17510,18170,train
17512,16455,train
17513,7019,train
17514,16506,train
17515,6616,train
17516,3561,train
17517,337,train
17518,18029,train
17519,10416,train
17520,15623,train
17521,11663,train
17522,17859,train
17524,10689,train
17526,20199,train
17527,17215,train
17528,9987,train
17529,11054,train
17530,5235,train
17531,677,train
17533,11211,train
17534,1039,train
17535,337,train
17537,1479,train
17538,5728,train
17540,6081,train
17541,19077,train
17542,2983,train
17543,6622,train
17544,1946,train
17545,16447,train
17546,3157,train
17548,3348,train
17549,883,train
17550,2160,train
17551,14541,train
17552,11614,train
17553,6284,train
17554,2106,train
17555,2503,train
17556,11533,train
17557,12679,train
17558,18937,train
17559,9023,train
17560,20557,train
17561,18205,train
17562,18641,train
17563,12357,train
17564,19778,train
17565,18513,train
17566,11783,train
17567,19136,train
17568,10689,train
17569,8478,train
17570,14867,train
17571,13254,train
17572,19749,train
17573,16970,train
17574,11902,train
17576,16761,train
17578,11047,train
17579,15073,train
17580,19153,train
17581,13694,train
17582,19292,train
17583,18387,train
17585,19154,train
17587,11995,train
17588,1343,train
17589,12159,train
17591,11205,train
17594,9953,train
17595,15969,train
17596,10522,train
17597,15150,train
17598,20199,train
17599,12627,train
17600,18202,train
17601,10513,train
17602,6978,train
17603,6662,train
17604,1196,train
17605,9033,train
17606,1483,train
17607,397,train
17610,16171,train
17611,21515,train
17612,2449,train
17614,10651,train
17615,4157,train
17616,2181,train
17618,6753,train
17619,2932,train
17620,2007,train
17622,11052,train
17624,21266,train
17625,11358,train
17626,9786,train
17627,17363,train
17629,8005,train
17630,12492,train
17631,8100,train
17632,18834,train
17634,9467,train
17635,8594,train
17636,12128,train
17637,21618,train
17640,6884,train
17642,1092,train
17643,13025,train
17644,3987,train
17645,4562,train
17646,13116,train
17647,1410,train
17649,5969,train
17650,2369,train
17651,467,train
17652,4354,train
17654,6785,train
17656,7183,train
17657,6490,train
17659,3590,train
17660,467,train
17662,3961,train
17663,5579,train
17664,2263,train
17665,1902,train
17666,2565,train
17667,3330,train
17668,7638,train
17669,699,train
17670,7023,train
17671,5110,train
17672,1223,train
17673,13025,train
17674,3993,train
17675,19837,train
17678,15839,train
17679,15811,train
17680,9341,train
17682,11355,train
17683,2575,train
17684,21194,train
17685,9572,train
17686,12220,train
17687,16390,train
17691,15082,train
17692,15918,train
17693,15872,train
17694,12438,train
17695,20462,train
17696,1045,train
17697,4154,train
17698,10805,train
17699,15720,train
17702,2032,train
17703,5565,train
17704,7764,train
17705,7552,train
17706,12858,train
17707,21427,train
17708,12633,train
17709,11969,train
17710,15206,train
17712,11729,train
17713,11318,train
17715,13683,train
17716,554,train
17718,8221,train
17721,7844,train
17722,4028,train
17724,5917,train
17725,4375,train
17726,3595,train
17727,2354,train
17728,3281,train
17729,700,train
17730,5220,train
17732,8661,train
17733,5045,train
17734,6576,train
17735,6803,train
17736,2931,train
17738,2519,train
17740,5791,train
17741,14332,train
17742,2904,train
17743,2444,train
17745,6459,train
17747,1698,train
17750,5581,train
17751,5812,train
17752,772,train
17754,7127,train
17755,4733,train
17756,1830,train
17757,4795,train
17759,5630,train
17760,17287,train
17761,14312,train
17762,6921,train
17763,580,train
17765,661,train
17766,4780,train
17767,2222,train
17768,3352,train
17769,580,train
17770,2073,train
17771,14911,train
17772,6649,train
17773,3665,train
17774,7270,train
17775,5469,train
17776,2305,train
17778,2371,train
17779,7260,train
17781,7116,train
17782,4571,train
17783,4878,train
17784,19428,train
17785,4346,train
17786,10464,train
17788,1023,train
17789,554,train
17790,1740,train
17791,19649,train
17792,4451,train
17793,8052,train
17794,6472,train
17795,7204,train
17796,8916,train
17797,6723,train
17798,6754,train
17799,7237,train
17800,4002,train
17801,6535,train
17802,7292,train
17803,4860,train
17804,4374,train
17806,3372,train
17809,1795,train
17810,2177,train
17811,2151,train
17812,2800,train
17813,7043,train
17814,6351,train
17815,3463,train
17816,7796,train
17817,468,train
17820,6452,train
17822,1505,train
17824,3788,train
17825,17489,train
17826,4847,train
17828,6012,train
17829,4018,train
17830,5437,train
17831,2541,train
17832,3439,train
17833,1911,train
17834,867,train
17835,6725,train
17836,875,train
17837,1958,train
17840,6890,train
17841,4415,train
17842,4271,train
17843,7660,train
17844,7523,train
17845,5963,train
17846,5248,train
17847,1976,train
17848,4155,train
17849,2927,train
17851,5879,train
17852,7472,train
17853,2454,train
17854,6644,train
17855,21779,train
17856,5622,train
17857,795,train
17858,799,train
17859,2003,train
17861,18364,train
17862,1895,train
17864,3269,train
17867,775,train
17869,3036,train
17872,2798,train
17874,5333,train
17875,2110,train
17876,5192,train
17877,5685,train
17878,559,train
17879,2420,train
17880,16028,train
17881,5982,train
17882,15562,train
17884,13588,train
17886,16545,train
17887,17968,train
17889,10889,train
17890,15685,train
17893,14144,train
17894,8383,train
17895,21180,train
17896,10881,train
17897,20480,train
17899,15731,train
17900,9581,train
17901,16078,train
17903,14110,train
17907,20579,train
17908,20447,train
17911,11697,train
17913,15361,train
17914,9627,train
17915,11434,train
17916,10844,train
17917,10148,train
17922,13015,train
17923,19903,train
17924,10844,train
17925,12327,train
17926,8488,train
17927,19064,train
17929,21742,train
17930,20634,train
17931,12933,train
17932,21443,train
17933,8892,train
17938,19186,train
17940,21774,train
17941,8581,train
17942,8806,train
17943,13015,train
17944,487,train
17945,6659,train
17946,18390,train
17947,6699,train
17948,19938,train
17950,16957,train
17954,15505,train
17955,7021,train
17956,11826,train
17958,7468,train
17962,5346,train
17963,11827,train
17964,2159,train
17965,2471,train
17966,2903,train
17967,3778,train
17968,17246,train
17969,2985,train
17971,3059,train
17972,4630,train
17973,660,train
17974,1571,train
17975,2378,train
17977,3554,train
17978,7617,train
17980,7154,train
17981,2867,train
17982,3885,train
17984,3914,train
17985,10301,train
17986,11637,train
17987,3768,train
17988,7017,train
17989,660,train
17990,1964,train
17991,15138,train
17992,20341,train
17993,2413,train
17994,18446,train
17997,10121,train
17998,6400,train
17999,3953,train
18000,19524,train
18001,8318,train
18002,17094,train
18004,354,train
18005,7930,train
18006,16822,train
18007,9328,train
18008,19070,train
18009,6354,train
18010,13849,train
18011,2635,train
18012,4996,train
18013,704,train
18014,16012,train
18015,4125,train
18016,2664,train
18018,15565,train
18020,4102,train
18021,2082,train
18022,1762,train
18023,1778,train
18025,4968,train
18026,4713,train
18027,7135,train
18028,4135,train
18030,6559,train
18031,17282,train
18032,1372,train
18033,5647,train
18034,6197,train
18035,3653,train
18036,4589,train
18038,10330,train
18039,4679,train
18040,16053,train
18041,20421,train
18042,19030,train
18043,3219,train
18044,8260,train
18045,18750,train
18046,4115,train
18047,18446,train
18048,11538,train
18049,19739,train
18051,10222,train
18052,10115,train
18053,17534,train
18054,13199,train
18058,15462,train
18060,6856,train
18061,17723,train
18062,6503,train
18063,2142,train
18064,7788,train
18065,7059,train
18066,1143,train
18067,6123,train
18069,14155,train
18070,18438,train
18071,19569,train
18072,7792,train
18074,7900,train
18075,559,train
18076,11880,train
18077,7886,train
18078,508,train
18079,17472,train
18081,17741,train
18082,5048,train
18083,10222,train
18084,10222,train
18085,10222,train
18086,10222,train
18087,21599,train
18088,564,train
18089,21010,train
18090,10996,train
18091,14675,train
18092,17611,train
18093,564,train
18094,14827,train
18095,13999,train
18097,7694,train
18098,3583,train
18099,6717,train
18100,3042,train
18101,1816,train
18102,6037,train
18103,1569,train
18104,8541,train
18105,17741,train
18106,13331,train
18107,2457,train
18109,5744,train
18110,17534,train
18112,1730,train
18113,360,train
18114,7871,train
18115,5675,train
18116,13095,train
18117,16663,train
18118,6076,train
18120,7554,train
18122,6846,train
18123,13522,train
18125,11824,train
18126,15884,train
18127,14589,train
18128,11601,train
18129,6716,train
18130,21087,train
18133,11235,train
18135,5497,train
18136,13172,train
18138,10903,train
18139,4584,train
18142,2350,train
18143,19516,train
18144,4919,train
18145,20618,train
18146,7904,train
18147,9633,train
18148,3509,train
18149,15759,train
18151,612,train
18152,12682,train
18153,2862,train
18154,17048,train
18155,19516,train
18156,6133,train
18157,12776,train
18159,447,train
18160,19174,train
18161,8196,train
18163,10130,train
18164,508,train
18165,5613,train
18166,447,train
18167,5071,train
18168,2952,train
18169,2235,train
18170,9571,train
18173,4195,train
18174,5418,train
18176,3011,train
18177,4414,train
18178,360,train
18179,3652,train
18180,18369,train
18181,17993,train
18182,7521,train
18184,15617,train
18185,2190,train
18186,2302,train
18187,16001,train
18188,6677,train
18189,6128,train
18190,3395,train
18191,13072,train
18192,6756,train
18193,5193,train
18194,354,train
18195,6786,train
18197,949,train
18198,18116,train
18199,7453,train
18204,16001,train
18205,2814,train
18206,2083,train
18207,5519,train
18208,1090,train
18209,6391,train
18210,6216,train
18211,3436,train
18213,5835,train
18214,6835,train
18215,6418,train
18216,18127,train
18217,18344,train
18218,19950,train
18219,5259,train
18220,2900,train
18221,4238,train
18222,9265,train
18223,19611,train
18225,8250,train
18227,10083,train
18228,10083,train
18229,21760,train
18230,1282,train
18231,11024,train
18233,2843,train
18237,3960,train
18238,14401,train
18239,4642,train
18241,12683,train
18242,2386,train
18243,19667,train
18244,6530,train
18245,1704,train
18246,21550,train
18247,19082,train
18249,2306,train
18251,5665,train
18253,14164,train
18254,1265,train
18255,3224,train
18257,965,train
18258,19009,train
18259,3723,train
18262,12805,train
18263,690,train
18265,6863,train
18267,7872,train
18268,685,train
18269,1720,train
18270,5741,train
18271,7527,train
18272,1228,train
18274,7101,train
18275,2390,train
18276,4611,train
18278,5283,train
18279,2750,train
18280,397,train
18281,18934,train
18282,8196,train
18283,10544,train
18284,11360,train
18285,2077,train
18286,461,train
18287,20320,train
18288,13063,train
18290,7503,train
18291,6094,train
18292,16403,train
18294,5456,train
18298,12683,train
18299,1584,train
18300,17798,train
18301,8271,train
18302,13673,train
18303,12055,train
18304,21000,train
18305,9489,train
18307,1224,train
18308,15244,train
18309,2041,train
18310,9348,train
18311,21225,train
18312,18677,train
18313,11813,train
18314,7682,train
18315,470,train
18316,16776,train
18317,5772,train
18318,7306,train
18319,19374,train
18320,2656,train
18321,4408,train
18322,1153,train
18323,5476,train
18325,19082,train
18326,2852,train
18327,2024,train
18329,2294,train
18330,3636,train
18331,19634,train
18333,3466,train
18334,4493,train
18335,6168,train
18336,6686,train
18337,3992,train
18339,470,train
18340,5790,train
18341,3526,train
18342,6435,train
18344,10261,train
18345,10323,train
18346,3711,train
18347,15244,train
18348,461,train
18349,3853,train
18350,12970,train
18351,15288,train
18352,4598,train
18353,7730,train
18354,9371,train
18355,18614,train
18356,17182,train
18357,16253,train
18358,11892,train
18359,12279,train
18360,15370,train
18361,18725,train
18362,9855,train
18366,3964,train
18368,2421,train
18369,1226,train
18370,4834,train
18371,1782,train
18372,4025,train
18373,7002,train
18374,16518,train
18375,3136,train
18376,4604,train
18378,1804,train
18379,16001,train
18380,19303,train
18381,1438,train
18385,13932,train
18386,21402,train
18387,9879,train
18388,10981,train
18389,10981,train
18390,7634,train
18391,7790,train
18394,4430,train
18395,4262,train
18396,21786,train
18399,3344,train
18402,3772,train
18403,4701,train
18404,3318,train
18406,5823,train
18407,19164,train
18408,11862,train
18409,18875,train
18410,15781,train
18411,16201,train
18412,13289,train
18413,18990,train
18414,11088,train
18415,15202,train
18418,15229,train
18419,20706,train
18420,18146,train
18423,15417,train
18424,20108,train
18427,14079,train
18428,12810,train
18429,12810,train
18430,12279,train
18433,14991,train
18434,11360,train
18435,11088,train
18436,14345,train
18437,21491,train
18439,19813,train
18440,13071,train
18441,9710,train
18442,16181,train
18443,10193,train
18444,8329,train
18445,18852,train
18447,12537,train
18449,10640,train
18450,8443,train
18451,9595,train
18452,14467,train
18453,21182,train
18454,19857,train
18455,20997,train
18456,21073,train
18457,16975,train
18458,15658,train
18459,11396,train
18460,15271,train
18461,8838,train
18462,13523,train
18465,13283,train
18466,17624,train
18467,20172,train
18468,9850,train
18469,18475,train
18470,18475,train
18471,11862,train
18472,21349,train
18474,14416,train
18475,11133,train
18476,17146,train
18478,15910,train
18479,13709,train
18480,10260,train
18481,19787,train
18482,13509,train
18483,13597,train
18484,20157,train
18485,14828,train
18486,10967,train
18487,17632,train
18488,17382,train
18489,14706,train
18491,11808,train
18492,14369,train
18493,7982,train
18494,18662,train
18495,21589,train
18496,19257,train
18497,9906,train
18498,20802,train
18500,14706,train
18502,18184,train
18503,18632,train
18504,17298,train
18505,18410,train
18507,18761,train
18508,17632,train
18509,12157,train
18510,10241,train
18511,18509,train
18512,20172,train
18513,18729,train
18514,20113,train
18515,18820,train
18516,13855,train
18517,9877,train
18522,14631,train
18524,12450,train
18527,13707,train
18528,18729,train
18529,15344,train
18530,18127,train
18531,19980,train
18532,18140,train
18533,18761,train
18534,16212,train
18535,14482,train
18536,9400,train
18538,11627,train
18539,10863,train
18540,9197,train
18541,20284,train
18542,16857,train
18543,13915,train
18544,20614,train
18545,15793,train
18546,14849,train
18547,10995,train
18550,1738,train
18551,15653,train
18552,12713,train
18553,19198,train
18554,19948,train
18555,15117,train
18556,8999,train
18557,12729,train
18558,15961,train
18559,3031,train
18560,6850,train
18561,13984,train
18562,19214,train
18563,4937,train
18564,16213,train
18565,17917,train
18566,8808,train
18567,15176,train
18568,11501,train
18569,10055,train
18570,13855,train
18571,10942,train
18572,14502,train
18573,9822,train
18574,20614,train
18575,14742,train
18576,11750,train
18577,17526,train
18578,10183,train
18579,11645,train
18580,8587,train
18581,15117,train
18582,10110,train
18583,16203,train
18584,17909,train
18585,2199,train
18587,3026,train
18588,2884,train
18589,21161,train
18590,13915,train
18591,11963,train
18593,8509,train
18594,16234,train
18595,13654,train
18598,8635,train
18599,17913,train
18600,9322,train
18601,11645,train
18602,14856,train
18603,21213,train
18604,14706,train
18606,12713,train
18607,18880,train
18608,19948,train
18610,4071,train
18614,14712,train
18615,5549,train
18616,18327,train
18617,2023,train
18619,3088,train
18621,1849,train
18622,15247,train
18623,7828,train
18624,12350,train
18626,10173,train
18627,4327,train
18629,14784,train
18630,5163,train
18631,722,train
18632,3733,train
18633,8387,train
18634,2606,train
18635,7177,train
18636,4663,train
18637,7995,train
18640,5270,train
18642,19948,train
18643,2286,train
18645,14141,train
18646,12581,train
18647,16203,train
18649,2738,train
18650,8667,train
18651,2872,train
18652,6671,train
18653,1424,train
18655,12353,train
18657,11322,train
18658,20351,train
18659,18765,train
18660,8509,train
18663,19943,train
18664,14436,train
18665,19354,train
18666,20364,train
18667,13796,train
18668,16189,train
18669,11923,train
18670,17558,train
18672,15207,train
18674,17157,train
18675,17157,train
18677,9007,train
18678,15679,train
18679,11880,train
18680,14137,train
18681,9389,train
18682,7955,train
18683,10320,train
18685,19589,train
18686,16966,train
18687,17558,train
18688,10135,train
18689,21186,train
18690,12215,train
18691,17558,train
18692,15142,train
18693,14484,train
18694,19284,train
18695,18136,train
18696,18979,train
18697,20828,train
18699,20158,train
18700,18903,train
18701,17157,train
18702,18244,train
18703,11167,train
18704,19506,train
18705,14271,train
18706,14674,train
18707,15582,train
18713,14137,train
18714,14260,train
18715,14674,train
18716,17558,train
18717,16189,train
18718,8825,train
18719,16150,train
18720,21025,train
18721,20365,train
18722,15582,train
18723,9820,train
18725,20591,train
18726,19980,train
18727,12276,train
18728,7965,train
18729,15582,train
18730,15582,train
18731,20345,train
18732,10354,train
18733,10913,train
18735,8742,train
18736,21630,train
18738,20797,train
18741,20723,train
18743,11421,train
18744,16570,train
18745,17143,train
18746,14730,train
18747,15596,train
18748,11915,train
18749,9729,train
18750,21438,train
18751,10570,train
18755,14674,train
18757,8932,train
18759,10991,train
18760,10110,train
18763,15144,train
18764,14546,train
18765,14125,train
18766,14380,train
18767,8649,train
18768,12615,train
18769,15146,train
18770,10604,train
18771,19082,train
18772,9389,train
18773,12601,train
18774,11839,train
18779,20792,train
18780,17751,train
18781,14728,train
18782,14730,train
18783,15596,train
18784,16230,train
18785,20374,train
18786,19751,train
18787,20326,train
18788,17260,train
18789,17151,train
18791,20623,train
18792,15211,train
18793,20407,train
18794,15004,train
18795,20457,train
18796,11924,train
18799,14601,train
18800,11401,train
18801,19579,train
18803,19162,train
18805,14115,train
18806,20363,train
18807,10283,train
18809,9389,train
18812,13642,train
18813,9476,train
18814,14369,train
18815,16499,train
18816,16878,train
18817,9359,train
18818,18032,train
18819,17627,train
18820,9804,train
18821,11645,train
18822,8825,train
18823,21277,train
18824,10469,train
18825,17627,train
18826,9486,train
18827,13195,train
18828,17260,train
18829,20545,train
18832,18163,train
18833,20706,train
18834,17924,train
18835,15924,train
18836,12648,train
18837,16174,train
18839,16571,train
18841,16977,train
18842,16909,train
18843,17724,train
18844,16013,train
18845,9389,train
18846,14406,train
18848,10843,train
18849,11821,train
18850,9508,train
18852,19554,train
18853,18836,train
18854,20828,train
18856,9906,train
18857,15913,train
18858,21178,train
18860,9826,train
18861,16005,train
18862,15755,train
18863,21014,train
18864,9768,train
18865,14566,train
18866,18769,train
18867,10292,train
18868,12023,train
18869,18644,train
18870,11734,train
18872,14020,train
18873,8462,train
18875,8299,train
18877,16582,train
18879,10034,train
18880,19797,train
18881,13621,train
18883,17404,train
18884,21341,train
18885,12730,train
18887,18644,train
18889,18512,train
18890,21206,train
18892,10981,train
18893,8320,train
18894,12487,train
18896,8734,train
18897,20412,train
18898,17392,train
18899,15793,train
18900,11892,train
18901,19579,train
18902,13915,train
18903,13283,train
18904,12554,train
18905,9509,train
18906,21536,train
18907,17360,train
18909,13283,train
18910,17617,train
18911,15173,train
18912,21614,train
18915,10755,train
18917,18483,train
18919,15793,train
18920,11691,train
18921,8280,train
18922,11210,train
18923,8866,train
18924,18943,train
18925,14305,train
18926,14473,train
18928,10517,train
18929,11756,train
18930,18943,train
18931,19710,train
18932,20678,train
18933,8094,train
18934,8443,train
18935,19707,train
18936,8098,train
18938,20385,train
18939,10292,train
18940,16253,train
18941,14140,train
18942,9447,train
18943,12215,train
18944,16488,train
18946,17617,train
18947,13615,train
18948,18943,train
18949,10751,train
18950,8087,train
18951,16257,train
18952,19808,train
18953,16180,train
18954,16213,train
18955,19808,train
18956,16253,train
18957,12431,train
18958,11129,train
18959,13850,train
18960,21681,train
18961,20678,train
18962,8865,train
18963,12150,train
18964,13798,train
18965,18678,train
18966,20500,train
18967,19579,train
18968,18560,train
18970,12754,train
18971,20678,train
18972,11133,train
18973,9522,train
18976,21770,train
18977,15783,train
18978,18914,train
18979,18244,train
18980,18340,train
18981,10578,train
18983,19608,train
18984,18091,train
18985,16267,train
18986,15671,train
18987,11647,train
18988,18895,train
18989,16253,train
18990,21773,train
18991,12187,train
18992,15385,train
18993,19841,train
18994,10482,train
18995,14409,train
18996,19427,train
18997,9261,train
18998,11423,train
18999,7972,train
19000,16185,train
19001,13932,train
19002,10142,train
19003,21584,train
19004,11349,train
19005,13932,train
19006,18828,train
19007,19354,train
19008,13631,train
19009,8655,train
19010,12311,train
19011,10993,train
19012,11349,train
19014,10390,train
19015,17045,train
19016,10332,train
19018,14643,train
19019,11319,train
19020,11892,train
19021,13832,train
19022,19344,train
19023,19841,train
19024,15387,train
19026,19611,train
19027,12735,train
19028,10049,train
19029,10344,train
19030,18644,train
19031,13024,train
19032,9507,train
19033,14491,train
19035,11053,train
19036,20731,train
19037,12061,train
19038,18298,train
19039,8808,train
19040,20284,train
19041,16613,train
19043,15387,train
19045,15792,train
19046,9224,train
19047,17891,train
19048,9784,train
19049,15629,train
19050,18147,train
19051,8380,train
19052,19093,train
19055,12312,train
19056,21242,train
19057,10998,train
19058,15523,train
19059,14137,train
19060,17614,train
19061,14219,train
19062,16203,train
19063,9025,train
19064,19710,train
19065,9120,train
19068,9640,train
19069,10998,train
19070,15254,train
19071,18644,train
19072,14864,train
19075,9266,train
19076,16275,train
19078,9380,train
19079,13615,train
19080,18415,train
19083,10426,train
19084,18091,train
19085,10257,train
19086,10998,train
19087,16550,train
19088,15612,train
19089,10904,train
19090,16878,train
19091,10998,train
19092,10257,train
19093,19262,train
19094,21026,train
19095,10866,train
19096,19950,train
19098,18176,train
19099,10998,train
19100,17918,train
19101,10579,train
19102,12776,train
19103,17547,train
19105,9290,train
19106,13141,train
19107,14514,train
19108,16189,train
19109,8629,train
19110,17153,train
19111,18994,train
19112,10144,train
19114,21561,train
19115,17153,train
19116,8625,train
19117,8176,train
19118,9224,train
19119,11249,train
19120,19828,train
19121,19214,train
19122,21133,train
19123,16187,train
19124,8630,train
19125,10257,train
19126,14141,train
19127,18994,train
19128,20420,train
19129,10408,train
19130,13513,train
19131,11017,train
19132,10197,train
19133,21514,train
19135,20840,train
19137,17779,train
19138,9641,train
19139,19152,train
19140,15780,train
19141,18485,train
19142,9333,train
19143,19746,train
19144,8217,train
19145,14271,train
19146,16952,train
19148,9263,train
19149,12312,train
19150,13686,train
19151,19933,train
19152,13001,train
19153,16150,train
19154,10598,train
19155,11017,train
19156,18786,train
19157,14649,train
19158,13330,train
19159,20930,train
19160,13654,train
19162,14566,train
19163,15844,train
19166,11803,train
19167,15962,train
19168,18189,train
19170,20840,train
19171,8851,train
19172,14809,train
19173,18737,train
19174,16036,train
19175,8976,train
19176,13281,train
19177,21042,train
19178,21726,train
19179,8567,train
19180,20374,train
19181,10049,train
19182,21378,train
19183,17590,train
19184,16180,train
19185,17172,train
19186,18470,train
19189,11354,train
19191,17983,train
19192,20840,train
19193,14974,train
19197,21459,train
19198,21301,train
19199,10811,train
19200,13929,train
19202,15393,train
19203,16584,train
19204,9104,train
19206,19195,train
19207,14067,train
19211,17850,train
19214,15170,train
19215,19714,train
19216,21360,train
19218,20858,train
19219,11420,train
19220,21360,train
19221,17656,train
19222,15618,train
19223,16984,train
19224,8557,train
19225,20031,train
19227,20686,train
19228,14549,train
19229,14281,train
19230,11823,train
19233,13117,train
19234,11207,train
19235,21598,train
19236,19736,train
19237,8317,train
19238,14768,train
19239,14980,train
19240,19934,train
19241,18364,train
19242,10180,train
19243,18242,train
19244,9382,train
19245,13817,train
19246,11006,train
19247,10696,train
19248,9058,train
19249,18080,train
19252,19276,train
19253,21741,train
19255,17921,train
19257,11548,train
19258,8453,train
19259,8706,train
19260,8883,train
19261,14160,train
19263,18242,train
19264,13785,train
19265,9022,train
19266,18443,train
19269,15516,train
19270,15516,train
19272,18452,train
19273,21788,train
19274,13987,train
19275,20342,train
19277,18079,train
19278,10173,train
19279,8051,train
19280,8504,train
19281,18903,train
19282,21173,train
19285,8275,train
19288,16508,train
19290,17777,train
19294,16508,train
19295,19886,train
19296,16281,train
19297,11825,train
19299,16508,train
19301,13244,train
19302,15903,train
19303,10883,train
19304,8968,train
19306,15786,train
19307,15418,train
19308,9109,train
19310,16082,train
19311,15440,train
19312,8602,train
19315,12282,train
19317,9101,train
19318,12848,train
19320,18748,train
19322,12646,train
19323,16177,train
19325,16658,train
19326,9810,train
19327,9844,train
19329,19619,train
19331,13830,train
19332,19339,train
19335,19882,train
19336,9592,train
19337,18247,train
19338,11970,train
19339,13881,train
19340,18943,train
19341,8334,train
19342,16398,train
19344,14842,train
19346,12340,train
19347,12990,train
19348,12031,train
19349,8283,train
19351,13661,train
19352,8349,train
19354,20726,train
19356,20518,train
19358,20594,train
19359,17137,train
19360,21711,train
19362,15555,train
19363,20499,train
19364,8767,train
19365,13516,train
19369,18943,train
19371,19680,train
19372,20726,train
19373,16399,train
19374,19680,train
19375,11849,train
19377,8614,train
19378,10179,train
19379,14916,train
19380,10304,train
19381,10449,train
19382,10261,train
19383,20726,train
19384,21388,train
19385,11461,train
19386,11018,train
19387,15245,train
19389,8879,train
19390,20090,train
19391,14394,train
19392,14454,train
19393,14623,train
19394,19108,train
19395,19801,train
19397,10392,train
19398,15758,train
19400,12850,train
19401,16248,train
19403,9525,train
19404,9858,train
19405,12899,train
19406,14395,train
19407,20647,train
19410,17452,train
19411,12550,train
19413,11628,train
19414,18028,train
19415,20726,train
19416,10516,train
19417,10529,train
19418,8283,train
19419,7950,train
19421,16343,train
19422,16643,train
19423,20549,train
19425,17961,train
19426,20726,train
19429,10819,train
19430,18092,train
19431,19451,train
19433,14542,train
19434,9321,train
19435,8435,train
19436,13587,train
19437,14874,train
19438,11883,train
19439,14029,train
19440,18423,train
19441,15684,train
19442,8576,train
19443,12687,train
19445,9069,train
19446,20698,train
19447,12996,train
19449,12870,train
19450,9069,train
19451,13130,train
19452,11072,train
19453,17285,train
19454,20092,train
19455,15787,train
19456,21311,train
19457,8843,train
19459,12139,train
19460,19834,train
19462,15787,train
19463,17879,train
19464,21276,train
19465,19016,train
19467,12705,train
19468,8391,train
19469,12390,train
19470,9771,train
19471,21467,train
19472,12460,train
19473,14327,train
19474,21155,train
19475,20131,train
19476,11690,train
19477,21321,train
19478,12502,train
19479,13142,train
19480,16404,train
19481,19791,train
19482,19791,train
19483,11459,train
19484,12756,train
19485,12391,train
19486,11883,train
19487,8775,train
19488,13515,train
19489,13143,train
19490,13537,train
19491,16344,train
19492,17762,train
19493,15908,train
19495,13277,train
19496,10247,train
19497,12940,train
19498,10034,train
19499,14709,train
19500,12418,train
19501,21711,train
19502,18588,train
19503,13183,train
19504,9142,train
19505,8453,train
19506,9525,train
19508,12308,train
19509,11704,train
19510,15866,train
19511,11022,train
19512,20442,train
19513,18935,train
19514,15471,train
19515,19391,train
19516,12922,train
19518,19143,train
19519,17285,train
19520,18078,train
19521,12610,train
19522,20442,train
19523,8576,train
19524,8576,train
19525,20849,train
19527,12026,train
19528,17285,train
19529,12259,train
19530,10235,train
19531,12297,train
19532,17747,train
19533,15954,train
19535,13515,train
19536,17883,train
19537,8926,train
19538,9326,train
19539,17285,train
19540,16493,train
19541,16406,train
19542,17634,train
19543,16228,train
19544,10596,train
19546,10657,train
19548,17853,train
19549,20287,train
19550,21033,train
19551,8549,train
19552,12575,train
19554,17159,train
19555,11226,train
19556,11878,train
19557,9228,train
19558,20217,train
19559,15827,train
19560,12610,train
19561,8942,train
19562,12454,train
19563,17285,train
19564,16145,train
19565,8565,train
19566,8942,train
19567,20300,train
19568,20442,train
19569,14112,train
19570,13422,train
19573,10245,train
19574,10721,train
19575,12872,train
19576,9268,train
19577,9469,train
19578,14294,train
19579,9655,train
19580,15213,train
19581,17515,train
19582,14628,train
19583,12494,train
19584,15776,train
19585,9492,train
19586,10152,train
19587,13272,train
19588,21791,train
19589,20518,train
19590,19412,train
19591,9655,train
19592,17515,train
19593,19986,train
19594,15995,train
19595,20399,train
19596,12533,train
19597,11658,train
19598,9349,train
19600,14294,train
19601,13623,train
19602,20528,train
19603,21482,train
19604,8364,train
19606,7994,train
19607,11618,train
19608,19660,train
19609,10363,train
19610,21615,train
19611,15776,train
19612,13697,train
19613,12687,train
19614,11858,train
19615,14529,train
19616,16145,train
19617,8616,train
19618,18906,train
19619,16904,train
19620,16349,train
19621,17041,train
19622,15995,train
19623,9438,train
19624,20798,train
19625,18382,train
19626,20528,train
19627,21331,train
19628,12556,train
19629,20072,train
19630,15451,train
19631,16010,train
19633,18657,train
19634,16215,train
19635,21525,train
19636,12556,train
19637,11781,train
19638,19791,train
19639,18639,train
19640,20391,train
19641,17515,train
19642,20541,train
19643,21602,train
19644,19335,train
19645,9052,train
19646,17943,train
19647,21602,train
19648,9460,train
19650,16964,train
19651,20528,train
19652,21717,train
19653,12379,train
19654,19773,train
19655,21399,train
19656,20371,train
19657,12386,train
19658,21591,train
19659,15079,train
19660,13325,train
19662,11123,train
19666,11409,train
19667,17515,train
19668,21602,train
19671,18982,train
19672,20242,train
19673,10968,train
19674,19703,train
19675,11596,train
19676,9045,train
19677,8950,train
19678,21318,train
19679,19962,train
19680,20391,train
19681,20150,train
19682,16375,train
19683,19321,train
19685,21260,train
19687,16215,train
19688,17802,train
19689,12494,train
19690,17357,train
19691,10371,train
19692,19092,train
19693,18382,train
19694,19703,train
19696,20150,train
19697,19847,train
19698,10136,train
19699,13604,train
19700,12468,train
19704,19976,train
19705,21001,train
19706,21097,train
19707,11800,train
19708,12094,train
19709,14279,train
19712,10830,train
19713,8071,train
19714,15419,train
19715,13950,train
19716,18982,train
19717,9876,train
19718,18822,train
19720,11585,train
19721,10830,train
19722,10715,train
19724,14377,train
19725,9894,train
19727,14352,train
19728,8319,train
19729,11300,train
19730,11559,train
19731,16079,train
19732,10959,train
19733,15806,train
19734,15199,train
19735,8737,train
19736,17943,train
19738,13035,train
19739,9223,train
19740,16247,train
19741,8283,train
19742,9694,train
19743,9223,train
19744,20529,train
19745,21251,train
19746,14810,train
19747,13812,train
19748,21251,train
19749,19258,train
19750,15431,train
19751,20578,train
19752,16244,train
19753,15495,train
19754,21436,train
19755,19045,train
19756,20314,train
19757,8301,train
19758,8954,train
19759,15825,train
19760,15069,train
19761,20323,train
19762,20882,train
19763,10810,train
19764,19259,train
19765,11286,train
19766,9974,train
19767,10719,train
19768,18766,train
19769,17986,train
19770,12678,train
19771,19075,train
19772,12233,train
19773,12454,train
19774,19566,train
19775,10985,train
19776,18501,train
19777,19166,train
19778,21736,train
19779,18921,train
19781,10719,train
19782,21522,train
19783,15143,train
19784,11181,train
19786,20943,train
19787,20968,train
19789,15020,train
19790,13005,train
19791,12386,train
19792,9673,train
19793,15553,train
19794,15684,train
19797,10807,train
19798,21085,train
19799,13511,train
19800,9228,train
19801,12529,train
19803,16459,train
19804,14836,train
19805,8898,train
19806,12637,train
19807,21152,train
19808,9288,train
19809,9852,train
19810,9851,train
19812,14497,train
19813,9524,train
19814,15825,train
19815,8021,train
19816,13302,train
19817,17457,train
19818,20622,train
19819,9248,train
19820,17417,train
19821,16004,train
19822,18308,train
19823,19816,train
19824,9223,train
19825,14862,train
19826,13294,train
19827,16459,train
19828,16421,train
19829,17380,train
19830,14946,train
19831,15664,train
19832,12529,train
19833,20944,train
19834,16444,train
19835,17467,train
19836,18424,train
19837,18885,train
19838,18472,train
19839,10474,train
19840,10152,train
19841,18958,train
19842,15825,train
19843,18922,train
19844,17380,train
19845,8104,train
19846,12424,train
19847,11460,train
19849,15825,train
19850,8422,train
19851,10242,train
19852,9628,train
19854,14009,train
19856,18912,train
19857,19908,train
19860,14276,train
19861,19719,train
19862,9223,train
19863,21005,train
19864,15825,train
19865,8080,train
19866,15723,train
19868,8279,train
19869,17510,train
19870,10816,train
19871,8467,train
19872,15825,train
19873,14857,train
19874,8251,train
19875,19686,train
19876,8467,train
19879,8403,train
19880,17625,train
19881,17625,train
19883,14450,train
19885,14373,train
19886,16976,train
19887,21592,train
19888,8195,train
19889,21717,train
19891,18841,train
19892,15707,train
19894,8938,train
19895,11519,train
19896,13495,train
19897,11964,train
19898,14450,train
19899,11093,train
19900,19307,train
19901,21558,train
19902,14636,train
19903,21287,train
19904,20318,train
19905,11526,train
19907,15360,train
19908,13006,train
19909,12950,train
19910,16001,train
19911,14638,train
19912,8403,train
19913,20661,train
19915,19688,train
19916,18449,train
19917,9831,train
19918,18300,train
19919,16107,train
19921,21479,train
19922,19121,train
19923,9651,train
19925,20318,train
19926,13038,train
19927,19281,train
19930,13151,train
19931,20094,train
19932,18462,train
19933,14430,train
19934,18771,train
19936,14812,train
19937,14666,train
19938,19747,train
19939,19747,train
19940,13495,train
19941,20318,train
19943,12177,train
19944,9747,train
19945,8341,train
19946,20134,train
19947,10056,train
19948,15181,train
19949,10838,train
19950,18417,train
19952,20318,train
19954,19312,train
19957,10838,train
19958,10838,train
19961,11675,train
19962,21479,train
19963,17519,train
19964,10723,train
19965,13130,train
19966,11094,train
19967,21033,train
19968,14725,train
19969,16558,train
19970,12395,train
19971,21211,train
19972,12395,train
19973,20627,train
19975,18519,train
19976,20080,train
19977,11971,train
19979,9615,train
19980,10053,train
19982,13623,train
19983,20318,train
19984,13278,train
19985,14450,train
19986,13916,train
19988,11627,train
19989,19487,train
19991,8341,train
19992,21743,train
19993,8414,train
19994,13995,train
19995,21595,train
19996,21717,train
19997,11639,train
19998,11431,train
19999,11679,train
20000,17638,train
20001,18065,train
20002,10795,train
20003,8282,train
20004,20318,train
20005,20318,train
20006,13571,train
20007,10972,train
20008,18293,train
20009,8966,train
20010,19227,train
20011,13989,train
20012,12177,train
20013,12136,train
20014,16435,train
20015,20882,train
20016,11364,train
20017,8366,train
20018,12395,train
20019,11881,train
20020,14450,train
20021,11881,train
20022,11771,train
20025,11721,train
20026,21521,train
20027,13731,train
20028,19904,train
20029,16758,train
20030,11204,train
20031,18351,train
20032,8950,train
20033,9455,train
20034,9972,train
20035,17132,train
20036,19281,train
20038,12885,train
20039,18958,train
20040,11881,train
20041,18547,train
20042,11453,train
20043,17302,train
20044,19340,train
20045,21331,train
20046,14364,train
20047,15574,train
20048,21204,train
20050,16672,train
20051,8713,train
20052,13861,train
20053,8097,train
20054,11215,train
20055,17424,train
20056,10871,train
20057,14801,train
20058,8650,train
20059,21595,train
20060,21720,train
20061,21287,train
20062,16615,train
20063,20645,train
20064,15469,train
20065,16672,train
20066,21736,train
20067,9930,train
20069,11574,train
20070,13495,train
20071,8279,train
20072,8713,train
20073,16622,train
20074,19959,train
20075,20629,train
20076,10143,train
20077,14240,train
20078,20645,train
20080,10795,train
20081,10795,train
20082,17744,train
20083,20782,train
20086,20645,train
20087,9835,train
20088,20645,train
20090,20645,train
20091,13425,train
20093,9670,train
20094,12789,train
20095,16672,train
20096,15002,train
20097,16615,train
20098,21489,train
20099,12764,train
20101,21717,train
20103,8920,train
20104,20903,train
20106,14112,train
20107,16735,train
20108,21251,train
20109,19132,train
20110,17415,train
20112,19649,train
20113,12358,train
20115,21635,train
20116,12142,train
20119,21671,train
20121,20541,train
20122,20616,train
20123,10864,train
20124,20616,train
20125,19289,train
20126,16271,train
20128,20077,train
20129,9154,train
20130,15386,train
20133,8280,train
20134,15069,train
20135,15354,train
20136,9298,train
20138,21720,train
20139,13914,train
20140,21479,train
20142,15388,train
20144,11096,train
20145,13064,train
20146,19185,train
20147,15376,train
20150,19517,train
20153,9209,train
20154,15936,train
20155,12216,train
20156,19548,train
20157,18616,train
20158,18616,train
20159,18616,train
20160,17408,train
20161,21479,train
20162,8098,train
20163,19706,train
20164,8950,train
20165,11897,train
20166,15782,train
20167,13304,train
20168,18484,train
20169,14421,train
20170,20743,train
20171,21720,train
20172,13626,train
20173,12468,train
20174,20081,train
20175,13398,train
20176,13107,train
20177,21391,train
20178,13626,train
20179,10392,train
20180,12378,train
20181,19215,train
20182,20212,train
20183,16969,train
20184,15469,train
20185,8400,train
20186,11704,train
20187,14273,train
20188,11835,train
20189,16383,train
20190,21039,train
20191,20463,train
20192,13305,train
20193,9375,train
20194,18343,train
20195,14494,train
20196,12764,train
20197,19875,train
20200,17329,train
20201,18498,train
20202,21389,train
20203,18785,train
20204,18343,train
20205,18343,train
20206,18343,train
20207,20832,train
20208,15238,train
20209,8627,train
20210,19075,train
20212,19231,train
20213,20639,train
20215,14002,train
20216,14252,train
20217,19231,train
20218,8652,train
20219,9089,train
20221,14138,train
20222,12752,train
20223,19022,train
20225,14221,train
20226,15927,train
20227,17239,train
20228,15072,train
20229,14252,train
20230,12676,train
20231,17135,train
20232,17135,train
20233,15553,train
20234,20932,train
20235,20177,train
20237,12544,train
20238,20445,train
20239,20463,train
20244,11846,train
20246,21252,train
20248,19384,train
20249,9331,train
20250,21428,train
20251,13010,train
20253,11173,train
20254,13010,train
20255,13651,train
20256,15708,train
20257,16178,train
20258,9216,train
20260,11376,train
20261,16314,train
20262,17644,train
20263,12911,train
20264,15271,train
20265,10425,train
20266,18688,train
20268,12381,train
20269,14214,train
20271,20340,train
20273,19625,train
20275,21540,train
20276,21620,train
20277,17541,train
20278,18098,train
20281,14148,train
20282,19581,train
20283,11138,train
20285,11740,train
20286,13708,train
20287,10503,train
20289,8332,train
20290,15569,train
20291,13201,train
20292,16736,train
20293,20112,train
20294,18247,train
20296,16511,train
20297,8208,train
20298,16624,train
20299,10795,train
20300,16521,train
20302,17968,train
20303,10470,train
20305,9608,train
20306,12126,train
20307,14736,train
20309,15327,train
20310,20580,train
20311,20580,train
20312,20580,train
20314,9334,train
20315,10365,train
20316,18190,train
20318,21406,train
20319,20248,train
20320,15311,train
20321,12524,train
20322,16188,train
20323,12964,train
20324,19081,train
20325,20660,train
20326,18815,train
20327,13632,train
20328,18135,train
20329,14347,train
20331,19482,train
20332,19649,train
20333,9130,train
20334,20841,train
20335,10731,train
20336,8758,train
20337,15907,train
20338,17424,train
20339,15402,train
20340,20852,train
20341,21591,train
20342,11336,train
20343,18531,train
20344,11589,train
20345,8749,train
20346,10476,train
20347,8177,train
20348,15099,train
20349,11790,train
20350,8404,train
20352,15185,train
20353,10002,train
20354,20841,train
20357,9395,train
20358,9830,train
20359,9929,train
20361,11390,train
20363,8780,train
20364,13295,train
20365,19081,train
20366,19373,train
20367,19081,train
20368,20494,train
20370,19020,train
20371,11390,train
20372,20827,train
20373,11593,train
20374,9312,train
20375,11390,train
20377,13632,train
20379,20710,train
20380,10891,train
20381,12559,train
20382,18305,train
20383,16088,train
20384,10891,train
20385,14844,train
20386,13632,train
20388,15778,train
20389,21400,train
20390,11458,train
20391,13752,train
20392,8658,train
20394,17612,train
20395,12135,train
20396,16848,train
20397,21327,train
20398,11875,train
20399,13295,train
20400,12258,train
20404,13295,train
20405,9977,train
20407,9480,train
20408,20719,train
20409,15989,train
20410,15637,train
20411,18958,train
20412,15007,train
20413,17931,train
20414,13173,train
20415,15765,train
20416,19909,train
20417,15007,train
20418,9345,train
20419,15621,train
20420,15989,train
20421,20281,train
20422,18839,train
20423,15007,train
20424,12643,train
20425,19692,train
20426,8469,train
20427,17824,train
20428,10477,train
20429,16195,train
20430,11163,train
20431,8398,train
20432,13826,train
20433,18958,train
20434,20216,train
20435,15765,train
20436,17769,train
20437,21539,train
20438,13138,train
20439,19110,train
20440,16209,train
20441,11506,train
20442,18117,train
20443,21460,train
20444,15637,train
20445,13118,train
20446,20472,train
20447,19021,train
20449,15765,train
20450,15859,train
20452,13314,train
20453,15765,train
20454,8273,train
20455,13724,train
20456,11462,train
20457,15181,train
20458,15765,train
20459,17576,train
20460,19652,train
20461,20941,train
20462,18554,train
20463,17574,train
20464,18756,train
20465,15765,train
20466,14605,train
20467,14480,train
20468,13138,train
20469,18141,train
20470,12345,train
20471,11505,train
20472,17881,train
20473,14787,train
20474,16265,train
20475,15859,train
20476,12037,train
20477,20388,train
20478,15859,train
20479,10898,train
20480,9297,train
20481,15765,train
20483,19505,train
20484,20114,train
20485,8075,train
20486,19909,train
20487,16851,train
20488,20590,train
20489,16606,train
20490,11505,train
20491,20239,train
20492,17695,train
20493,18488,train
20494,11427,train
20495,15765,train
20496,10348,train
20497,8577,train
20498,16491,train
20500,18373,train
20501,18184,train
20502,18332,train
20503,13603,train
20504,20304,train
20505,18758,train
20506,19043,train
20507,11427,train
20508,19528,train
20509,15785,train
20510,15421,train
20511,11462,train
20512,10346,train
20513,13632,train
20514,8577,train
20516,19218,train
20517,12965,train
20518,8577,train
20519,11462,train
20520,20210,train
20521,17710,train
20522,21704,train
20524,13392,train
20525,17651,train
20526,11707,train
20527,13365,train
20528,18841,train
20529,19666,train
20530,10966,train
20531,10489,train
20532,11426,train
20533,13715,train
20534,13291,train
20535,14605,train
20537,11550,train
20538,13988,train
20539,17471,train
20540,19095,train
20541,18969,train
20542,12597,train
20543,21602,train
20544,15403,train
20545,21330,train
20546,9847,train
20547,13860,train
20548,13084,train
20550,19248,train
20552,19644,train
20553,18431,train
20554,15346,train
20555,20224,train
20556,15175,train
20557,8355,train
20558,21602,train
20559,17550,train
20560,20224,train
20562,12221,train
20565,13176,train
20567,9901,train
20568,20587,train
20569,8918,train
20570,19503,train
20571,10714,train
20572,18944,train
20573,17521,train
20574,11175,train
20575,19095,train
20577,12782,train
20578,21246,train
20579,11507,train
20580,17848,train
20581,19146,train
20582,18190,train
20583,9559,train
20584,18919,train
20586,17902,train
20588,18108,train
20589,10040,train
20590,21150,train
20591,15140,train
20592,13752,train
20593,17068,train
20594,13746,train
20595,21157,train
20596,12315,train
20597,18762,train
20598,12271,train
20599,7978,train
20600,10992,train
20601,16457,train
20604,15327,train
20605,18414,train
20607,11650,train
20608,19306,train
20609,16001,train
20610,9896,train
20611,18108,train
20612,19297,train
20613,10823,train
20615,8066,train
20616,17562,train
20617,15728,train
20618,10302,train
20619,18104,train
20620,18414,train
20621,12075,train
20622,10376,train
20623,10521,train
20625,14235,train
20626,15854,train
20627,15479,train
20628,9726,train
20629,14330,train
20630,14386,train
20631,18414,train
20632,10823,train
20633,19914,train
20634,15688,train
20635,20896,train
20637,13414,train
20638,15384,train
20639,20460,train
20640,10302,train
20641,19056,train
20643,14330,train
20644,15728,train
20647,9009,train
20648,17574,train
20649,11833,train
20650,11278,train
20651,20814,train
20652,7978,train
20653,14431,train
20654,12515,train
20655,8996,train
20656,14713,train
20657,21157,train
20659,13902,train
20660,20428,train
20662,10636,train
20663,17376,train
20664,18414,train
20665,17174,train
20666,21135,train
20667,13856,train
20668,15928,train
20669,19843,train
20672,16608,train
20673,19556,train
20675,12744,train
20676,9635,train
20677,14259,train
20678,11740,train
20679,11516,train
20680,19155,train
20681,12250,train
20682,20667,train
20683,17959,train
20685,11033,train
20686,9009,train
20687,15381,train
20688,11227,train
20689,8215,train
20690,13861,train
20691,11987,train
20692,17635,train
20693,12947,train
20694,15327,train
20695,8373,train
20696,20443,train
20697,13700,train
20698,14603,train
20699,11507,train
20700,13584,train
20701,10970,train
20702,20082,train
20703,8433,train
20704,9030,train
20705,17968,train
20707,12611,train
20708,19155,train
20709,16151,train
20710,8718,train
20711,20218,train
20712,9466,train
20713,12819,train
20714,9484,train
20715,11228,train
20717,16416,train
20718,10089,train
20719,16417,train
20720,20908,train
20721,18611,train
20723,14575,train
20725,19248,train
20726,8220,train
20727,10898,train
20728,14303,train
20729,9958,train
20731,8220,train
20732,11336,train
20733,18626,train
20734,11336,train
20735,8632,train
20738,12126,train
20739,21151,train
20740,8220,train
20741,10089,train
20742,9514,train
20743,18841,train
20744,15116,train
20745,19248,train
20746,19874,train
20747,12330,train
20748,8220,train
20749,19560,train
20750,13336,train
20751,11115,train
20752,17444,train
20754,17686,train
20755,9193,train
20756,8428,train
20757,8220,train
20758,8758,train
20759,11316,train
20760,19736,train
20761,13409,train
20762,16480,train
20763,11231,train
20764,19229,train
20765,21707,train
20766,8455,train
20767,21054,train
20768,12947,train
20769,8869,train
20770,14901,train
20771,17672,train
20772,16981,train
20773,16423,train
20774,14314,train
20777,16300,train
20778,11004,train
20779,20414,train
20780,20873,train
20781,12947,train
20782,11115,train
20783,18482,train
20784,21440,train
20785,18167,train
20788,11420,train
20789,8272,train
20790,13544,train
20792,8117,train
20793,11274,train
20794,8914,train
20795,13336,train
20796,11957,train
20797,8472,train
20798,8117,train
20799,17001,train
20800,8836,train
20802,10622,train
20803,13834,train
20804,15928,train
20805,10979,train
20806,12156,train
20807,19119,train
20808,19118,train
20810,18930,train
20811,10792,train
20812,8778,train
20813,8621,train
20814,11986,train
20815,8117,train
20816,13579,train
20817,13632,train
20818,9614,train
20819,13056,train
20821,14637,train
20822,9406,train
20823,15695,train
20824,10992,train
20825,20624,train
20826,9733,train
20827,15299,train
20828,11073,train
20829,14616,train
20830,13752,train
20832,15452,train
20838,20715,train
20839,9537,train
20841,8573,train
20842,9248,train
20844,8466,train
20845,13905,train
20846,13342,train
20847,12156,train
20848,21128,train
20849,17080,train
20850,8778,train
20851,14616,train
20852,11048,train
20853,13727,train
20854,8794,train
20855,9733,train
20856,21663,train
20857,16609,train
20858,14263,train
20860,15318,train
20861,13364,train
20862,9733,train
20863,21022,train
20864,17444,train
20866,21789,train
20867,18773,train
20868,9384,train
20869,11475,train
20870,19241,train
20871,13907,train
20872,14748,train
20874,11871,train
20875,10087,train
20876,17977,train
20877,11871,train
20879,17946,train
20880,13430,train
20881,12797,train
20882,19543,train
20883,18574,train
20884,15246,train
20885,9384,train
20886,13303,train
20888,11338,train
20889,9878,train
20890,21128,train
20894,9337,train
20895,14082,train
20896,18892,train
20897,10204,train
20898,8075,train
20899,16968,train
20900,10915,train
20901,19930,train
20903,20350,train
20904,12983,train
20906,8758,train
20907,15230,train
20908,19930,train
20909,18216,train
20910,8688,train
20911,15464,train
20912,8919,train
20913,14605,train
20914,14306,train
20915,17902,train
20916,8502,train
20917,19711,train
20918,17379,train
20919,13801,train
20920,16738,train
20921,9966,train
20923,8314,train
20924,11343,train
20925,13790,train
20926,20496,train
20927,19817,train
20928,18927,train
20929,10852,train
20930,12221,train
20931,18675,train
20932,8314,train
20933,8579,train
20934,18216,train
20935,13120,train
20936,19711,train
20937,16160,train
20938,21023,train
20940,16567,train
20941,19711,train
20942,17890,train
20944,20868,train
20945,8065,train
20947,10137,train
20948,8473,train
20949,9461,train
20951,17138,train
20952,19538,train
20953,13120,train
20954,12103,train
20955,12731,train
20956,20224,train
20957,21272,train
20959,18260,train
20960,13578,train
20961,11178,train
20962,20544,train
20963,13086,train
20964,12733,train
20965,8441,train
20967,13969,train
20968,14120,train
20969,21709,train
20970,18531,train
20971,11623,train
20972,13086,train
20973,21566,train
20975,13086,train
20976,15421,train
20977,18992,train
20978,12699,train
20979,12699,train
20980,9652,train
20981,17333,train
20982,9712,train
20983,20248,train
20984,18675,train
20985,18675,train
20986,18675,train
20987,18675,train
20988,18675,train
20989,21272,train
20990,10202,train
20991,19133,train
20992,8381,train
20993,8679,train
20994,14968,train
20995,8506,train
20996,11343,train
20997,11947,train
20998,20771,train
20999,21237,train
21000,13578,train
21001,14914,train
21002,13813,train
21003,17024,train
21005,21138,train
21006,19097,train
21007,8519,train
21008,11074,train
21009,8888,train
21010,18675,train
21012,17251,train
21013,9337,train
21014,8824,train
21015,19591,train
21016,19097,train
21018,8074,train
21019,11099,train
21020,19591,train
21022,16729,train
21024,11374,train
21025,8163,train
21026,19591,train
21027,13740,train
21029,16504,train
21030,13397,train
21031,8519,train
21032,20658,train
21033,13579,train
21034,21642,train
21035,8022,train
21037,8055,train
21038,18425,train
21039,12955,train
21040,18531,train
21041,9785,train
21042,8447,train
21043,16893,train
21044,17710,train
21045,8210,train
21046,8210,train
21047,20482,train
21048,8230,train
21049,13742,train
21050,20595,train
21051,19503,train
21052,8022,train
21053,8055,train
21054,17948,train
21055,19134,train
21056,8055,train
21057,16986,train
21058,19216,train
21059,18425,train
21060,8210,train
21063,18425,train
21064,10185,train
21065,8447,train
21066,12650,train
21067,12820,train
21068,16154,train
21069,9909,train
21070,9074,train
21072,18607,train
21073,8717,train
21074,11565,train
21075,18212,train
21076,17278,train
21077,8055,train
21078,12568,train
21079,8210,train
21080,19182,train
21081,20669,train
21082,13432,train
21083,13575,train
21084,10123,train
21086,20640,train
21087,20082,train
21088,13665,train
21089,19664,train
21090,20775,train
21091,20775,train
21092,20788,train
21095,19649,train
21096,12692,train
21097,10714,train
21098,18522,train
21100,18211,train
21101,20844,train
21102,8933,train
21105,14062,train
21106,9502,train
21107,10609,train
21108,15106,train
21109,8734,train
21110,16871,train
21112,9704,train
21113,14058,train
21114,8406,train
21115,19595,train
21116,8598,train
21118,8598,train
21119,13592,train
21120,8953,train
21121,16658,train
21122,8328,train
21123,11925,train
21124,11876,train
21125,11030,train
21126,11252,train
21127,12231,train
21128,21057,train
21129,8711,train
21130,20668,train
21131,18118,train
21132,15667,train
21133,10753,train
21134,10278,train
21135,16627,train
21136,18495,train
21137,10281,train
21138,11907,train
21139,9736,train
21140,18376,train
21141,17975,train
21142,19140,train
21143,19140,train
21144,8840,train
21145,16753,train
21146,12288,train
21147,15329,train
21149,16855,train
21150,14330,train
21151,15347,train
21152,17766,train
21153,11079,train
21154,14011,train
21155,15615,train
21156,11673,train
21157,18580,train
21158,12145,train
21159,20264,train
21160,10099,train
21162,10589,train
21164,19594,train
21166,17726,train
21167,16907,train
21168,10099,train
21169,10099,train
21170,10099,train
21171,10099,train
21172,10099,train
21174,12466,train
21175,8801,train
21176,14011,train
21178,11673,train
21179,20922,train
21180,18255,train
21182,15347,train
21183,11252,train
21184,19740,train
21185,14124,train
21186,8840,train
21187,20204,train
21188,16803,train
21189,10595,train
21190,9462,train
21191,14624,train
21192,13917,train
21193,21381,train
21194,18118,train
21195,14200,train
21196,9596,train
21197,17261,train
21198,18790,train
21199,18752,train
21200,10350,train
21201,19646,train
21202,18118,train
21203,17786,train
21204,12479,train
21206,20576,train
21207,12227,train
21208,16475,train
21209,18753,train
21210,8603,train
21211,18060,train
21212,11394,train
21213,12262,train
21214,18241,train
21215,8654,train
21216,14301,train
21217,8693,train
21218,11316,train
21219,12479,train
21220,14954,train
21221,13542,train
21222,12262,train
21223,16962,train
21224,21367,train
21225,14496,train
21226,16086,train
21227,13695,train
21228,18627,train
21229,17587,train
21230,18816,train
21231,15066,train
21232,15749,train
21233,8029,train
21234,14323,train
21235,20174,train
21236,16371,train
21237,12481,train
21238,13299,train
21239,21392,train
21240,8603,train
21241,16806,train
21242,21069,train
21243,10930,train
21244,14534,train
21245,8037,train
21246,11019,train
21247,21703,train
21248,8773,train
21249,17402,train
21250,13852,train
21251,10415,train
21252,19192,train
21253,16054,train
21254,12338,train
21255,14764,train
21256,8951,train
21257,20990,train
21258,18330,train
21259,19255,train
21260,16673,train
21261,14200,train
21262,11097,train
21263,8985,train
21264,18332,train
21265,10415,train
21266,11068,train
21268,17882,train
21269,8951,train
21270,20990,train
21271,20413,train
21272,18118,train
21273,12449,train
21274,9989,train
21275,12977,train
21276,16867,train
21277,21392,train
21278,14543,train
21279,10415,train
21280,11877,train
21281,8646,train
21282,20696,train
21283,12262,train
21284,12273,train
21285,11763,train
21287,14272,train
21288,18817,train
21289,10119,train
21291,11621,train
21292,12716,train
21293,10298,train
21294,16539,train
21295,9989,train
21296,11718,train
21297,14468,train
21298,17781,train
21299,21392,train
21300,9481,train
21301,21392,train
21302,10358,train
21303,9868,train
21304,18926,train
21305,21356,train
21307,21069,train
21308,14534,train
21309,16828,train
21310,20750,train
21311,16867,train
21312,16037,train
21313,15097,train
21314,18107,train
21315,11500,train
21316,8705,train
21317,8427,train
21318,15964,train
21319,19066,train
21320,12873,train
21321,10788,train
21322,15068,train
21323,14926,train
21324,20656,train
21326,12578,train
21327,16409,train
21328,20656,train
21329,21473,train
21330,13377,train
21331,15401,train
21332,13145,train
21333,12960,train
21334,10528,train
21335,16867,train
21336,11720,train
21337,16094,train
21338,13145,train
21339,17286,train
21340,13209,train
21342,13209,train
21343,16805,train
21344,15901,train
21345,16110,train
21346,14926,train
21347,8705,train
21348,20705,train
21350,16963,train
21351,18400,train
21352,17160,train
21353,15577,train
21354,11391,train
21355,12082,train
21356,12825,train
21357,13145,train
21358,17706,train
21359,9165,train
21360,12578,train
21361,9680,train
21362,10124,train
21364,17587,train
21365,13145,train
21366,17212,train
21367,18432,train
21368,16287,train
21369,10124,train
21370,19737,train
21371,16200,train
21372,13145,train
21373,19737,train
21374,21484,train
21375,10317,train
21376,11413,train
21377,18433,train
21379,16200,train
21380,8705,train
21381,9978,train
21382,10124,train
21383,21370,train
21384,18346,train
21386,19852,train
21387,12811,train
21389,13021,train
21390,10803,train
21392,12721,train
21393,16805,train
21394,15227,train
21395,19737,train
21396,19646,train
21397,16411,train
21398,12288,train
21399,8705,train
21400,17150,train
21401,9165,train
21402,16037,train
21403,10195,train
21404,7997,train
21405,12577,train
21406,12721,train
21407,11327,train
21408,18763,train
21409,12469,train
21410,10803,train
21411,20256,train
21412,21492,train
21413,14540,train
21414,11993,train
21415,8746,train
21416,15000,train
21417,10415,train
21418,8426,train
21419,12516,train
21420,9205,train
21421,10839,train
21422,21098,train
21423,10997,train
21424,10308,train
21425,19970,train
21426,10741,train
21427,10589,train
21428,21602,train
21429,11220,train
21432,9834,train
21433,21205,train
21434,17096,train
21435,18603,train
21436,9079,train
21437,18603,train
21438,16105,train
21439,20028,train
21440,20763,train
21441,18790,train
21442,9283,train
21443,12992,train
21445,18603,train
21446,14926,train
21447,9637,train
21448,20809,train
21449,14236,train
21450,20687,train
21451,10308,train
21452,9857,train
21453,20401,train
21454,15401,train
21455,17701,train
21457,21437,train
21458,9276,train
21459,13190,train
21460,13503,train
21461,11237,train
21462,19175,train
21463,14927,train
21464,17261,train
21465,17572,train
21466,9287,train
21467,10534,train
21468,16806,train
21469,10722,train
21470,14496,train
21471,18603,train
21472,17057,train
21473,20962,train
21474,15292,train
21475,11953,train
21476,9857,train
21477,20650,train
21478,12430,train
21479,11954,train
21481,10305,train
21482,18970,train
21483,15963,train
21484,18825,train
21485,15193,train
21486,8580,train
21487,11238,train
21488,8523,train
21490,18603,train
21491,21668,train
21492,17090,train
21493,17112,train
21494,19063,train
21495,19839,train
21496,17459,train
21497,13145,train
21498,14262,train
21499,16733,train
21500,9702,train
21501,10920,train
21502,21754,train
21503,20022,train
21504,9289,train
21505,11727,train
21507,10406,train
21508,12670,train
21509,16764,train
21510,20028,train
21511,15407,train
21512,20160,train
21513,18947,train
21514,20312,train
21515,13242,train
21516,19590,train
21517,12516,train
21518,13128,train
21519,20230,train
21520,17091,train
21521,20990,train
21523,10278,train
21524,11727,train
21525,11727,train
21526,14025,train
21527,11907,train
21528,13246,train
21529,20648,train
21530,11945,train
21531,10165,train
21532,19365,train
21533,10108,train
21534,17092,train
21535,11945,train
21536,12186,train
21537,12410,train
21538,20192,train
21539,10022,train
21540,21602,train
21541,10108,train
21542,19299,train
21543,16428,train
21544,14445,train
21545,12881,train
21546,14715,train
21547,13332,train
21548,20458,train
21549,17887,train
21550,15511,train
21551,13704,train
21552,10165,train
21553,21678,train
21554,14237,train
21556,19299,train
21557,19299,train
21558,9445,train
21559,13542,train
21560,19929,train
21561,19299,train
21562,16086,train
21563,11945,train
21564,14488,train
21565,10090,train
21566,9383,train
21567,15561,train
21568,15561,train
21569,17236,train
21570,11262,train
21571,14445,train
21572,10108,train
21573,12680,train
21574,11615,train
21575,11945,train
21576,14496,train
21577,14358,train
21578,11798,train
21579,10090,train
21580,21507,train
21581,18232,train
21582,12338,train
21583,9746,train
21585,11901,train
21586,20747,train
21587,11945,train
21588,17435,train
21589,16381,train
21590,12310,train
21591,9360,train
21592,19606,train
21593,15467,train
21594,10108,train
21595,16953,train
21596,14776,train
21599,14238,train
21600,13270,train
21601,20615,train
21602,20230,train
21603,8746,train
21604,8686,train
21605,16659,train
21606,13367,train
21607,18777,train
21608,15561,train
21609,9285,train
21610,19902,train
21611,10487,train
21612,10139,train
21613,16539,train
21614,10139,train
21615,21469,train
21616,18014,train
21617,9234,train
21618,17951,train
21619,12214,train
21620,10139,train
21621,20615,train
21623,8746,train
21624,19902,train
21625,15089,train
21627,20817,train
21628,19580,train
21629,11669,train
21630,10139,train
21631,11168,train
21632,13743,train
21634,14776,train
21635,11067,train
21636,17435,train
21637,15819,train
21638,18689,train
21639,8212,train
21640,18164,train
21641,14676,train
21642,8212,train
21643,16888,train
21644,9276,train
21645,10428,train
21646,18400,train
21647,10481,train
21648,21564,train
21649,13968,train
21650,14569,train
21651,16148,train
21652,10307,train
21653,10114,train
21654,11040,train
21655,14805,train
21656,18107,train
21658,19580,train
21659,19481,train
21660,12160,train
21661,18689,train
21662,13714,train
21663,19419,train
21664,14059,train
21665,10250,train
21666,15550,train
21667,10501,train
21668,9090,train
21669,12792,train
21670,11309,train
21671,8476,train
21672,14670,train
21676,14490,train
21677,10114,train
21678,12160,train
21679,12058,train
21680,8518,train
21681,9831,train
21682,8518,train
21683,9082,train
21684,9082,train
21685,9082,train
21686,9082,train
21687,9082,train
21688,9082,train
21689,19288,train
21690,10317,train
21691,14492,train
21692,17458,train
21693,10560,train
21694,21099,train
21695,10543,train
21696,13437,train
21697,17892,train
21698,12792,train
21700,12791,train
21701,12886,train
21702,8636,train
21703,14266,train
21704,21076,train
21705,14135,train
21706,9079,train
21707,17286,train
21708,15163,train
21709,19481,train
21710,9560,train
21711,13376,train
21712,10298,train
21713,8510,train
21714,12317,train
21715,18365,train
21716,9925,train
21717,19705,train
21718,16118,train
21719,9653,train
21720,13145,train
21721,9285,train
21722,13145,train
21723,12160,train
21724,10817,train
21725,19325,train
21726,19988,train
21727,19594,train
21728,18421,train
21729,11753,train
21730,15305,train
21731,8705,train
21732,10406,train
21733,9580,train
21734,18491,train
21735,17698,train
21736,12064,train
21737,9736,train
21738,11067,train
21739,14330,train
21740,18998,train
21741,20088,train
21742,13857,train
21743,9589,train
21744,20990,train
21745,14220,train
21746,11644,train
21747,15556,train
21748,13857,train
21749,15856,train
21751,10487,train
21752,18356,train
21753,15188,train
21754,20088,train
21755,11608,train
21756,18782,train
21757,13857,train
21758,11171,train
21759,9590,train
21760,8495,train
21761,13747,train
21762,20567,train
21763,13857,train
21766,13857,train
21767,12488,train
21768,17503,train
21769,17629,train
21770,16077,train
21771,20088,train
21772,11951,train
21773,17111,train
21774,9993,train
21775,12583,train
21776,12488,train
21778,17965,train
21779,10590,train
21780,17035,train
21781,13857,train
21782,14316,train
21783,14391,train
21784,12488,train
21785,10590,train
21786,15334,train
21787,17583,train
21789,11922,train
21790,12840,train
21791,14999,train
21792,10116,train
21793,17237,train
21794,12543,train
21795,10162,train
21797,17057,train
21798,19263,train
21799,12488,train
21800,11823,train
21801,17252,train
21802,10457,train
21803,12842,train
21804,12842,train
21805,16291,train
21806,20136,train
21807,21396,train
21808,20699,train
21810,21295,train
21811,12934,train
21813,10205,train
21814,20746,train
21815,14433,train
21816,15103,train
21820,18655,train
21821,8382,train
21822,15134,train
21823,18689,train
21824,19977,train
21825,11197,train
21827,13862,train
21828,13862,train
21829,14508,train
21830,10520,train
21832,7954,train
21833,17180,train
21834,20703,train
21835,19311,train
21836,8873,train
