I,II,III,aVR,aVL,aVF,V1,V2,V3,V4,V5,V6
-0.555000,-0.095000,0.460000,0.325000,-0.507000,0.182000,1.025000,2.020000,1.680000,0.720000,-0.820000,-1.160000
-0.555000,-0.095000,0.460000,0.325000,-0.507000,0.182000,1.025000,2.020000,1.680000,0.720000,-0.820000,-1.160000
-0.555000,-0.095000,0.460000,0.325000,-0.507000,0.182000,1.025000,2.020000,1.680000,0.720000,-0.820000,-1.160000
-0.555000,-0.095000,0.460000,0.325000,-0.507000,0.182000,1.025000,2.020000,1.680000,0.720000,-0.820000,-1.160000
-0.555000,-0.095000,0.460000,0.325000,-0.507000,0.182000,1.025000,2.020000,1.680000,0.720000,-0.819000,-1.159000
-0.555000,-0.095000,0.460000,0.325000,-0.507000,0.182000,1.025000,2.020000,1.680000,0.720000,-0.820000,-1.160000
-0.547000,-0.091000,0.456000,0.319000,-0.501000,0.182000,1.021000,2.018000,1.682000,0.719000,-0.833000,-1.177000
-0.541000,-0.087000,0.455000,0.314000,-0.498000,0.184000,1.020000,2.036000,1.699000,0.731000,-0.831000,-1.179000
-0.538000,-0.083000,0.455000,0.310000,-0.496000,0.186000,1.018000,2.046000,1.719000,0.747000,-0.822000,-1.172000
-0.534000,-0.079000,0.455000,0.306000,-0.494000,0.188000,1.015000,2.039000,1.724000,0.757000,-0.819000,-1.170000
-0.530000,-0.075000,0.455000,0.302000,-0.492000,0.190000,1.015000,2.040000,1.720000,0.760000,-0.815000,-1.170000
-0.527000,-0.071000,0.456000,0.299000,-0.491000,0.192000,1.011000,2.036000,1.731000,0.760000,-0.807000,-1.166000
-0.516000,-0.064000,0.452000,0.290000,-0.484000,0.193000,1.010000,2.035000,1.744000,0.765000,-0.801000,-1.161000
-0.522000,-0.056000,0.466000,0.289000,-0.494000,0.205000,1.009000,2.033000,1.757000,0.776000,-0.799000,-1.161000
-0.536000,-0.048000,0.488000,0.291000,-0.512000,0.219000,1.004000,2.030000,1.765000,0.787000,-0.792000,-1.158000
-0.525000,-0.040000,0.485000,0.282000,-0.505000,0.222000,1.000000,2.030000,1.760000,0.795000,-0.780000,-1.145000
-0.517000,-0.032000,0.485000,0.274000,-0.501000,0.226000,1.000000,2.014000,1.759000,0.800000,-0.772000,-1.137000
-0.507000,-0.023000,0.484000,0.265000,-0.496000,0.230000,0.997000,2.001000,1.765000,0.801000,-0.764000,-1.126000
-0.507000,-0.018000,0.489000,0.262000,-0.498000,0.235000,0.995000,1.987000,1.776000,0.813000,-0.757000,-1.116000
-0.490000,-0.013000,0.478000,0.251000,-0.484000,0.233000,0.994000,1.971000,1.779000,0.826000,-0.746000,-1.107000
-0.450000,0.000000,0.450000,0.225000,-0.450000,0.225000,0.990000,1.960000,1.765000,0.820000,-0.730000,-1.095000
-0.474000,0.008000,0.482000,0.233000,-0.478000,0.245000,0.991000,1.951000,1.757000,0.817000,-0.718000,-1.088000
-0.510000,0.016000,0.526000,0.246000,-0.518000,0.270000,0.982000,1.947000,1.750000,0.836000,-0.701000,-1.073000
-0.509000,0.024000,0.533000,0.242000,-0.521000,0.278000,0.971000,1.926000,1.739000,0.846000,-0.680000,-1.059000
-0.485000,0.032000,0.517000,0.227000,-0.501000,0.274000,0.962000,1.892000,1.727000,0.838000,-0.660000,-1.046000
-0.470000,0.040000,0.510000,0.215000,-0.490000,0.275000,0.950000,1.865000,1.720000,0.835000,-0.645000,-1.030000
-0.453000,0.050000,0.503000,0.202000,-0.478000,0.276000,0.943000,1.837000,1.713000,0.835000,-0.634000,-1.019000
-0.447000,0.043000,0.491000,0.202000,-0.469000,0.267000,0.923000,1.809000,1.695000,0.833000,-0.613000,-0.998000
-0.454000,0.028000,0.481000,0.213000,-0.468000,0.254000,0.900000,1.781000,1.677000,0.827000,-0.587000,-0.974000
-0.443000,0.028000,0.471000,0.207000,-0.458000,0.250000,0.879000,1.754000,1.659000,0.825000,-0.565000,-0.955000
-0.410000,0.055000,0.465000,0.177000,-0.438000,0.260000,0.850000,1.725000,1.630000,0.825000,-0.545000,-0.935000
-0.406000,0.085000,0.491000,0.160000,-0.448000,0.288000,0.825000,1.678000,1.601000,0.814000,-0.526000,-0.916000
-0.394000,0.095000,0.489000,0.149000,-0.442000,0.292000,0.804000,1.630000,1.579000,0.800000,-0.497000,-0.890000
-0.379000,0.096000,0.474000,0.142000,-0.427000,0.284000,0.787000,1.593000,1.561000,0.791000,-0.463000,-0.860000
-0.375000,0.094000,0.469000,0.141000,-0.422000,0.281000,0.770000,1.563000,1.538000,0.782000,-0.433000,-0.834000
-0.365000,0.095000,0.460000,0.135000,-0.413000,0.277000,0.750000,1.530000,1.510000,0.770000,-0.410000,-0.815000
-0.323000,0.124000,0.448000,0.099000,-0.386000,0.286000,0.731000,1.482000,1.483000,0.757000,-0.391000,-0.800000
-0.306000,0.132000,0.438000,0.086000,-0.372000,0.285000,0.702000,1.435000,1.446000,0.750000,-0.364000,-0.775000
-0.301000,0.131000,0.432000,0.085000,-0.366000,0.281000,0.669000,1.381000,1.406000,0.738000,-0.338000,-0.748000
-0.295000,0.127000,0.422000,0.084000,-0.359000,0.274000,0.637000,1.320000,1.371000,0.722000,-0.313000,-0.723000
-0.295000,0.115000,0.410000,0.090000,-0.353000,0.262000,0.605000,1.265000,1.330000,0.710000,-0.285000,-0.695000
-0.269000,0.133000,0.402000,0.068000,-0.335000,0.267000,0.576000,1.221000,1.289000,0.694000,-0.258000,-0.667000
-0.237000,0.157000,0.395000,0.040000,-0.316000,0.276000,0.554000,1.177000,1.258000,0.681000,-0.224000,-0.634000
-0.215000,0.169000,0.384000,0.023000,-0.300000,0.276000,0.538000,1.134000,1.233000,0.669000,-0.185000,-0.595000
-0.202000,0.170000,0.373000,0.016000,-0.287000,0.271000,0.519000,1.097000,1.201000,0.657000,-0.154000,-0.564000
-0.195000,0.170000,0.365000,0.012000,-0.280000,0.267000,0.490000,1.060000,1.160000,0.645000,-0.135000,-0.550000
-0.187000,0.170000,0.358000,0.008000,-0.272000,0.263000,0.467000,1.005000,1.125000,0.621000,-0.115000,-0.535000
-0.176000,0.169000,0.346000,0.003000,-0.261000,0.257000,0.435000,0.950000,1.078000,0.597000,-0.097000,-0.515000
-0.164000,0.172000,0.336000,-0.004000,-0.250000,0.254000,0.395000,0.900000,1.022000,0.573000,-0.086000,-0.496000
-0.153000,0.175000,0.327000,-0.011000,-0.240000,0.250000,0.364000,0.854000,0.976000,0.550000,-0.068000,-0.472000
-0.140000,0.175000,0.315000,-0.018000,-0.228000,0.245000,0.350000,0.810000,0.950000,0.530000,-0.030000,-0.435000
-0.115000,0.192000,0.307000,-0.039000,-0.212000,0.250000,0.339000,0.759000,0.923000,0.502000,0.008000,-0.401000
-0.102000,0.194000,0.296000,-0.046000,-0.199000,0.245000,0.315000,0.704000,0.886000,0.477000,0.025000,-0.384000
-0.097000,0.189000,0.286000,-0.046000,-0.191000,0.237000,0.286000,0.662000,0.844000,0.453000,0.037000,-0.376000
-0.087000,0.190000,0.277000,-0.052000,-0.182000,0.234000,0.265000,0.632000,0.807000,0.430000,0.054000,-0.368000
-0.075000,0.190000,0.265000,-0.058000,-0.170000,0.227000,0.250000,0.600000,0.780000,0.410000,0.070000,-0.360000
-0.067000,0.190000,0.257000,-0.062000,-0.162000,0.223000,0.234000,0.568000,0.757000,0.390000,0.089000,-0.348000
-0.055000,0.191000,0.246000,-0.068000,-0.151000,0.218000,0.217000,0.536000,0.724000,0.373000,0.082000,-0.339000
-0.048000,0.188000,0.236000,-0.070000,-0.142000,0.212000,0.204000,0.505000,0.687000,0.357000,0.090000,-0.331000
-0.043000,0.185000,0.227000,-0.071000,-0.136000,0.205000,0.191000,0.478000,0.651000,0.341000,0.121000,-0.323000
-0.030000,0.185000,0.215000,-0.078000,-0.123000,0.200000,0.175000,0.450000,0.615000,0.325000,0.130000,-0.315000
-0.022000,0.185000,0.207000,-0.082000,-0.115000,0.196000,0.163000,0.418000,0.582000,0.302000,0.125000,-0.307000
-0.011000,0.185000,0.196000,-0.087000,-0.104000,0.190000,0.151000,0.384000,0.559000,0.276000,0.134000,-0.302000
0.001000,0.186000,0.185000,-0.093000,-0.093000,0.185000,0.139000,0.360000,0.540000,0.256000,0.140000,-0.297000
0.005000,0.183000,0.178000,-0.094000,-0.087000,0.180000,0.127000,0.347000,0.520000,0.241000,0.134000,-0.288000
0.000000,0.170000,0.170000,-0.085000,-0.085000,0.170000,0.115000,0.335000,0.500000,0.225000,0.130000,-0.280000
0.004000,0.162000,0.158000,-0.083000,-0.077000,0.159000,0.107000,0.323000,0.480000,0.209000,0.126000,-0.275000
0.006000,0.155000,0.149000,-0.081000,-0.071000,0.151000,0.099000,0.311000,0.458000,0.196000,0.122000,-0.278000
0.003000,0.144000,0.141000,-0.074000,-0.069000,0.142000,0.091000,0.297000,0.432000,0.183000,0.117000,-0.279000
-0.001000,0.133000,0.134000,-0.067000,-0.068000,0.133000,0.083000,0.281000,0.411000,0.166000,0.115000,-0.282000
-0.005000,0.125000,0.130000,-0.060000,-0.068000,0.127000,0.075000,0.265000,0.400000,0.150000,0.115000,-0.290000
-0.012000,0.114000,0.126000,-0.051000,-0.070000,0.120000,0.066000,0.249000,0.392000,0.134000,0.107000,-0.276000
0.009000,0.131000,0.122000,-0.070000,-0.057000,0.126000,0.067000,0.232000,0.381000,0.117000,0.101000,-0.290000
0.021000,0.139000,0.118000,-0.080000,-0.048000,0.129000,0.071000,0.221000,0.371000,0.105000,0.098000,-0.301000
0.014000,0.128000,0.114000,-0.072000,-0.050000,0.120000,0.070000,0.220000,0.362000,0.098000,0.094000,-0.303000
0.015000,0.125000,0.110000,-0.070000,-0.048000,0.117000,0.070000,0.220000,0.350000,0.090000,0.090000,-0.320000
0.006000,0.117000,0.111000,-0.062000,-0.053000,0.113000,0.070000,0.220000,0.342000,0.086000,0.086000,-0.320000
0.007000,0.112000,0.105000,-0.060000,-0.049000,0.108000,0.070000,0.217000,0.334000,0.080000,0.082000,-0.324000
0.010000,0.106000,0.096000,-0.058000,-0.043000,0.101000,0.070000,0.214000,0.328000,0.070000,0.078000,-0.336000
0.011000,0.099000,0.088000,-0.055000,-0.039000,0.093000,0.070000,0.215000,0.323000,0.064000,0.074000,-0.347000
0.015000,0.095000,0.080000,-0.055000,-0.033000,0.087000,0.070000,0.215000,0.315000,0.060000,0.070000,-0.355000
0.019000,0.091000,0.072000,-0.055000,-0.027000,0.081000,0.070000,0.215000,0.311000,0.052000,0.066000,-0.360000
0.025000,0.089000,0.064000,-0.057000,-0.019000,0.077000,0.070000,0.212000,0.304000,0.047000,0.062000,-0.360000
0.035000,0.091000,0.056000,-0.063000,-0.010000,0.073000,0.070000,0.209000,0.298000,0.043000,0.058000,-0.362000
0.041000,0.089000,0.049000,-0.065000,-0.004000,0.069000,0.070000,0.210000,0.294000,0.039000,0.055000,-0.365000
0.040000,0.085000,0.045000,-0.063000,-0.003000,0.065000,0.070000,0.210000,0.290000,0.035000,0.055000,-0.365000
0.040000,0.085000,0.045000,-0.063000,-0.003000,0.065000,0.070000,0.210000,0.290000,0.031000,0.051000,-0.377000
0.040000,0.086000,0.046000,-0.063000,-0.003000,0.066000,0.070000,0.207000,0.291000,0.027000,0.047000,-0.388000
0.040000,0.083000,0.043000,-0.062000,-0.002000,0.063000,0.070000,0.204000,0.288000,0.023000,0.043000,-0.406000
0.040000,0.080000,0.039000,-0.060000,0.001000,0.059000,0.070000,0.205000,0.285000,0.019000,0.039000,-0.421000
0.040000,0.080000,0.040000,-0.060000,0.000000,0.060000,0.070000,0.205000,0.285000,0.015000,0.035000,-0.415000
0.038000,0.080000,0.042000,-0.059000,-0.002000,0.061000,0.070000,0.201000,0.285000,0.011000,0.035000,-0.415000
0.057000,0.081000,0.024000,-0.070000,0.017000,0.052000,0.070000,0.200000,0.286000,0.008000,0.032000,-0.415000
0.093000,0.076000,-0.016000,-0.085000,0.055000,0.030000,0.070000,0.200000,0.283000,-0.002000,0.028000,-0.415000
0.092000,0.069000,-0.024000,-0.080000,0.058000,0.022000,0.070000,0.200000,0.280000,-0.010000,0.024000,-0.415000
0.025000,0.065000,0.040000,-0.045000,-0.008000,0.052000,0.070000,0.200000,0.280000,0.000000,0.020000,-0.415000
-0.044000,0.058000,0.102000,-0.007000,-0.074000,0.080000,0.070000,0.196000,0.280000,0.004000,0.015000,-0.412000
-0.065000,0.046000,0.111000,0.010000,-0.088000,0.078000,0.070000,0.195000,0.280000,0.008000,0.016000,-0.434000
-0.034000,0.069000,0.103000,-0.018000,-0.069000,0.086000,0.070000,0.195000,0.278000,0.012000,0.012000,-0.446000
-0.001000,0.104000,0.105000,-0.052000,-0.053000,0.104000,0.070000,0.195000,0.275000,0.016000,0.003000,-0.439000
-0.005000,0.095000,0.100000,-0.045000,-0.053000,0.097000,0.070000,0.195000,0.275000,0.020000,0.000000,-0.440000
-0.006000,0.094000,0.100000,-0.044000,-0.054000,0.097000,0.070000,0.195000,0.275000,0.025000,-0.004000,-0.440000
-0.001000,0.096000,0.097000,-0.048000,-0.049000,0.096000,0.070000,0.195000,0.272000,0.022000,-0.008000,-0.440000
-0.002000,0.093000,0.095000,-0.046000,-0.049000,0.094000,0.070000,0.195000,0.270000,0.019000,-0.012000,-0.440000
-0.005000,0.090000,0.094000,-0.043000,-0.050000,0.091000,0.070000,0.195000,0.270000,0.020000,-0.016000,-0.440000
0.000000,0.090000,0.090000,-0.045000,-0.045000,0.090000,0.070000,0.195000,0.270000,0.020000,-0.020000,-0.440000
0.001000,0.090000,0.090000,-0.046000,-0.044000,0.090000,0.070000,0.204000,0.270000,0.016000,-0.024000,-0.438000
-0.004000,0.087000,0.091000,-0.042000,-0.048000,0.088000,0.069000,0.205000,0.267000,0.014000,-0.027000,-0.451000
-0.004000,0.084000,0.088000,-0.041000,-0.046000,0.086000,0.073000,0.208000,0.264000,0.016000,-0.019000,-0.451000
0.001000,0.085000,0.085000,-0.043000,-0.043000,0.085000,0.082000,0.217000,0.265000,0.014000,-0.018000,-0.447000
0.000000,0.085000,0.085000,-0.043000,-0.043000,0.085000,0.085000,0.220000,0.265000,0.010000,-0.040000,-0.465000
0.000000,0.081000,0.081000,-0.041000,-0.040000,0.081000,0.085000,0.220000,0.263000,0.010000,-0.050000,-0.474000
-0.001000,0.079000,0.080000,-0.039000,-0.040000,0.080000,0.085000,0.220000,0.280000,0.010000,-0.048000,-0.478000
0.002000,0.081000,0.078000,-0.042000,-0.038000,0.079000,0.085000,0.219000,0.295000,0.010000,-0.043000,-0.480000
0.004000,0.079000,0.075000,-0.042000,-0.035000,0.077000,0.086000,0.222000,0.294000,0.011000,-0.039000,-0.480000
0.000000,0.075000,0.075000,-0.038000,-0.038000,0.075000,0.095000,0.235000,0.295000,0.020000,-0.035000,-0.480000
0.004000,0.075000,0.071000,-0.039000,-0.034000,0.072000,0.108000,0.244000,0.316000,0.037000,-0.033000,-0.480000
0.004000,0.076000,0.071000,-0.040000,-0.034000,0.073000,0.108000,0.246000,0.320000,0.039000,-0.051000,-0.480000
0.008000,0.073000,0.065000,-0.040000,-0.029000,0.069000,0.103000,0.243000,0.310000,0.033000,-0.063000,-0.480000
-0.010000,0.070000,0.080000,-0.030000,-0.045000,0.075000,0.108000,0.248000,0.313000,0.038000,-0.059000,-0.480000
-0.055000,0.070000,0.125000,-0.008000,-0.090000,0.097000,0.125000,0.270000,0.335000,0.055000,-0.060000,-0.480000
-0.048000,0.068000,0.115000,-0.010000,-0.081000,0.092000,0.146000,0.287000,0.347000,0.068000,-0.060000,-0.480000
-0.015000,0.088000,0.103000,-0.037000,-0.059000,0.095000,0.158000,0.299000,0.359000,0.076000,-0.060000,-0.480000
0.026000,0.121000,0.095000,-0.074000,-0.035000,0.108000,0.160000,0.312000,0.368000,0.085000,-0.060000,-0.480000
0.052000,0.135000,0.082000,-0.094000,-0.015000,0.109000,0.160000,0.320000,0.370000,0.090000,-0.060000,-0.480000
0.040000,0.115000,0.075000,-0.078000,-0.018000,0.095000,0.160000,0.315000,0.370000,0.085000,-0.060000,-0.480000
0.018000,0.097000,0.079000,-0.058000,-0.030000,0.087000,0.159000,0.313000,0.368000,0.078000,-0.060000,-0.480000
0.013000,0.131000,0.117000,-0.072000,-0.052000,0.123000,0.167000,0.326000,0.383000,0.096000,-0.060000,-0.480000
0.016000,0.154000,0.138000,-0.086000,-0.061000,0.146000,0.166000,0.327000,0.389000,0.106000,-0.060000,-0.480000
0.023000,0.142000,0.120000,-0.083000,-0.049000,0.131000,0.151000,0.311000,0.377000,0.098000,-0.060000,-0.480000
0.020000,0.140000,0.120000,-0.080000,-0.050000,0.130000,0.140000,0.300000,0.370000,0.095000,-0.060000,-0.480000
-0.023000,0.140000,0.163000,-0.059000,-0.093000,0.152000,0.132000,0.288000,0.366000,0.091000,-0.060000,-0.480000
-0.028000,0.138000,0.166000,-0.055000,-0.097000,0.152000,0.122000,0.276000,0.359000,0.087000,-0.060000,-0.480000
-0.017000,0.132000,0.149000,-0.058000,-0.083000,0.140000,0.108000,0.264000,0.351000,0.083000,-0.060000,-0.480000
-0.013000,0.130000,0.143000,-0.059000,-0.078000,0.136000,0.098000,0.253000,0.344000,0.079000,-0.060000,-0.480000
-0.005000,0.130000,0.135000,-0.063000,-0.070000,0.132000,0.090000,0.245000,0.340000,0.075000,-0.060000,-0.480000
-0.009000,0.118000,0.127000,-0.055000,-0.068000,0.123000,0.078000,0.237000,0.336000,0.071000,-0.064000,-0.480000
-0.010000,0.108000,0.118000,-0.050000,-0.065000,0.113000,0.069000,0.226000,0.332000,0.070000,-0.070000,-0.480000
-0.012000,0.101000,0.113000,-0.045000,-0.063000,0.107000,0.059000,0.216000,0.328000,0.068000,-0.080000,-0.480000
-0.014000,0.084000,0.098000,-0.035000,-0.056000,0.091000,0.048000,0.208000,0.324000,0.065000,-0.085000,-0.479000
-0.005000,0.080000,0.085000,-0.038000,-0.045000,0.082000,0.040000,0.200000,0.320000,0.065000,-0.080000,-0.475000
0.008000,0.143000,0.135000,-0.076000,-0.064000,0.139000,0.028000,0.195000,0.320000,0.061000,-0.080000,-0.475000
0.014000,0.156000,0.143000,-0.085000,-0.065000,0.149000,0.017000,0.195000,0.317000,0.060000,-0.080000,-0.475000
0.017000,0.138000,0.121000,-0.078000,-0.053000,0.129000,0.018000,0.195000,0.313000,0.058000,-0.080000,-0.475000
0.021000,0.134000,0.113000,-0.078000,-0.047000,0.124000,0.025000,0.195000,0.309000,0.054000,-0.080000,-0.474000
0.025000,0.130000,0.105000,-0.078000,-0.040000,0.117000,0.020000,0.195000,0.305000,0.055000,-0.080000,-0.470000
0.029000,0.122000,0.093000,-0.076000,-0.032000,0.108000,0.016000,0.195000,0.301000,0.056000,-0.076000,-0.470000
0.033000,0.113000,0.081000,-0.073000,-0.024000,0.097000,0.012000,0.195000,0.300000,0.052000,-0.075000,-0.470000
0.038000,0.108000,0.070000,-0.073000,-0.016000,0.089000,0.008000,0.195000,0.298000,0.050000,-0.075000,-0.470000
0.040000,0.104000,0.064000,-0.072000,-0.013000,0.084000,0.004000,0.195000,0.295000,0.049000,-0.075000,-0.469000
0.045000,0.105000,0.060000,-0.075000,-0.008000,0.082000,0.000000,0.195000,0.295000,0.045000,-0.075000,-0.465000
0.065000,0.118000,0.053000,-0.092000,0.006000,0.085000,-0.001000,0.195000,0.291000,0.045000,-0.075000,-0.465000
0.042000,0.116000,0.074000,-0.080000,-0.016000,0.094000,0.006000,0.195000,0.290000,0.042000,-0.076000,-0.465000
0.019000,0.105000,0.087000,-0.062000,-0.034000,0.096000,0.013000,0.195000,0.288000,0.040000,-0.073000,-0.465000
0.020000,0.098000,0.078000,-0.059000,-0.029000,0.088000,0.024000,0.195000,0.285000,0.039000,-0.070000,-0.465000
0.015000,0.090000,0.075000,-0.053000,-0.030000,0.082000,0.035000,0.195000,0.285000,0.035000,-0.070000,-0.465000
0.011000,0.082000,0.071000,-0.046000,-0.030000,0.076000,0.025000,0.195000,0.281000,0.035000,-0.070000,-0.461000
0.007000,0.074000,0.067000,-0.041000,-0.030000,0.070000,0.041000,0.195000,0.280000,0.036000,-0.070000,-0.460000
0.003000,0.066000,0.062000,-0.035000,-0.029000,0.064000,0.065000,0.195000,0.278000,0.033000,-0.070000,-0.460000
-0.002000,0.059000,0.060000,-0.028000,-0.031000,0.059000,0.070000,0.195000,0.275000,0.030000,-0.069000,-0.460000
-0.005000,0.055000,0.060000,-0.025000,-0.033000,0.057000,0.065000,0.195000,0.275000,0.030000,-0.065000,-0.460000
0.003000,0.051000,0.048000,-0.027000,-0.023000,0.049000,0.063000,0.195000,0.271000,0.030000,-0.065000,-0.456000
0.008000,0.047000,0.039000,-0.028000,-0.016000,0.043000,0.078000,0.195000,0.270000,0.027000,-0.065000,-0.455000
0.014000,0.043000,0.029000,-0.029000,-0.008000,0.036000,0.087000,0.195000,0.268000,0.024000,-0.065000,-0.455000
0.021000,0.039000,0.018000,-0.030000,0.002000,0.028000,0.085000,0.195000,0.265000,0.025000,-0.065000,-0.455000
0.025000,0.035000,0.010000,-0.030000,0.007000,0.022000,0.085000,0.195000,0.265000,0.025000,-0.065000,-0.455000
0.033000,0.031000,-0.002000,-0.032000,0.018000,0.014000,0.084000,0.194000,0.261000,0.021000,-0.065000,-0.455000
0.037000,0.027000,-0.010000,-0.032000,0.024000,0.008000,0.089000,0.198000,0.257000,0.019000,-0.065000,-0.455000
0.045000,0.023000,-0.022000,-0.033000,0.033000,0.001000,0.071000,0.184000,0.253000,0.021000,-0.081000,-0.470000
0.040000,0.019000,-0.021000,-0.029000,0.031000,-0.001000,0.065000,0.180000,0.250000,0.019000,-0.096000,-0.486000
0.000000,0.015000,0.015000,-0.008000,-0.008000,0.015000,0.105000,0.215000,0.250000,0.015000,-0.090000,-0.480000
-0.042000,0.011000,0.053000,0.015000,-0.047000,0.031000,0.103000,0.213000,0.246000,0.015000,-0.090000,-0.476000
-0.031000,0.007000,0.038000,0.011000,-0.035000,0.022000,0.098000,0.209000,0.241000,0.016000,-0.087000,-0.472000
0.011000,0.004000,-0.008000,-0.008000,0.009000,-0.002000,0.100000,0.209000,0.240000,0.013000,-0.085000,-0.470000
0.030000,0.007000,-0.023000,-0.018000,0.026000,-0.008000,0.100000,0.204000,0.239000,0.010000,-0.084000,-0.470000
0.010000,0.020000,0.010000,-0.015000,0.000000,0.015000,0.100000,0.205000,0.235000,0.010000,-0.080000,-0.465000
-0.006000,0.031000,0.038000,-0.012000,-0.022000,0.034000,0.096000,0.205000,0.230000,0.010000,-0.080000,-0.461000
-0.022000,0.014000,0.036000,0.004000,-0.029000,0.025000,0.095000,0.202000,0.230000,0.007000,-0.077000,-0.460000
-0.036000,-0.010000,0.027000,0.023000,-0.031000,0.008000,0.095000,0.199000,0.228000,0.004000,-0.075000,-0.459000
-0.057000,-0.033000,0.024000,0.044000,-0.040000,-0.004000,0.095000,0.200000,0.224000,0.005000,-0.074000,-0.454000
-0.065000,-0.045000,0.020000,0.055000,-0.042000,-0.012000,0.095000,0.200000,0.225000,0.005000,-0.070000,-0.450000
-0.002000,0.009000,0.012000,-0.003000,-0.007000,0.011000,0.091000,0.196000,0.225000,0.001000,-0.070000,-0.450000
0.013000,0.021000,0.007000,-0.017000,0.003000,0.014000,0.090000,0.194000,0.222000,0.000000,-0.067000,-0.447000
0.002000,0.003000,0.001000,-0.003000,0.000000,0.002000,0.090000,0.196000,0.219000,0.000000,-0.065000,-0.444000
-0.003000,-0.001000,0.003000,0.002000,-0.003000,0.001000,0.090000,0.194000,0.220000,0.000000,-0.064000,-0.445000
-0.020000,-0.005000,0.015000,0.012000,-0.017000,0.005000,0.090000,0.190000,0.220000,0.000000,-0.060000,-0.445000
-0.017000,-0.013000,0.004000,0.015000,-0.010000,-0.004000,0.090000,0.190000,0.216000,-0.004000,-0.060000,-0.441000
-0.014000,-0.021000,-0.007000,0.018000,-0.003000,-0.014000,0.087000,0.187000,0.214000,-0.006000,-0.057000,-0.440000
-0.015000,-0.028000,-0.013000,0.021000,0.000000,-0.020000,0.084000,0.184000,0.216000,-0.004000,-0.054000,-0.440000
-0.007000,-0.030000,-0.023000,0.018000,0.008000,-0.026000,0.085000,0.185000,0.214000,-0.006000,-0.055000,-0.440000
0.005000,-0.025000,-0.030000,0.010000,0.018000,-0.027000,0.085000,0.185000,0.210000,-0.010000,-0.055000,-0.440000
0.005000,-0.021000,-0.026000,0.008000,0.016000,-0.023000,0.085000,0.181000,0.210000,-0.010000,-0.055000,-0.436000
0.007000,-0.017000,-0.024000,0.005000,0.016000,-0.021000,0.082000,0.179000,0.211000,-0.010000,-0.056000,-0.434000
0.013000,-0.013000,-0.026000,0.001000,0.020000,-0.019000,0.079000,0.181000,0.208000,-0.008000,-0.053000,-0.436000
0.015000,-0.009000,-0.024000,-0.002000,0.020000,-0.016000,0.080000,0.179000,0.205000,-0.005000,-0.050000,-0.434000
0.015000,-0.005000,-0.020000,-0.005000,0.018000,-0.012000,0.080000,0.175000,0.205000,-0.005000,-0.050000,-0.430000
0.018000,-0.002000,-0.020000,-0.008000,0.019000,-0.010000,0.080000,0.175000,0.206000,-0.001000,-0.050000,-0.430000
-0.003000,-0.024000,-0.021000,0.014000,0.009000,-0.022000,0.080000,0.175000,0.202000,0.000000,-0.050000,-0.430000
-0.019000,-0.035000,-0.016000,0.027000,-0.001000,-0.025000,0.080000,0.177000,0.200000,0.002000,-0.051000,-0.431000
-0.021000,-0.022000,-0.001000,0.022000,-0.010000,-0.011000,0.080000,0.180000,0.199000,0.006000,-0.048000,-0.429000
-0.025000,-0.015000,0.010000,0.020000,-0.017000,-0.002000,0.080000,0.180000,0.200000,0.005000,-0.035000,-0.420000
-0.006000,-0.011000,-0.005000,0.009000,0.000000,-0.008000,0.088000,0.182000,0.214000,0.002000,-0.027000,-0.411000
0.016000,-0.004000,-0.020000,-0.005000,0.018000,-0.012000,0.095000,0.172000,0.208000,-0.007000,-0.019000,-0.407000
0.035000,0.004000,-0.030000,-0.019000,0.033000,-0.012000,0.093000,0.212000,0.229000,0.008000,-0.011000,-0.402000
0.055000,0.011000,-0.044000,-0.033000,0.049000,-0.016000,0.099000,0.311000,0.291000,0.043000,-0.003000,-0.393000
0.070000,0.015000,-0.055000,-0.042000,0.062000,-0.020000,0.125000,0.395000,0.350000,0.070000,0.005000,-0.385000
0.066000,0.019000,-0.047000,-0.042000,0.057000,-0.014000,0.136000,0.428000,0.401000,0.108000,0.014000,-0.379000
0.064000,0.022000,-0.042000,-0.043000,0.053000,-0.009000,0.126000,0.428000,0.422000,0.125000,0.016000,-0.387000
0.066000,0.030000,-0.036000,-0.048000,0.050000,-0.003000,0.136000,0.425000,0.413000,0.141000,0.015000,-0.386000
0.063000,0.034000,-0.029000,-0.049000,0.046000,0.002000,0.166000,0.414000,0.397000,0.155000,0.015000,-0.372000
0.055000,0.030000,-0.025000,-0.042000,0.040000,0.002000,0.170000,0.350000,0.380000,0.140000,0.015000,-0.365000
0.051000,0.045000,-0.006000,-0.048000,0.029000,0.020000,0.154000,0.207000,0.323000,0.128000,0.014000,-0.357000
0.044000,0.061000,0.017000,-0.053000,0.014000,0.039000,0.141000,-0.036000,0.209000,0.115000,0.026000,-0.350000
0.053000,0.082000,0.029000,-0.068000,0.012000,0.056000,0.108000,-0.326000,0.054000,0.107000,0.044000,-0.337000
0.056000,0.112000,0.057000,-0.085000,-0.001000,0.084000,0.033000,-0.654000,-0.120000,0.085000,0.058000,-0.322000
0.035000,0.140000,0.105000,-0.088000,-0.035000,0.122000,-0.070000,-1.025000,-0.305000,0.030000,0.075000,-0.305000
0.064000,0.164000,0.100000,-0.115000,-0.018000,0.131000,-0.181000,-1.354000,-0.501000,-0.020000,0.105000,-0.269000
0.100000,0.188000,0.088000,-0.145000,0.006000,0.137000,-0.302000,-1.728000,-0.733000,-0.094000,0.148000,-0.236000
0.131000,0.211000,0.081000,-0.172000,0.025000,0.146000,-0.428000,-2.145000,-1.009000,-0.205000,0.206000,-0.184000
0.154000,0.228000,0.075000,-0.192000,0.039000,0.151000,-0.578000,-2.619000,-1.357000,-0.376000,0.262000,-0.114000
0.185000,0.250000,0.065000,-0.218000,0.060000,0.157000,-0.780000,-3.155000,-1.770000,-0.615000,0.310000,-0.055000
0.282000,0.297000,0.015000,-0.290000,0.133000,0.156000,-0.996000,-3.620000,-2.145000,-0.851000,0.383000,0.018000
0.345000,0.304000,-0.041000,-0.324000,0.193000,0.131000,-1.171000,-4.020000,-2.504000,-1.087000,0.437000,0.081000
0.375000,0.289000,-0.086000,-0.332000,0.230000,0.101000,-1.351000,-4.382000,-2.849000,-1.304000,0.507000,0.157000
0.436000,0.284000,-0.151000,-0.360000,0.293000,0.066000,-1.565000,-4.698000,-3.159000,-1.498000,0.612000,0.255000
0.535000,0.280000,-0.255000,-0.407000,0.395000,0.012000,-1.785000,-4.970000,-3.450000,-1.695000,0.705000,0.345000
0.620000,0.272000,-0.347000,-0.446000,0.483000,-0.038000,-1.993000,-5.231000,-3.763000,-1.902000,0.768000,0.408000
0.705000,0.264000,-0.441000,-0.484000,0.573000,-0.088000,-2.134000,-5.407000,-4.016000,-2.071000,0.849000,0.492000
0.781000,0.257000,-0.524000,-0.518000,0.652000,-0.133000,-2.267000,-5.515000,-4.205000,-2.189000,0.954000,0.601000
0.874000,0.255000,-0.619000,-0.565000,0.746000,-0.182000,-2.414000,-5.590000,-4.360000,-2.282000,1.069000,0.713000
0.980000,0.255000,-0.725000,-0.617000,0.852000,-0.235000,-2.525000,-5.615000,-4.465000,-2.350000,1.190000,0.830000
0.984000,0.252000,-0.732000,-0.618000,0.857000,-0.240000,-2.604000,-5.584000,-4.507000,-2.371000,1.313000,0.960000
1.026000,0.280000,-0.746000,-0.653000,0.886000,-0.233000,-2.661000,-5.555000,-4.582000,-2.432000,1.407000,1.066000
1.112000,0.315000,-0.798000,-0.713000,0.955000,-0.241000,-2.692000,-5.517000,-4.641000,-2.497000,1.481000,1.151000
1.179000,0.334000,-0.844000,-0.756000,1.011000,-0.254000,-2.693000,-5.462000,-4.679000,-2.579000,1.516000,1.203000
1.220000,0.345000,-0.875000,-0.782000,1.047000,-0.265000,-2.680000,-5.410000,-4.750000,-2.720000,1.495000,1.205000
1.260000,0.337000,-0.922000,-0.798000,1.090000,-0.292000,-2.675000,-5.340000,-4.778000,-2.811000,1.483000,1.193000
1.299000,0.331000,-0.968000,-0.815000,1.133000,-0.318000,-2.637000,-5.219000,-4.743000,-2.893000,1.468000,1.180000
1.309000,0.328000,-0.982000,-0.818000,1.145000,-0.327000,-2.587000,-5.069000,-4.691000,-2.955000,1.454000,1.171000
1.298000,0.325000,-0.974000,-0.811000,1.136000,-0.324000,-2.543000,-4.936000,-4.640000,-2.970000,1.440000,1.162000
1.295000,0.320000,-0.975000,-0.807000,1.135000,-0.327000,-2.490000,-4.825000,-4.560000,-2.960000,1.415000,1.150000
1.271000,0.293000,-0.978000,-0.781000,1.124000,-0.342000,-2.443000,-4.682000,-4.456000,-2.952000,1.392000,1.138000
1.227000,0.264000,-0.963000,-0.745000,1.094000,-0.349000,-2.386000,-4.541000,-4.358000,-2.942000,1.354000,1.128000
1.252000,0.233000,-1.018000,-0.742000,1.135000,-0.392000,-2.310000,-4.391000,-4.259000,-2.942000,1.306000,1.122000
1.278000,0.195000,-1.083000,-0.737000,1.180000,-0.443000,-2.232000,-4.233000,-4.154000,-2.916000,1.276000,1.120000
1.215000,0.160000,-1.055000,-0.687000,1.135000,-0.447000,-2.170000,-4.100000,-4.050000,-2.830000,1.275000,1.120000
1.229000,0.135000,-1.094000,-0.682000,1.162000,-0.479000,-2.112000,-3.968000,-3.925000,-2.743000,1.275000,1.120000
1.227000,0.114000,-1.113000,-0.670000,1.170000,-0.499000,-2.035000,-3.801000,-3.777000,-2.641000,1.274000,1.120000
1.194000,0.080000,-1.113000,-0.637000,1.153000,-0.517000,-1.945000,-3.623000,-3.627000,-2.531000,1.277000,1.120000
1.180000,0.033000,-1.147000,-0.606000,1.163000,-0.557000,-1.869000,-3.461000,-3.492000,-2.441000,1.272000,1.119000
1.195000,-0.005000,-1.200000,-0.595000,1.198000,-0.602000,-1.810000,-3.300000,-3.350000,-2.365000,1.260000,1.115000
1.205000,-0.014000,-1.219000,-0.595000,1.212000,-0.616000,-1.721000,-3.106000,-3.158000,-2.246000,1.280000,1.115000
1.164000,-0.020000,-1.184000,-0.571000,1.175000,-0.602000,-1.613000,-2.868000,-2.906000,-2.059000,1.324000,1.115000
1.096000,-0.030000,-1.126000,-0.533000,1.112000,-0.578000,-1.511000,-2.646000,-2.671000,-1.876000,1.360000,1.114000
1.054000,-0.036000,-1.090000,-0.509000,1.072000,-0.563000,-1.416000,-2.458000,-2.486000,-1.738000,1.362000,1.117000
1.045000,-0.040000,-1.085000,-0.502000,1.065000,-0.562000,-1.320000,-2.275000,-2.320000,-1.625000,1.340000,1.115000
1.018000,-0.059000,-1.078000,-0.479000,1.049000,-0.569000,-1.227000,-2.107000,-2.173000,-1.540000,1.326000,1.073000
0.985000,-0.082000,-1.067000,-0.451000,1.026000,-0.574000,-1.146000,-1.931000,-2.010000,-1.454000,1.290000,1.029000
0.940000,-0.126000,-1.067000,-0.407000,1.004000,-0.596000,-1.077000,-1.751000,-1.842000,-1.368000,1.243000,0.991000
0.887000,-0.164000,-1.051000,-0.362000,0.969000,-0.607000,-1.006000,-1.576000,-1.678000,-1.274000,1.207000,0.958000
0.835000,-0.155000,-0.990000,-0.340000,0.913000,-0.572000,-0.920000,-1.400000,-1.510000,-1.160000,1.185000,0.925000
0.780000,-0.154000,-0.934000,-0.313000,0.858000,-0.544000,-0.833000,-1.245000,-1.354000,-1.062000,1.168000,0.870000
0.754000,-0.155000,-0.909000,-0.299000,0.832000,-0.532000,-0.770000,-1.114000,-1.228000,-0.981000,1.121000,0.814000
0.746000,-0.155000,-0.901000,-0.296000,0.824000,-0.528000,-0.703000,-0.981000,-1.109000,-0.912000,1.045000,0.751000
0.728000,-0.155000,-0.883000,-0.287000,0.806000,-0.519000,-0.620000,-0.832000,-0.976000,-0.841000,0.957000,0.659000
0.695000,-0.155000,-0.850000,-0.270000,0.773000,-0.502000,-0.550000,-0.690000,-0.845000,-0.765000,0.860000,0.545000
0.668000,-0.155000,-0.823000,-0.256000,0.746000,-0.489000,-0.493000,-0.577000,-0.742000,-0.706000,0.749000,0.440000
0.628000,-0.155000,-0.783000,-0.236000,0.706000,-0.469000,-0.409000,-0.430000,-0.624000,-0.632000,0.627000,0.304000
0.584000,-0.155000,-0.739000,-0.214000,0.662000,-0.447000,-0.329000,-0.294000,-0.514000,-0.566000,0.489000,0.146000
0.536000,-0.155000,-0.691000,-0.190000,0.614000,-0.423000,-0.270000,-0.187000,-0.413000,-0.507000,0.372000,0.019000
0.475000,-0.155000,-0.630000,-0.160000,0.553000,-0.392000,-0.210000,-0.065000,-0.295000,-0.430000,0.290000,-0.075000
0.418000,-0.155000,-0.573000,-0.132000,0.496000,-0.364000,-0.150000,0.050000,-0.191000,-0.373000,0.173000,-0.198000
0.368000,-0.155000,-0.523000,-0.106000,0.446000,-0.338000,-0.089000,0.140000,-0.117000,-0.321000,0.078000,-0.285000
0.324000,-0.155000,-0.478000,-0.084000,0.402000,-0.316000,-0.033000,0.220000,-0.052000,-0.272000,-0.016000,-0.378000
0.277000,-0.155000,-0.433000,-0.060000,0.355000,-0.294000,0.017000,0.300000,0.017000,-0.230000,-0.118000,-0.491000
0.225000,-0.155000,-0.380000,-0.035000,0.303000,-0.267000,0.070000,0.380000,0.085000,-0.190000,-0.195000,-0.575000
0.180000,-0.152000,-0.331000,-0.014000,0.256000,-0.241000,0.128000,0.466000,0.155000,-0.153000,-0.261000,-0.653000
0.111000,-0.178000,-0.289000,0.034000,0.200000,-0.233000,0.168000,0.535000,0.205000,-0.122000,-0.348000,-0.747000
0.064000,-0.189000,-0.253000,0.062000,0.159000,-0.221000,0.222000,0.612000,0.262000,-0.083000,-0.436000,-0.838000
0.042000,-0.172000,-0.213000,0.065000,0.128000,-0.192000,0.291000,0.702000,0.340000,-0.033000,-0.489000,-0.895000
-0.005000,-0.165000,-0.160000,0.085000,0.078000,-0.162000,0.340000,0.780000,0.415000,0.015000,-0.510000,-0.920000
-0.048000,-0.158000,-0.110000,0.103000,0.032000,-0.133000,0.380000,0.849000,0.471000,0.063000,-0.537000,-0.948000
-0.069000,-0.146000,-0.077000,0.108000,0.004000,-0.111000,0.419000,0.912000,0.530000,0.108000,-0.567000,-0.974000
-0.083000,-0.136000,-0.053000,0.110000,-0.015000,-0.094000,0.448000,0.964000,0.589000,0.154000,-0.575000,-0.979000
-0.108000,-0.128000,-0.020000,0.118000,-0.044000,-0.074000,0.479000,1.022000,0.652000,0.210000,-0.569000,-0.967000
-0.145000,-0.120000,0.025000,0.132000,-0.085000,-0.047000,0.520000,1.095000,0.720000,0.265000,-0.570000,-0.960000
-0.186000,-0.115000,0.071000,0.151000,-0.128000,-0.022000,0.545000,1.144000,0.773000,0.302000,-0.570000,-0.952000
-0.213000,-0.115000,0.099000,0.164000,-0.156000,-0.008000,0.563000,1.190000,0.817000,0.336000,-0.570000,-0.944000
-0.224000,-0.115000,0.109000,0.169000,-0.166000,-0.003000,0.576000,1.224000,0.848000,0.359000,-0.570000,-0.936000
-0.252000,-0.115000,0.137000,0.183000,-0.194000,0.011000,0.597000,1.256000,0.880000,0.376000,-0.570000,-0.928000
-0.300000,-0.115000,0.185000,0.207000,-0.242000,0.035000,0.630000,1.305000,0.925000,0.405000,-0.570000,-0.920000
-0.296000,-0.111000,0.185000,0.203000,-0.240000,0.037000,0.646000,1.334000,0.953000,0.425000,-0.570000,-0.916000
-0.310000,-0.110000,0.200000,0.210000,-0.255000,0.045000,0.666000,1.359000,0.983000,0.447000,-0.567000,-0.914000
-0.318000,-0.110000,0.208000,0.214000,-0.263000,0.049000,0.680000,1.376000,1.002000,0.456000,-0.564000,-0.918000
-0.302000,-0.110000,0.191000,0.205000,-0.247000,0.040000,0.679000,1.380000,1.006000,0.456000,-0.565000,-0.927000
-0.295000,-0.110000,0.185000,0.202000,-0.240000,0.037000,0.680000,1.390000,1.015000,0.465000,-0.565000,-0.935000
-0.293000,-0.106000,0.187000,0.199000,-0.240000,0.040000,0.693000,1.422000,1.038000,0.468000,-0.565000,-0.947000
-0.310000,-0.105000,0.205000,0.207000,-0.257000,0.050000,0.696000,1.448000,1.063000,0.482000,-0.565000,-0.954000
-0.341000,-0.105000,0.236000,0.223000,-0.288000,0.065000,0.712000,1.476000,1.088000,0.495000,-0.565000,-0.956000
-0.354000,-0.105000,0.249000,0.229000,-0.301000,0.071000,0.733000,1.506000,1.109000,0.502000,-0.565000,-0.962000
-0.330000,-0.105000,0.225000,0.217000,-0.277000,0.060000,0.735000,1.525000,1.125000,0.515000,-0.565000,-0.970000
-0.312000,-0.105000,0.206000,0.208000,-0.259000,0.051000,0.754000,1.552000,1.152000,0.531000,-0.565000,-0.975000
-0.315000,-0.102000,0.214000,0.208000,-0.264000,0.056000,0.776000,1.580000,1.179000,0.548000,-0.568000,-0.973000
-0.370000,-0.099000,0.270000,0.234000,-0.320000,0.085000,0.776000,1.582000,1.184000,0.544000,-0.586000,-0.982000
-0.419000,-0.100000,0.319000,0.259000,-0.369000,0.109000,0.773000,1.585000,1.190000,0.537000,-0.601000,-0.997000
-0.400000,-0.100000,0.300000,0.250000,-0.350000,0.100000,0.800000,1.625000,1.225000,0.560000,-0.595000,-0.995000
-0.388000,-0.100000,0.287000,0.244000,-0.338000,0.093000,0.819000,1.661000,1.256000,0.579000,-0.592000,-0.992000
-0.372000,-0.097000,0.275000,0.234000,-0.323000,0.089000,0.816000,1.669000,1.261000,0.574000,-0.613000,-1.015000
-0.363000,-0.094000,0.268000,0.229000,-0.315000,0.086000,0.822000,1.692000,1.280000,0.587000,-0.616000,-1.023000
-0.348000,-0.095000,0.253000,0.221000,-0.300000,0.078000,0.836000,1.724000,1.308000,0.606000,-0.613000,-1.024000
-0.340000,-0.095000,0.245000,0.217000,-0.292000,0.075000,0.840000,1.735000,1.315000,0.600000,-0.635000,-1.050000
-0.423000,-0.095000,0.328000,0.258000,-0.375000,0.117000,0.869000,1.772000,1.351000,0.624000,-0.626000,-1.042000
-0.448000,-0.096000,0.351000,0.272000,-0.399000,0.127000,0.881000,1.787000,1.372000,0.636000,-0.637000,-1.049000
-0.425000,-0.091000,0.334000,0.258000,-0.380000,0.121000,0.879000,1.786000,1.378000,0.633000,-0.660000,-1.070000
-0.429000,-0.093000,0.336000,0.261000,-0.383000,0.121000,0.890000,1.801000,1.397000,0.638000,-0.672000,-1.082000
-0.440000,-0.110000,0.330000,0.275000,-0.385000,0.110000,0.915000,1.835000,1.430000,0.655000,-0.675000,-1.085000
-0.423000,-0.107000,0.316000,0.264000,-0.369000,0.105000,0.931000,1.867000,1.453000,0.670000,-0.673000,-1.082000
-0.496000,-0.105000,0.392000,0.300000,-0.443000,0.143000,0.918000,1.868000,1.456000,0.663000,-0.691000,-1.108000
-0.537000,-0.103000,0.433000,0.320000,-0.485000,0.165000,0.925000,1.884000,1.472000,0.666000,-0.699000,-1.120000
-0.488000,-0.099000,0.388000,0.294000,-0.438000,0.144000,0.948000,1.915000,1.500000,0.683000,-0.697000,-1.118000
-0.470000,-0.100000,0.370000,0.285000,-0.420000,0.135000,0.950000,1.925000,1.515000,0.690000,-0.710000,-1.135000
-0.496000,-0.101000,0.396000,0.298000,-0.446000,0.147000,0.964000,1.947000,1.537000,0.709000,-0.708000,-1.129000
-0.457000,-0.097000,0.361000,0.276000,-0.409000,0.132000,0.957000,1.946000,1.538000,0.702000,-0.728000,-1.151000
-0.455000,-0.095000,0.361000,0.275000,-0.407000,0.133000,0.964000,1.955000,1.554000,0.712000,-0.742000,-1.169000
-0.508000,-0.094000,0.414000,0.301000,-0.460000,0.160000,0.989000,1.978000,1.585000,0.739000,-0.733000,-1.164000
-0.510000,-0.090000,0.420000,0.300000,-0.465000,0.165000,0.990000,1.975000,1.590000,0.735000,-0.730000,-1.165000
-0.514000,-0.090000,0.424000,0.302000,-0.469000,0.167000,0.989000,1.981000,1.596000,0.733000,-0.730000,-1.174000
-0.514000,-0.091000,0.423000,0.302000,-0.469000,0.166000,0.995000,1.999000,1.617000,0.746000,-0.727000,-1.173000
-0.521000,-0.088000,0.433000,0.304000,-0.477000,0.172000,1.007000,2.022000,1.642000,0.764000,-0.725000,-1.167000
-0.521000,-0.084000,0.438000,0.303000,-0.479000,0.176000,1.007000,2.027000,1.649000,0.769000,-0.725000,-1.165000
-0.510000,-0.080000,0.430000,0.295000,-0.470000,0.175000,0.995000,2.015000,1.645000,0.765000,-0.720000,-1.165000
-0.548000,-0.076000,0.472000,0.312000,-0.509000,0.197000,1.020000,2.040000,1.675000,0.794000,-0.716000,-1.161000
-0.554000,-0.072000,0.481000,0.313000,-0.517000,0.204000,1.022000,2.043000,1.678000,0.801000,-0.715000,-1.160000
-0.540000,-0.067000,0.473000,0.303000,-0.507000,0.202000,1.011000,2.029000,1.680000,0.805000,-0.714000,-1.159000
-0.540000,-0.065000,0.475000,0.302000,-0.507000,0.205000,1.010000,2.024000,1.699000,0.816000,-0.709000,-1.154000
-0.540000,-0.065000,0.475000,0.302000,-0.507000,0.205000,1.005000,2.020000,1.705000,0.810000,-0.710000,-1.150000
-0.532000,-0.057000,0.475000,0.294000,-0.503000,0.209000,0.997000,2.012000,1.701000,0.808000,-0.724000,-1.150000
-0.526000,-0.051000,0.474000,0.288000,-0.500000,0.211000,0.991000,2.003000,1.699000,0.819000,-0.716000,-1.146000
-0.526000,-0.048000,0.477000,0.286000,-0.501000,0.214000,0.989000,1.999000,1.700000,0.829000,-0.696000,-1.146000
-0.514000,-0.044000,0.470000,0.279000,-0.492000,0.213000,0.982000,1.992000,1.700000,0.830000,-0.681000,-1.142000
-0.495000,-0.040000,0.455000,0.267000,-0.475000,0.207000,0.970000,1.975000,1.700000,0.830000,-0.665000,-1.125000
-0.515000,-0.036000,0.480000,0.275000,-0.497000,0.222000,0.962000,1.959000,1.700000,0.842000,-0.653000,-1.113000
-0.519000,-0.033000,0.486000,0.275000,-0.502000,0.226000,0.951000,1.943000,1.701000,0.853000,-0.641000,-1.098000
-0.516000,-0.024000,0.492000,0.270000,-0.504000,0.233000,0.941000,1.928000,1.695000,0.854000,-0.629000,-1.084000
-0.519000,-0.013000,0.506000,0.265000,-0.512000,0.247000,0.932000,1.908000,1.682000,0.849000,-0.617000,-1.071000
-0.505000,-0.005000,0.500000,0.255000,-0.502000,0.247000,0.920000,1.875000,1.670000,0.845000,-0.605000,-1.055000
-0.493000,0.007000,0.499000,0.243000,-0.496000,0.253000,0.913000,1.846000,1.658000,0.845000,-0.594000,-1.044000
-0.482000,0.019000,0.501000,0.232000,-0.492000,0.260000,0.896000,1.822000,1.647000,0.842000,-0.573000,-1.025000
-0.466000,0.032000,0.498000,0.217000,-0.483000,0.264000,0.876000,1.799000,1.630000,0.840000,-0.548000,-1.007000
-0.453000,0.042000,0.495000,0.205000,-0.474000,0.268000,0.861000,1.772000,1.611000,0.840000,-0.524000,-0.990000
-0.445000,0.050000,0.495000,0.197000,-0.470000,0.272000,0.845000,1.740000,1.595000,0.835000,-0.500000,-0.965000
-0.427000,0.069000,0.495000,0.178000,-0.461000,0.282000,0.829000,1.713000,1.571000,0.830000,-0.476000,-0.941000
-0.432000,0.060000,0.492000,0.186000,-0.462000,0.275000,0.810000,1.676000,1.550000,0.830000,-0.452000,-0.914000
-0.428000,0.061000,0.490000,0.183000,-0.459000,0.275000,0.792000,1.635000,1.528000,0.828000,-0.428000,-0.886000
-0.405000,0.085000,0.490000,0.160000,-0.448000,0.287000,0.774000,1.595000,1.505000,0.825000,-0.403000,-0.858000
-0.395000,0.095000,0.490000,0.150000,-0.443000,0.292000,0.750000,1.555000,1.485000,0.825000,-0.375000,-0.830000
-0.387000,0.104000,0.491000,0.142000,-0.440000,0.297000,0.731000,1.516000,1.453000,0.810000,-0.351000,-0.805000
-0.380000,0.104000,0.484000,0.138000,-0.432000,0.294000,0.699000,1.469000,1.421000,0.793000,-0.327000,-0.787000
-0.384000,0.093000,0.478000,0.145000,-0.431000,0.286000,0.662000,1.422000,1.387000,0.777000,-0.304000,-0.774000
-0.371000,0.102000,0.473000,0.134000,-0.422000,0.288000,0.633000,1.379000,1.352000,0.762000,-0.277000,-0.753000
-0.325000,0.140000,0.465000,0.092000,-0.395000,0.302000,0.610000,1.335000,1.320000,0.750000,-0.240000,-0.715000
-0.324000,0.138000,0.462000,0.093000,-0.393000,0.299000,0.586000,1.292000,1.280000,0.734000,-0.207000,-0.678000
-0.317000,0.132000,0.449000,0.093000,-0.383000,0.290000,0.559000,1.239000,1.242000,0.721000,-0.181000,-0.648000
-0.306000,0.125000,0.432000,0.091000,-0.369000,0.278000,0.532000,1.181000,1.208000,0.709000,-0.160000,-0.623000
-0.286000,0.130000,0.416000,0.078000,-0.352000,0.273000,0.509000,1.127000,1.178000,0.697000,-0.139000,-0.599000
-0.250000,0.150000,0.400000,0.050000,-0.325000,0.275000,0.485000,1.080000,1.150000,0.685000,-0.115000,-0.575000
-0.252000,0.131000,0.384000,0.061000,-0.318000,0.258000,0.461000,1.036000,1.106000,0.665000,-0.092000,-0.552000
-0.220000,0.150000,0.370000,0.035000,-0.296000,0.260000,0.437000,0.994000,1.064000,0.645000,-0.059000,-0.521000
-0.193000,0.168000,0.361000,0.012000,-0.277000,0.264000,0.414000,0.956000,1.026000,0.625000,-0.022000,-0.490000
-0.194000,0.159000,0.353000,0.017000,-0.274000,0.255000,0.388000,0.914000,0.992000,0.605000,0.006000,-0.464000
-0.185000,0.160000,0.345000,0.012000,-0.265000,0.252000,0.355000,0.865000,0.960000,0.585000,0.025000,-0.440000
-0.177000,0.160000,0.337000,0.008000,-0.257000,0.248000,0.326000,0.817000,0.917000,0.561000,0.046000,-0.420000
-0.170000,0.159000,0.329000,0.005000,-0.249000,0.244000,0.307000,0.769000,0.870000,0.536000,0.061000,-0.395000
-0.159000,0.163000,0.321000,-0.003000,-0.240000,0.242000,0.293000,0.722000,0.834000,0.517000,0.084000,-0.365000
-0.139000,0.173000,0.312000,-0.017000,-0.226000,0.242000,0.275000,0.680000,0.809000,0.508000,0.110000,-0.340000
-0.120000,0.180000,0.300000,-0.030000,-0.210000,0.240000,0.255000,0.640000,0.780000,0.495000,0.125000,-0.330000
-0.117000,0.175000,0.292000,-0.029000,-0.205000,0.233000,0.236000,0.604000,0.743000,0.472000,0.137000,-0.322000
-0.103000,0.180000,0.284000,-0.039000,-0.194000,0.232000,0.210000,0.568000,0.703000,0.446000,0.149000,-0.311000
-0.122000,0.155000,0.277000,-0.016000,-0.200000,0.215000,0.181000,0.534000,0.669000,0.424000,0.160000,-0.301000
-0.125000,0.142000,0.267000,-0.008000,-0.196000,0.204000,0.161000,0.502000,0.644000,0.406000,0.174000,-0.292000
-0.055000,0.195000,0.250000,-0.070000,-0.153000,0.222000,0.150000,0.470000,0.620000,0.385000,0.190000,-0.280000
-0.040000,0.194000,0.234000,-0.077000,-0.137000,0.214000,0.138000,0.438000,0.581000,0.353000,0.191000,-0.271000
-0.033000,0.185000,0.218000,-0.076000,-0.126000,0.201000,0.126000,0.409000,0.538000,0.322000,0.188000,-0.269000
-0.018000,0.186000,0.203000,-0.084000,-0.111000,0.194000,0.114000,0.381000,0.506000,0.301000,0.194000,-0.270000
-0.009000,0.184000,0.193000,-0.088000,-0.101000,0.188000,0.102000,0.353000,0.485000,0.286000,0.200000,-0.270000
-0.005000,0.180000,0.185000,-0.088000,-0.095000,0.182000,0.090000,0.325000,0.465000,0.270000,0.195000,-0.270000
0.003000,0.180000,0.177000,-0.092000,-0.087000,0.178000,0.082000,0.300000,0.438000,0.254000,0.195000,-0.270000
0.009000,0.178000,0.169000,-0.094000,-0.081000,0.173000,0.074000,0.285000,0.407000,0.238000,0.196000,-0.270000
0.011000,0.172000,0.161000,-0.092000,-0.075000,0.167000,0.066000,0.276000,0.387000,0.222000,0.193000,-0.270000
0.017000,0.170000,0.153000,-0.094000,-0.068000,0.161000,0.058000,0.267000,0.378000,0.207000,0.198000,-0.270000
0.025000,0.170000,0.145000,-0.098000,-0.060000,0.157000,0.050000,0.255000,0.370000,0.195000,0.210000,-0.270000
0.029000,0.166000,0.137000,-0.098000,-0.055000,0.151000,0.042000,0.247000,0.358000,0.179000,0.199000,-0.270000
0.037000,0.165000,0.128000,-0.102000,-0.046000,0.147000,0.036000,0.236000,0.349000,0.166000,0.188000,-0.271000
0.039000,0.162000,0.123000,-0.101000,-0.043000,0.142000,0.035000,0.226000,0.339000,0.154000,0.181000,-0.268000
0.035000,0.153000,0.118000,-0.094000,-0.042000,0.135000,0.034000,0.218000,0.328000,0.143000,0.173000,-0.274000
0.035000,0.145000,0.110000,-0.090000,-0.038000,0.127000,0.030000,0.210000,0.320000,0.135000,0.165000,-0.295000
0.031000,0.137000,0.106000,-0.084000,-0.038000,0.121000,0.030000,0.206000,0.312000,0.127000,0.157000,-0.292000
0.029000,0.129000,0.100000,-0.080000,-0.036000,0.114000,0.027000,0.203000,0.304000,0.119000,0.149000,-0.289000
0.031000,0.121000,0.090000,-0.076000,-0.030000,0.105000,0.025000,0.196000,0.296000,0.111000,0.140000,-0.290000
0.019000,0.113000,0.093000,-0.066000,-0.037000,0.103000,0.024000,0.189000,0.288000,0.103000,0.143000,-0.290000
-0.005000,0.105000,0.110000,-0.050000,-0.058000,0.107000,0.020000,0.185000,0.280000,0.095000,0.160000,-0.290000
-0.003000,0.100000,0.103000,-0.049000,-0.053000,0.102000,0.020000,0.181000,0.272000,0.087000,0.153000,-0.290000
0.007000,0.100000,0.093000,-0.054000,-0.043000,0.097000,0.017000,0.177000,0.264000,0.079000,0.143000,-0.289000
0.010000,0.098000,0.088000,-0.054000,-0.039000,0.093000,0.015000,0.175000,0.256000,0.071000,0.136000,-0.295000
0.011000,0.094000,0.083000,-0.053000,-0.037000,0.089000,0.014000,0.175000,0.249000,0.063000,0.128000,-0.308000
0.020000,0.095000,0.075000,-0.058000,-0.028000,0.085000,0.010000,0.175000,0.245000,0.055000,0.120000,-0.315000
0.029000,0.096000,0.066000,-0.063000,-0.019000,0.081000,0.010000,0.175000,0.237000,0.047000,0.112000,-0.326000
0.029000,0.092000,0.063000,-0.061000,-0.017000,0.077000,0.010000,0.172000,0.232000,0.042000,0.104000,-0.343000
0.035000,0.090000,0.054000,-0.063000,-0.009000,0.072000,0.010000,0.169000,0.226000,0.038000,0.098000,-0.352000
0.047000,0.089000,0.043000,-0.069000,0.002000,0.066000,0.009000,0.170000,0.218000,0.035000,0.094000,-0.350000
0.050000,0.085000,0.035000,-0.068000,0.007000,0.060000,0.005000,0.170000,0.215000,0.035000,0.090000,-0.350000
0.062000,0.085000,0.023000,-0.073000,0.019000,0.053000,0.005000,0.170000,0.219000,0.035000,0.086000,-0.350000
0.072000,0.086000,0.014000,-0.079000,0.028000,0.050000,0.005000,0.171000,0.220000,0.035000,0.081000,-0.348000
0.078000,0.082000,0.004000,-0.079000,0.036000,0.042000,0.005000,0.168000,0.220000,0.035000,0.080000,-0.355000
0.080000,0.073000,-0.007000,-0.076000,0.043000,0.033000,0.005000,0.165000,0.220000,0.035000,0.079000,-0.367000
0.085000,0.070000,-0.015000,-0.077000,0.050000,0.027000,0.005000,0.165000,0.220000,0.035000,0.075000,-0.370000
0.102000,0.067000,-0.035000,-0.084000,0.068000,0.016000,0.001000,0.165000,0.220000,0.035000,0.071000,-0.370000
0.068000,0.059000,-0.009000,-0.063000,0.038000,0.024000,0.000000,0.166000,0.220000,0.032000,0.067000,-0.369000
0.002000,0.053000,0.050000,-0.028000,-0.024000,0.051000,0.000000,0.163000,0.220000,0.029000,0.063000,-0.373000
-0.024000,0.049000,0.073000,-0.013000,-0.048000,0.060000,0.000000,0.160000,0.220000,0.030000,0.060000,-0.383000
0.020000,0.045000,0.025000,-0.033000,-0.003000,0.035000,0.000000,0.160000,0.220000,0.030000,0.060000,-0.390000
0.070000,0.048000,-0.022000,-0.059000,0.046000,0.012000,-0.001000,0.160000,0.220000,0.030000,0.056000,-0.386000
0.060000,0.058000,-0.002000,-0.059000,0.032000,0.027000,0.005000,0.160000,0.220000,0.030000,0.054000,-0.385000
0.005000,0.056000,0.050000,-0.031000,-0.023000,0.053000,0.015000,0.159000,0.220000,0.031000,0.056000,-0.385000
-0.036000,0.042000,0.078000,-0.003000,-0.058000,0.060000,0.021000,0.161000,0.219000,0.028000,0.054000,-0.386000
-0.040000,0.035000,0.075000,0.002000,-0.058000,0.055000,0.025000,0.175000,0.220000,0.030000,0.050000,-0.385000
-0.046000,0.029000,0.075000,0.008000,-0.061000,0.052000,0.033000,0.201000,0.237000,0.060000,0.050000,-0.365000
-0.064000,0.011000,0.075000,0.026000,-0.070000,0.043000,0.041000,0.204000,0.238000,0.065000,0.050000,-0.385000
-0.037000,0.038000,0.075000,-0.001000,-0.056000,0.056000,0.048000,0.199000,0.234000,0.056000,0.050000,-0.403000
0.004000,0.079000,0.075000,-0.042000,-0.036000,0.077000,0.050000,0.200000,0.234000,0.055000,0.049000,-0.402000
-0.010000,0.065000,0.075000,-0.028000,-0.043000,0.070000,0.050000,0.200000,0.230000,0.055000,0.045000,-0.415000
-0.015000,0.060000,0.075000,-0.023000,-0.045000,0.067000,0.050000,0.196000,0.230000,0.051000,0.045000,-0.412000
-0.017000,0.058000,0.075000,-0.021000,-0.046000,0.066000,0.050000,0.195000,0.231000,0.050000,0.045000,-0.409000
-0.024000,0.051000,0.075000,-0.014000,-0.050000,0.063000,0.050000,0.195000,0.228000,0.049000,0.045000,-0.410000
-0.021000,0.053000,0.075000,-0.016000,-0.048000,0.064000,0.050000,0.196000,0.225000,0.044000,0.044000,-0.410000
0.000000,0.075000,0.075000,-0.038000,-0.038000,0.075000,0.050000,0.200000,0.225000,0.040000,0.040000,-0.410000
0.008000,0.085000,0.076000,-0.047000,-0.035000,0.081000,0.048000,0.198000,0.221000,0.040000,0.040000,-0.410000
0.020000,0.082000,0.062000,-0.052000,-0.021000,0.072000,0.062000,0.214000,0.220000,0.037000,0.041000,-0.407000
0.055000,0.080000,0.024000,-0.068000,0.016000,0.051000,0.056000,0.216000,0.218000,0.033000,0.038000,-0.404000
0.055000,0.079000,0.025000,-0.068000,0.015000,0.052000,0.048000,0.213000,0.224000,0.037000,0.035000,-0.405000
-0.010000,0.075000,0.085000,-0.033000,-0.048000,0.080000,0.075000,0.235000,0.245000,0.050000,0.035000,-0.405000
-0.014000,0.074000,0.089000,-0.030000,-0.052000,0.081000,0.067000,0.241000,0.250000,0.055000,0.035000,-0.405000
0.000000,0.081000,0.082000,-0.041000,-0.041000,0.081000,0.075000,0.238000,0.251000,0.055000,0.036000,-0.405000
0.010000,0.102000,0.092000,-0.056000,-0.041000,0.096000,0.091000,0.248000,0.261000,0.070000,0.033000,-0.405000
0.006000,0.107000,0.101000,-0.057000,-0.047000,0.104000,0.097000,0.262000,0.272000,0.087000,0.030000,-0.404000
0.000000,0.095000,0.095000,-0.048000,-0.048000,0.095000,0.105000,0.265000,0.280000,0.090000,0.030000,-0.400000
0.043000,0.137000,0.093000,-0.091000,-0.025000,0.115000,0.113000,0.285000,0.296000,0.103000,0.030000,-0.400000
0.038000,0.144000,0.106000,-0.092000,-0.034000,0.125000,0.119000,0.298000,0.305000,0.100000,0.031000,-0.400000
0.007000,0.129000,0.122000,-0.069000,-0.058000,0.125000,0.119000,0.301000,0.304000,0.109000,0.028000,-0.400000
0.000000,0.124000,0.124000,-0.062000,-0.063000,0.124000,0.122000,0.307000,0.306000,0.127000,0.025000,-0.400000
0.010000,0.115000,0.105000,-0.063000,-0.048000,0.110000,0.130000,0.315000,0.310000,0.120000,0.025000,-0.400000
0.024000,0.106000,0.082000,-0.065000,-0.029000,0.094000,0.120000,0.310000,0.308000,0.113000,0.021000,-0.396000
-0.016000,0.138000,0.154000,-0.061000,-0.086000,0.146000,0.133000,0.320000,0.324000,0.128000,0.019000,-0.395000
-0.047000,0.158000,0.205000,-0.056000,-0.126000,0.182000,0.136000,0.321000,0.327000,0.136000,0.021000,-0.395000
-0.038000,0.148000,0.186000,-0.055000,-0.112000,0.167000,0.116000,0.300000,0.312000,0.128000,0.019000,-0.395000
-0.035000,0.150000,0.185000,-0.058000,-0.110000,0.167000,0.105000,0.285000,0.305000,0.125000,0.015000,-0.395000
-0.031000,0.151000,0.181000,-0.060000,-0.106000,0.166000,0.089000,0.269000,0.297000,0.121000,0.015000,-0.395000
-0.029000,0.147000,0.176000,-0.059000,-0.103000,0.162000,0.075000,0.252000,0.289000,0.120000,0.016000,-0.396000
-0.030000,0.145000,0.175000,-0.058000,-0.103000,0.160000,0.066000,0.240000,0.281000,0.119000,0.013000,-0.393000
-0.029000,0.145000,0.174000,-0.058000,-0.102000,0.160000,0.058000,0.233000,0.273000,0.114000,0.010000,-0.390000
-0.025000,0.145000,0.170000,-0.060000,-0.098000,0.157000,0.050000,0.225000,0.265000,0.110000,0.010000,-0.390000
-0.020000,0.145000,0.166000,-0.063000,-0.094000,0.156000,0.042000,0.217000,0.257000,0.110000,0.011000,-0.390000
-0.020000,0.142000,0.162000,-0.061000,-0.091000,0.152000,0.034000,0.209000,0.252000,0.108000,0.007000,-0.390000
-0.018000,0.139000,0.157000,-0.061000,-0.088000,0.148000,0.026000,0.201000,0.249000,0.102000,0.005000,-0.390000
-0.015000,0.140000,0.155000,-0.063000,-0.085000,0.147000,0.018000,0.194000,0.243000,0.100000,0.004000,-0.390000
-0.015000,0.140000,0.155000,-0.063000,-0.085000,0.147000,0.010000,0.190000,0.235000,0.100000,0.000000,-0.390000
-0.007000,0.136000,0.143000,-0.064000,-0.076000,0.139000,0.006000,0.186000,0.231000,0.096000,0.000000,-0.390000
0.001000,0.135000,0.133000,-0.068000,-0.066000,0.133000,0.002000,0.185000,0.227000,0.091000,0.001000,-0.387000
0.008000,0.135000,0.127000,-0.072000,-0.060000,0.130000,-0.002000,0.185000,0.223000,0.090000,-0.002000,-0.384000
0.018000,0.135000,0.117000,-0.077000,-0.050000,0.126000,-0.006000,0.185000,0.219000,0.089000,-0.005000,-0.385000
0.030000,0.135000,0.105000,-0.083000,-0.038000,0.120000,-0.010000,0.185000,0.215000,0.085000,-0.005000,-0.385000
0.034000,0.131000,0.096000,-0.083000,-0.031000,0.113000,-0.010000,0.185000,0.211000,0.085000,-0.005000,-0.385000
0.039000,0.130000,0.091000,-0.085000,-0.026000,0.109000,-0.013000,0.185000,0.206000,0.082000,-0.008000,-0.385000
0.054000,0.130000,0.076000,-0.092000,-0.011000,0.103000,-0.017000,0.185000,0.205000,0.080000,-0.011000,-0.385000
0.075000,0.131000,0.055000,-0.103000,0.010000,0.093000,-0.021000,0.184000,0.204000,0.080000,-0.010000,-0.385000
0.090000,0.130000,0.040000,-0.110000,0.025000,0.085000,-0.025000,0.180000,0.200000,0.075000,-0.010000,-0.385000
0.094000,0.118000,0.024000,-0.106000,0.035000,0.070000,-0.029000,0.180000,0.196000,0.070000,-0.010000,-0.381000
0.099000,0.109000,0.010000,-0.104000,0.044000,0.059000,-0.032000,0.180000,0.192000,0.070000,-0.010000,-0.380000
0.113000,0.099000,-0.013000,-0.106000,0.063000,0.043000,-0.025000,0.180000,0.188000,0.068000,-0.010000,-0.380000
0.101000,0.088000,-0.013000,-0.095000,0.057000,0.037000,-0.013000,0.180000,0.185000,0.065000,-0.010000,-0.380000
0.035000,0.080000,0.045000,-0.058000,-0.005000,0.062000,-0.005000,0.180000,0.185000,0.065000,-0.010000,-0.380000
-0.035000,0.068000,0.103000,-0.017000,-0.069000,0.085000,0.007000,0.180000,0.181000,0.061000,-0.010000,-0.380000
-0.050000,0.059000,0.109000,-0.004000,-0.080000,0.083000,0.016000,0.181000,0.177000,0.060000,-0.010000,-0.380000
-0.043000,0.051000,0.094000,-0.004000,-0.069000,0.072000,0.026000,0.178000,0.173000,0.058000,-0.010000,-0.380000
-0.046000,0.043000,0.088000,0.001000,-0.067000,0.065000,0.038000,0.175000,0.169000,0.055000,-0.010000,-0.380000
-0.045000,0.035000,0.080000,0.005000,-0.063000,0.057000,0.045000,0.175000,0.165000,0.055000,-0.010000,-0.380000
-0.044000,0.028000,0.072000,0.008000,-0.058000,0.050000,0.045000,0.175000,0.165000,0.051000,-0.010000,-0.376000
-0.052000,0.013000,0.064000,0.020000,-0.058000,0.038000,0.045000,0.175000,0.162000,0.050000,-0.010000,-0.374000
-0.022000,0.034000,0.056000,-0.006000,-0.039000,0.044000,0.045000,0.175000,0.158000,0.048000,-0.010000,-0.376000
0.019000,0.068000,0.049000,-0.044000,-0.015000,0.058000,0.045000,0.175000,0.154000,0.045000,-0.010000,-0.374000
0.010000,0.055000,0.045000,-0.033000,-0.018000,0.050000,0.045000,0.175000,0.150000,0.045000,-0.010000,-0.370000
0.009000,0.050000,0.041000,-0.030000,-0.016000,0.046000,0.045000,0.175000,0.146000,0.041000,-0.019000,-0.370000
0.011000,0.048000,0.037000,-0.030000,-0.013000,0.043000,0.045000,0.176000,0.145000,0.039000,-0.018000,-0.371000
0.008000,0.041000,0.033000,-0.025000,-0.013000,0.037000,0.046000,0.173000,0.143000,0.041000,-0.015000,-0.368000
0.005000,0.034000,0.029000,-0.019000,-0.013000,0.031000,0.053000,0.170000,0.140000,0.039000,-0.014000,-0.365000
0.005000,0.030000,0.025000,-0.018000,-0.010000,0.027000,0.065000,0.170000,0.140000,0.035000,-0.010000,-0.365000
0.005000,0.026000,0.021000,-0.016000,-0.008000,0.023000,0.061000,0.170000,0.140000,0.035000,-0.010000,-0.365000
0.005000,0.022000,0.017000,-0.014000,-0.006000,0.019000,0.060000,0.170000,0.140000,0.032000,-0.007000,-0.362000
0.005000,0.018000,0.013000,-0.012000,-0.004000,0.015000,0.058000,0.170000,0.140000,0.030000,-0.004000,-0.359000
0.005000,0.015000,0.010000,-0.010000,-0.003000,0.012000,0.054000,0.169000,0.140000,0.029000,-0.005000,-0.360000
0.005000,0.015000,0.010000,-0.010000,-0.003000,0.012000,0.055000,0.165000,0.140000,0.025000,-0.005000,-0.360000
0.006000,0.011000,0.006000,-0.009000,0.000000,0.008000,0.055000,0.165000,0.140000,0.025000,-0.001000,-0.356000
0.001000,0.006000,0.005000,-0.004000,-0.002000,0.005000,0.052000,0.165000,0.137000,0.022000,0.000000,-0.354000
0.002000,0.005000,0.004000,-0.004000,-0.002000,0.004000,0.049000,0.165000,0.134000,0.019000,0.002000,-0.356000
0.005000,0.004000,-0.001000,-0.004000,0.003000,0.001000,0.050000,0.165000,0.135000,0.020000,0.005000,-0.354000
-0.005000,-0.010000,-0.005000,0.008000,0.000000,-0.007000,0.050000,0.165000,0.135000,0.020000,0.005000,-0.350000
-0.022000,-0.027000,-0.005000,0.025000,-0.008000,-0.016000,0.046000,0.165000,0.135000,0.016000,0.009000,-0.350000
0.007000,0.000000,-0.008000,-0.003000,0.007000,-0.005000,0.044000,0.162000,0.135000,0.015000,0.011000,-0.351000
0.028000,0.016000,-0.012000,-0.022000,0.019000,0.002000,0.046000,0.159000,0.135000,0.015000,0.009000,-0.348000
0.010000,0.002000,-0.008000,-0.006000,0.008000,-0.002000,0.044000,0.160000,0.135000,0.015000,0.011000,-0.345000
-0.010000,-0.005000,0.005000,0.007000,-0.007000,0.000000,0.040000,0.160000,0.135000,0.015000,0.015000,-0.345000
-0.026000,-0.013000,0.013000,0.019000,-0.019000,0.000000,0.040000,0.160000,0.131000,0.015000,0.015000,-0.345000
-0.041000,-0.020000,0.021000,0.030000,-0.031000,0.000000,0.040000,0.161000,0.130000,0.015000,0.019000,-0.346000
-0.046000,-0.017000,0.029000,0.031000,-0.038000,0.006000,0.042000,0.158000,0.130000,0.015000,0.019000,-0.343000
-0.045000,-0.009000,0.037000,0.027000,-0.041000,0.014000,0.055000,0.155000,0.130000,0.014000,0.023000,-0.340000
-0.050000,-0.005000,0.045000,0.027000,-0.047000,0.020000,0.075000,0.155000,0.130000,0.010000,0.040000,-0.340000
-0.051000,0.003000,0.054000,0.023000,-0.053000,0.029000,0.072000,0.155000,0.130000,0.010000,0.037000,-0.340000
-0.042000,0.008000,0.050000,0.017000,-0.046000,0.028000,0.069000,0.155000,0.130000,0.010000,0.034000,-0.341000
-0.028000,0.015000,0.043000,0.006000,-0.035000,0.028000,0.070000,0.155000,0.130000,0.010000,0.035000,-0.336000
-0.019000,0.019000,0.038000,0.000000,-0.029000,0.029000,0.070000,0.155000,0.130000,0.010000,0.035000,-0.338000
-0.020000,0.010000,0.030000,0.005000,-0.025000,0.020000,0.070000,0.155000,0.130000,0.010000,0.035000,-0.355000
-0.020000,0.006000,0.026000,0.007000,-0.023000,0.016000,0.070000,0.155000,0.126000,0.010000,0.035000,-0.348000
-0.018000,0.002000,0.021000,0.008000,-0.020000,0.011000,0.070000,0.155000,0.125000,0.009000,0.035000,-0.338000
-0.010000,-0.002000,0.008000,0.006000,-0.008000,0.002000,0.070000,0.154000,0.123000,0.013000,0.035000,-0.333000
-0.024000,-0.006000,0.018000,0.015000,-0.021000,0.006000,0.070000,0.158000,0.129000,0.022000,0.035000,-0.328000
-0.060000,-0.010000,0.050000,0.035000,-0.055000,0.020000,0.070000,0.175000,0.150000,0.030000,0.035000,-0.320000
-0.022000,-0.015000,0.007000,0.018000,-0.014000,-0.004000,0.071000,0.205000,0.162000,0.036000,0.035000,-0.312000
0.042000,-0.010000,-0.052000,-0.016000,0.047000,-0.031000,0.067000,0.290000,0.215000,0.063000,0.033000,-0.307000
0.062000,-0.001000,-0.062000,-0.030000,0.062000,-0.032000,0.081000,0.380000,0.279000,0.094000,0.042000,-0.302000
0.047000,0.007000,-0.040000,-0.027000,0.043000,-0.017000,0.104000,0.429000,0.327000,0.123000,0.058000,-0.293000
0.045000,0.015000,-0.030000,-0.030000,0.037000,-0.007000,0.105000,0.440000,0.360000,0.155000,0.065000,-0.285000
0.041000,0.023000,-0.018000,-0.032000,0.029000,0.002000,0.101000,0.423000,0.353000,0.172000,0.069000,-0.277000
0.037000,0.032000,-0.005000,-0.034000,0.021000,0.013000,0.131000,0.419000,0.349000,0.186000,0.070000,-0.269000
0.032000,0.036000,0.004000,-0.034000,0.014000,0.020000,0.143000,0.365000,0.331000,0.187000,0.071000,-0.261000
0.031000,0.043000,0.012000,-0.037000,0.010000,0.027000,0.128000,0.224000,0.271000,0.179000,0.077000,-0.253000
0.050000,0.070000,0.020000,-0.060000,0.015000,0.045000,0.115000,0.015000,0.170000,0.175000,0.085000,-0.245000
0.090000,0.118000,0.028000,-0.104000,0.030000,0.072000,0.055000,-0.279000,0.034000,0.144000,0.085000,-0.232000
0.091000,0.127000,0.036000,-0.109000,0.027000,0.081000,0.004000,-0.609000,-0.134000,0.113000,0.091000,-0.227000
0.087000,0.131000,0.044000,-0.109000,0.021000,0.087000,-0.084000,-0.954000,-0.316000,0.068000,0.113000,-0.205000
0.096000,0.148000,0.051000,-0.122000,0.022000,0.099000,-0.210000,-1.301000,-0.511000,0.004000,0.142000,-0.174000
0.100000,0.160000,0.060000,-0.130000,0.020000,0.110000,-0.315000,-1.650000,-0.730000,-0.055000,0.185000,-0.145000
0.117000,0.200000,0.083000,-0.158000,0.017000,0.141000,-0.427000,-2.035000,-0.979000,-0.128000,0.263000,-0.068000
0.126000,0.236000,0.109000,-0.181000,0.008000,0.172000,-0.580000,-2.516000,-1.326000,-0.301000,0.312000,-0.012000
0.185000,0.280000,0.095000,-0.233000,0.045000,0.187000,-0.779000,-3.043000,-1.722000,-0.529000,0.370000,0.054000
0.253000,0.303000,0.050000,-0.278000,0.101000,0.176000,-0.991000,-3.530000,-2.096000,-0.758000,0.447000,0.140000
0.250000,0.265000,0.015000,-0.258000,0.117000,0.140000,-1.175000,-3.940000,-2.445000,-0.990000,0.505000,0.210000
0.277000,0.234000,-0.043000,-0.255000,0.160000,0.095000,-1.331000,-4.292000,-2.783000,-1.203000,0.579000,0.289000
0.372000,0.222000,-0.149000,-0.296000,0.261000,0.036000,-1.535000,-4.618000,-3.103000,-1.414000,0.661000,0.374000
0.467000,0.218000,-0.249000,-0.342000,0.358000,-0.016000,-1.792000,-4.944000,-3.435000,-1.641000,0.720000,0.437000
0.538000,0.213000,-0.325000,-0.375000,0.431000,-0.056000,-2.016000,-5.216000,-3.751000,-1.853000,0.779000,0.500000
0.620000,0.205000,-0.415000,-0.412000,0.517000,-0.105000,-2.155000,-5.380000,-3.995000,-2.010000,0.875000,0.595000
0.705000,0.200000,-0.505000,-0.452000,0.604000,-0.152000,-2.296000,-5.518000,-4.209000,-2.138000,0.976000,0.688000
0.785000,0.204000,-0.582000,-0.494000,0.683000,-0.189000,-2.420000,-5.595000,-4.365000,-2.230000,1.104000,0.810000
0.882000,0.220000,-0.662000,-0.551000,0.772000,-0.221000,-2.529000,-5.601000,-4.450000,-2.280000,1.243000,0.951000
0.983000,0.248000,-0.735000,-0.615000,0.859000,-0.243000,-2.628000,-5.582000,-4.513000,-2.325000,1.362000,1.080000
1.065000,0.285000,-0.780000,-0.675000,0.922000,-0.247000,-2.700000,-5.570000,-4.590000,-2.395000,1.450000,1.180000
1.160000,0.323000,-0.837000,-0.741000,0.998000,-0.256000,-2.737000,-5.531000,-4.651000,-2.451000,1.510000,1.248000
1.255000,0.340000,-0.916000,-0.797000,1.086000,-0.287000,-2.767000,-5.489000,-4.712000,-2.554000,1.534000,1.285000
1.293000,0.338000,-0.955000,-0.815000,1.124000,-0.308000,-2.758000,-5.449000,-4.776000,-2.682000,1.533000,1.301000
1.283000,0.335000,-0.949000,-0.809000,1.115000,-0.307000,-2.715000,-5.375000,-4.797000,-2.772000,1.531000,1.315000
1.285000,0.335000,-0.950000,-0.810000,1.117000,-0.307000,-2.680000,-5.240000,-4.755000,-2.825000,1.530000,1.330000
1.283000,0.332000,-0.950000,-0.807000,1.116000,-0.309000,-2.644000,-5.093000,-4.718000,-2.889000,1.500000,1.319000
1.273000,0.323000,-0.950000,-0.798000,1.111000,-0.313000,-2.611000,-4.975000,-4.679000,-2.940000,1.464000,1.309000
1.303000,0.352000,-0.951000,-0.828000,1.127000,-0.299000,-2.562000,-4.860000,-4.611000,-2.948000,1.440000,1.300000
1.318000,0.370000,-0.948000,-0.844000,1.132000,-0.289000,-2.501000,-4.725000,-4.507000,-2.932000,1.428000,1.287000
1.255000,0.305000,-0.950000,-0.780000,1.102000,-0.322000,-2.440000,-4.580000,-4.390000,-2.920000,1.415000,1.280000
1.240000,0.247000,-0.993000,-0.743000,1.116000,-0.373000,-2.355000,-4.421000,-4.284000,-2.884000,1.380000,1.276000
1.233000,0.201000,-1.032000,-0.717000,1.133000,-0.415000,-2.284000,-4.258000,-4.161000,-2.852000,1.343000,1.272000
1.249000,0.159000,-1.089000,-0.704000,1.169000,-0.465000,-2.225000,-4.123000,-4.063000,-2.811000,1.323000,1.268000
1.271000,0.121000,-1.150000,-0.696000,1.211000,-0.515000,-2.165000,-4.003000,-3.972000,-2.738000,1.319000,1.265000
1.250000,0.085000,-1.165000,-0.667000,1.207000,-0.540000,-2.100000,-3.855000,-3.830000,-2.635000,1.315000,1.265000
1.224000,0.047000,-1.177000,-0.636000,1.200000,-0.565000,-2.011000,-3.675000,-3.672000,-2.526000,1.311000,1.261000
1.214000,0.026000,-1.188000,-0.620000,1.201000,-0.581000,-1.935000,-3.503000,-3.534000,-2.426000,1.305000,1.256000
1.201000,0.014000,-1.187000,-0.608000,1.194000,-0.586000,-1.862000,-3.334000,-3.387000,-2.336000,1.309000,1.255000
1.181000,0.002000,-1.178000,-0.591000,1.179000,-0.588000,-1.770000,-3.146000,-3.199000,-2.220000,1.333000,1.255000
1.160000,-0.010000,-1.170000,-0.575000,1.165000,-0.590000,-1.660000,-2.925000,-2.965000,-2.045000,1.375000,1.250000
1.122000,-0.024000,-1.147000,-0.549000,1.135000,-0.585000,-1.548000,-2.679000,-2.702000,-1.855000,1.417000,1.245000
1.105000,-0.017000,-1.122000,-0.544000,1.114000,-0.569000,-1.471000,-2.496000,-2.512000,-1.726000,1.406000,1.248000
1.071000,-0.025000,-1.095000,-0.523000,1.083000,-0.560000,-1.391000,-2.336000,-2.367000,-1.634000,1.379000,1.233000
0.985000,-0.076000,-1.061000,-0.455000,1.023000,-0.569000,-1.299000,-2.163000,-2.217000,-1.542000,1.359000,1.203000
0.900000,-0.130000,-1.030000,-0.385000,0.965000,-0.580000,-1.210000,-1.980000,-2.050000,-1.445000,1.330000,1.180000
0.885000,-0.128000,-1.013000,-0.378000,0.949000,-0.570000,-1.093000,-1.755000,-1.855000,-1.327000,1.301000,1.148000
0.878000,-0.123000,-1.001000,-0.377000,0.940000,-0.562000,-1.033000,-1.587000,-1.695000,-1.230000,1.278000,1.121000
0.863000,-0.125000,-0.989000,-0.369000,0.927000,-0.557000,-0.971000,-1.431000,-1.537000,-1.135000,1.264000,1.083000
0.852000,-0.125000,-0.977000,-0.363000,0.915000,-0.551000,-0.880000,-1.269000,-1.381000,-1.038000,1.232000,1.033000
0.840000,-0.125000,-0.965000,-0.357000,0.903000,-0.545000,-0.815000,-1.145000,-1.265000,-0.960000,1.165000,0.985000
0.825000,-0.123000,-0.948000,-0.351000,0.887000,-0.535000,-0.744000,-1.007000,-1.135000,-0.891000,1.104000,0.918000
0.798000,-0.142000,-0.941000,-0.328000,0.870000,-0.541000,-0.666000,-0.858000,-0.997000,-0.832000,1.009000,0.813000
0.742000,-0.162000,-0.905000,-0.290000,0.824000,-0.533000,-0.598000,-0.715000,-0.867000,-0.761000,0.907000,0.702000
0.675000,-0.164000,-0.840000,-0.255000,0.758000,-0.502000,-0.531000,-0.591000,-0.754000,-0.683000,0.808000,0.598000
0.625000,-0.160000,-0.785000,-0.232000,0.705000,-0.472000,-0.450000,-0.470000,-0.650000,-0.620000,0.680000,0.470000
0.569000,-0.160000,-0.729000,-0.204000,0.649000,-0.444000,-0.385000,-0.315000,-0.529000,-0.548000,0.540000,0.310000
0.512000,-0.160000,-0.673000,-0.176000,0.593000,-0.416000,-0.326000,-0.199000,-0.427000,-0.480000,0.436000,0.193000
0.458000,-0.160000,-0.618000,-0.149000,0.538000,-0.388000,-0.261000,-0.093000,-0.329000,-0.422000,0.339000,0.091000
0.399000,-0.160000,-0.559000,-0.119000,0.479000,-0.359000,-0.193000,0.031000,-0.216000,-0.366000,0.236000,-0.013000
0.345000,-0.160000,-0.505000,-0.092000,0.425000,-0.332000,-0.130000,0.135000,-0.115000,-0.310000,0.145000,-0.100000
0.331000,-0.160000,-0.490000,-0.085000,0.410000,-0.325000,-0.069000,0.203000,-0.053000,-0.265000,0.038000,-0.209000
0.323000,-0.163000,-0.486000,-0.080000,0.405000,-0.324000,-0.018000,0.278000,0.004000,-0.225000,-0.071000,-0.334000
0.288000,-0.166000,-0.454000,-0.060000,0.371000,-0.310000,0.029000,0.361000,0.067000,-0.184000,-0.162000,-0.433000
0.240000,-0.163000,-0.403000,-0.038000,0.322000,-0.283000,0.077000,0.439000,0.131000,-0.146000,-0.232000,-0.502000
0.200000,-0.160000,-0.360000,-0.020000,0.280000,-0.260000,0.125000,0.515000,0.190000,-0.110000,-0.305000,-0.580000
0.137000,-0.176000,-0.312000,0.019000,0.224000,-0.244000,0.176000,0.598000,0.244000,-0.066000,-0.397000,-0.680000
0.076000,-0.188000,-0.264000,0.056000,0.170000,-0.226000,0.236000,0.685000,0.315000,-0.026000,-0.449000,-0.735000
0.024000,-0.190000,-0.214000,0.083000,0.119000,-0.202000,0.288000,0.761000,0.379000,0.021000,-0.485000,-0.768000
-0.037000,-0.200000,-0.163000,0.119000,0.063000,-0.181000,0.332000,0.826000,0.437000,0.079000,-0.513000,-0.793000
-0.100000,-0.215000,-0.115000,0.158000,0.008000,-0.165000,0.390000,0.900000,0.520000,0.135000,-0.505000,-0.790000
-0.123000,-0.189000,-0.067000,0.157000,-0.028000,-0.128000,0.453000,0.990000,0.609000,0.195000,-0.501000,-0.786000
-0.135000,-0.156000,-0.021000,0.145000,-0.057000,-0.088000,0.456000,1.023000,0.653000,0.215000,-0.528000,-0.819000
-0.159000,-0.139000,0.020000,0.149000,-0.089000,-0.059000,0.473000,1.063000,0.697000,0.251000,-0.542000,-0.838000
-0.194000,-0.134000,0.060000,0.164000,-0.127000,-0.037000,0.518000,1.129000,0.759000,0.313000,-0.534000,-0.829000
-0.225000,-0.130000,0.095000,0.177000,-0.160000,-0.017000,0.530000,1.170000,0.800000,0.345000,-0.535000,-0.830000
-0.242000,-0.126000,0.116000,0.184000,-0.179000,-0.005000,0.546000,1.215000,0.832000,0.369000,-0.535000,-0.826000
-0.254000,-0.119000,0.135000,0.186000,-0.193000,0.008000,0.561000,1.250000,0.863000,0.396000,-0.535000,-0.825000
-0.283000,-0.112000,0.170000,0.197000,-0.226000,0.028000,0.584000,1.281000,0.899000,0.424000,-0.535000,-0.823000
-0.288000,-0.109000,0.179000,0.198000,-0.234000,0.035000,0.609000,1.313000,0.932000,0.444000,-0.535000,-0.820000
-0.250000,-0.105000,0.145000,0.177000,-0.197000,0.020000,0.625000,1.345000,0.960000,0.455000,-0.535000,-0.820000
-0.282000,-0.101000,0.181000,0.191000,-0.231000,0.040000,0.655000,1.374000,0.997000,0.471000,-0.535000,-0.816000
-0.328000,-0.100000,0.228000,0.214000,-0.278000,0.064000,0.661000,1.392000,1.018000,0.484000,-0.532000,-0.815000
-0.343000,-0.100000,0.243000,0.222000,-0.293000,0.071000,0.651000,1.395000,1.018000,0.482000,-0.529000,-0.813000
-0.339000,-0.100000,0.239000,0.220000,-0.289000,0.070000,0.652000,1.405000,1.024000,0.483000,-0.530000,-0.810000
-0.340000,-0.100000,0.240000,0.220000,-0.290000,0.070000,0.670000,1.440000,1.055000,0.505000,-0.530000,-0.810000
-0.339000,-0.100000,0.239000,0.220000,-0.289000,0.069000,0.696000,1.482000,1.085000,0.527000,-0.530000,-0.806000
-0.342000,-0.097000,0.245000,0.219000,-0.293000,0.074000,0.702000,1.504000,1.097000,0.531000,-0.530000,-0.805000
-0.318000,-0.094000,0.224000,0.206000,-0.271000,0.064000,0.700000,1.516000,1.107000,0.531000,-0.530000,-0.804000
-0.312000,-0.095000,0.216000,0.203000,-0.264000,0.060000,0.716000,1.537000,1.133000,0.545000,-0.529000,-0.799000
-0.360000,-0.095000,0.265000,0.227000,-0.312000,0.085000,0.745000,1.565000,1.165000,0.565000,-0.530000,-0.800000
-0.363000,-0.095000,0.268000,0.228000,-0.315000,0.086000,0.759000,1.582000,1.181000,0.569000,-0.542000,-0.812000
-0.358000,-0.095000,0.264000,0.226000,-0.310000,0.084000,0.763000,1.596000,1.200000,0.576000,-0.553000,-0.823000
-0.361000,-0.095000,0.266000,0.228000,-0.313000,0.085000,0.767000,1.616000,1.217000,0.580000,-0.569000,-0.842000
-0.359000,-0.094000,0.265000,0.226000,-0.311000,0.085000,0.771000,1.634000,1.227000,0.581000,-0.590000,-0.865000
-0.355000,-0.090000,0.265000,0.222000,-0.310000,0.087000,0.775000,1.650000,1.240000,0.590000,-0.600000,-0.870000
-0.356000,-0.090000,0.266000,0.222000,-0.311000,0.088000,0.788000,1.683000,1.261000,0.598000,-0.594000,-0.864000
-0.349000,-0.090000,0.259000,0.219000,-0.304000,0.084000,0.792000,1.702000,1.272000,0.604000,-0.607000,-0.881000
-0.376000,-0.090000,0.286000,0.233000,-0.331000,0.098000,0.805000,1.724000,1.297000,0.620000,-0.615000,-0.890000
-0.415000,-0.090000,0.325000,0.252000,-0.370000,0.117000,0.831000,1.757000,1.332000,0.639000,-0.609000,-0.878000
-0.405000,-0.090000,0.315000,0.247000,-0.360000,0.112000,0.850000,1.780000,1.355000,0.650000,-0.610000,-0.875000
-0.396000,-0.086000,0.310000,0.240000,-0.352000,0.112000,0.871000,1.801000,1.389000,0.667000,-0.608000,-0.881000
-0.430000,-0.085000,0.346000,0.257000,-0.388000,0.130000,0.883000,1.810000,1.402000,0.674000,-0.624000,-0.900000
-0.440000,-0.085000,0.354000,0.262000,-0.397000,0.134000,0.884000,1.824000,1.412000,0.676000,-0.642000,-0.917000
-0.391000,-0.085000,0.306000,0.238000,-0.348000,0.110000,0.879000,1.835000,1.419000,0.673000,-0.662000,-0.937000
-0.365000,-0.085000,0.280000,0.225000,-0.322000,0.097000,0.880000,1.835000,1.415000,0.665000,-0.690000,-0.965000
-0.426000,-0.085000,0.341000,0.255000,-0.383000,0.128000,0.895000,1.875000,1.451000,0.665000,-0.687000,-0.962000
-0.454000,-0.086000,0.369000,0.270000,-0.411000,0.141000,0.914000,1.901000,1.475000,0.665000,-0.684000,-0.959000
-0.461000,-0.083000,0.378000,0.272000,-0.420000,0.147000,0.922000,1.909000,1.488000,0.665000,-0.684000,-0.961000
-0.478000,-0.080000,0.398000,0.278000,-0.438000,0.159000,0.929000,1.926000,1.512000,0.665000,-0.678000,-0.959000
-0.480000,-0.080000,0.400000,0.280000,-0.440000,0.160000,0.945000,1.945000,1.535000,0.665000,-0.680000,-0.960000
-0.480000,-0.080000,0.400000,0.280000,-0.440000,0.160000,0.940000,1.940000,1.534000,0.665000,-0.704000,-0.988000
-0.481000,-0.080000,0.401000,0.280000,-0.441000,0.160000,0.948000,1.951000,1.552000,0.665000,-0.719000,-1.005000
-0.478000,-0.079000,0.398000,0.279000,-0.438000,0.159000,0.958000,1.965000,1.573000,0.665000,-0.719000,-1.003000
-0.484000,-0.081000,0.403000,0.282000,-0.444000,0.161000,0.971000,1.982000,1.591000,0.665000,-0.714000,-0.999000
-0.495000,-0.080000,0.415000,0.287000,-0.455000,0.167000,1.000000,2.015000,1.615000,0.665000,-0.710000,-0.995000
-0.469000,-0.065000,0.404000,0.267000,-0.436000,0.169000,0.998000,2.017000,1.611000,0.665000,-0.706000,-0.991000
-0.476000,-0.082000,0.394000,0.279000,-0.435000,0.156000,0.991000,2.013000,1.615000,0.665000,-0.705000,-0.990000
-0.499000,-0.115000,0.384000,0.307000,-0.441000,0.134000,0.988000,2.019000,1.639000,0.665000,-0.704000,-0.989000
-0.525000,-0.124000,0.400000,0.324000,-0.462000,0.138000,0.985000,2.025000,1.656000,0.665000,-0.699000,-0.984000
-0.570000,-0.110000,0.460000,0.340000,-0.515000,0.175000,0.985000,2.020000,1.650000,0.665000,-0.695000,-0.980000
-0.589000,-0.101000,0.487000,0.345000,-0.538000,0.193000,0.981000,2.016000,1.660000,0.665000,-0.695000,-0.980000
-0.590000,-0.095000,0.495000,0.342000,-0.542000,0.200000,0.976000,2.012000,1.679000,0.665000,-0.693000,-0.978000
-0.576000,-0.084000,0.493000,0.330000,-0.534000,0.204000,0.975000,2.008000,1.685000,0.665000,-0.687000,-0.972000
-0.573000,-0.073000,0.500000,0.322000,-0.536000,0.214000,0.974000,2.004000,1.687000,0.665000,-0.685000,-0.970000
-0.590000,-0.065000,0.525000,0.327000,-0.557000,0.230000,0.970000,2.000000,1.700000,0.665000,-0.685000,-0.970000
-0.577000,-0.055000,0.522000,0.316000,-0.549000,0.233000,0.965000,2.002000,1.697000,0.665000,-0.673000,-0.958000
-0.581000,-0.062000,0.519000,0.321000,-0.549000,0.228000,0.966000,1.987000,1.692000,0.665000,-0.664000,-0.949000
-0.582000,-0.062000,0.520000,0.322000,-0.551000,0.229000,0.962000,1.964000,1.688000,0.665000,-0.654000,-0.939000
-0.566000,-0.046000,0.520000,0.306000,-0.543000,0.237000,0.953000,1.946000,1.684000,0.665000,-0.643000,-0.928000
-0.555000,-0.035000,0.520000,0.295000,-0.537000,0.242000,0.945000,1.930000,1.680000,0.665000,-0.635000,-0.920000
-0.543000,-0.023000,0.520000,0.283000,-0.532000,0.249000,0.937000,1.914000,1.675000,0.665000,-0.623000,-0.908000
-0.528000,-0.011000,0.517000,0.269000,-0.522000,0.253000,0.930000,1.895000,1.676000,0.663000,-0.615000,-0.899000
-0.513000,0.001000,0.515000,0.255000,-0.513000,0.258000,0.916000,1.876000,1.669000,0.673000,-0.601000,-0.889000
-0.503000,0.012000,0.515000,0.245000,-0.509000,0.263000,0.896000,1.853000,1.651000,0.687000,-0.581000,-0.878000
-0.495000,0.020000,0.515000,0.237000,-0.505000,0.267000,0.880000,1.820000,1.635000,0.690000,-0.565000,-0.865000
-0.488000,0.028000,0.516000,0.230000,-0.502000,0.271000,0.860000,1.792000,1.619000,0.702000,-0.537000,-0.837000
-0.473000,0.039000,0.513000,0.217000,-0.493000,0.276000,0.843000,1.764000,1.603000,0.706000,-0.511000,-0.811000
-0.474000,0.049000,0.524000,0.212000,-0.500000,0.287000,0.826000,1.737000,1.585000,0.704000,-0.488000,-0.788000
-0.478000,0.057000,0.535000,0.210000,-0.507000,0.296000,0.805000,1.706000,1.565000,0.706000,-0.464000,-0.765000
-0.455000,0.065000,0.520000,0.195000,-0.488000,0.292000,0.785000,1.670000,1.545000,0.720000,-0.440000,-0.745000
-0.442000,0.065000,0.507000,0.188000,-0.475000,0.286000,0.765000,1.639000,1.517000,0.753000,-0.416000,-0.725000
-0.435000,0.065000,0.499000,0.184000,-0.467000,0.282000,0.748000,1.600000,1.492000,0.767000,-0.395000,-0.706000
-0.424000,0.065000,0.490000,0.179000,-0.457000,0.277000,0.730000,1.562000,1.467000,0.763000,-0.373000,-0.682000
-0.413000,0.064000,0.477000,0.174000,-0.445000,0.270000,0.710000,1.524000,1.438000,0.768000,-0.349000,-0.653000
-0.400000,0.065000,0.465000,0.167000,-0.433000,0.265000,0.690000,1.475000,1.410000,0.785000,-0.325000,-0.625000
-0.373000,0.084000,0.457000,0.144000,-0.415000,0.270000,0.658000,1.427000,1.382000,0.786000,-0.297000,-0.597000
-0.346000,0.104000,0.449000,0.121000,-0.397000,0.276000,0.629000,1.376000,1.355000,0.783000,-0.269000,-0.569000
-0.358000,0.082000,0.441000,0.137000,-0.400000,0.261000,0.601000,1.326000,1.324000,0.791000,-0.239000,-0.540000
-0.363000,0.071000,0.434000,0.146000,-0.399000,0.252000,0.574000,1.278000,1.292000,0.802000,-0.207000,-0.507000
-0.315000,0.115000,0.430000,0.100000,-0.373000,0.272000,0.550000,1.230000,1.260000,0.810000,-0.180000,-0.475000
-0.312000,0.110000,0.422000,0.101000,-0.367000,0.266000,0.522000,1.187000,1.216000,0.831000,-0.156000,-0.454000
-0.282000,0.131000,0.413000,0.075000,-0.348000,0.272000,0.493000,1.137000,1.174000,0.837000,-0.133000,-0.440000
-0.265000,0.143000,0.409000,0.061000,-0.338000,0.276000,0.468000,1.084000,1.138000,0.836000,-0.106000,-0.416000
-0.283000,0.119000,0.402000,0.081000,-0.343000,0.261000,0.452000,1.040000,1.109000,0.833000,-0.079000,-0.381000
-0.275000,0.110000,0.385000,0.082000,-0.330000,0.247000,0.435000,1.005000,1.080000,0.825000,-0.055000,-0.350000
-0.244000,0.125000,0.369000,0.059000,-0.307000,0.246000,0.403000,0.971000,1.036000,0.842000,-0.023000,-0.322000
-0.206000,0.146000,0.353000,0.030000,-0.280000,0.249000,0.374000,0.919000,0.995000,0.844000,0.007000,-0.296000
-0.178000,0.161000,0.339000,0.008000,-0.259000,0.250000,0.345000,0.863000,0.953000,0.839000,0.032000,-0.275000
-0.162000,0.165000,0.326000,-0.001000,-0.245000,0.245000,0.312000,0.812000,0.909000,0.840000,0.048000,-0.255000
-0.150000,0.160000,0.310000,-0.005000,-0.230000,0.235000,0.285000,0.760000,0.870000,0.840000,0.060000,-0.235000
-0.134000,0.160000,0.294000,-0.013000,-0.214000,0.227000,0.268000,0.711000,0.833000,0.840000,0.079000,-0.211000
-0.121000,0.157000,0.278000,-0.018000,-0.199000,0.217000,0.258000,0.674000,0.802000,0.840000,0.101000,-0.188000
-0.109000,0.155000,0.264000,-0.023000,-0.187000,0.209000,0.238000,0.647000,0.766000,0.841000,0.118000,-0.175000
-0.098000,0.154000,0.252000,-0.029000,-0.175000,0.203000,0.208000,0.615000,0.725000,0.839000,0.126000,-0.168000
-0.090000,0.150000,0.240000,-0.030000,-0.165000,0.195000,0.185000,0.570000,0.685000,0.830000,0.130000,-0.160000
-0.083000,0.150000,0.232000,-0.033000,-0.157000,0.191000,0.173000,0.525000,0.645000,0.822000,0.151000,-0.152000
-0.070000,0.151000,0.221000,-0.041000,-0.145000,0.185000,0.161000,0.488000,0.606000,0.814000,0.159000,-0.144000
-0.063000,0.148000,0.211000,-0.043000,-0.137000,0.179000,0.151000,0.451000,0.577000,0.806000,0.164000,-0.136000
-0.058000,0.145000,0.202000,-0.044000,-0.130000,0.174000,0.143000,0.419000,0.555000,0.798000,0.180000,-0.129000
-0.045000,0.145000,0.190000,-0.050000,-0.118000,0.167000,0.130000,0.400000,0.535000,0.790000,0.200000,-0.125000
-0.041000,0.141000,0.182000,-0.050000,-0.111000,0.161000,0.118000,0.380000,0.518000,0.787000,0.208000,-0.121000
-0.034000,0.140000,0.174000,-0.053000,-0.104000,0.157000,0.109000,0.357000,0.505000,0.777000,0.218000,-0.120000
-0.027000,0.138000,0.166000,-0.055000,-0.097000,0.152000,0.100000,0.332000,0.481000,0.764000,0.217000,-0.118000
-0.024000,0.134000,0.159000,-0.055000,-0.092000,0.146000,0.087000,0.310000,0.446000,0.752000,0.208000,-0.115000
-0.020000,0.135000,0.155000,-0.058000,-0.088000,0.145000,0.075000,0.295000,0.415000,0.740000,0.205000,-0.115000
-0.011000,0.136000,0.147000,-0.063000,-0.080000,0.142000,0.067000,0.283000,0.387000,0.728000,0.202000,-0.111000
-0.009000,0.129000,0.138000,-0.061000,-0.074000,0.134000,0.057000,0.268000,0.357000,0.713000,0.194000,-0.110000
-0.011000,0.122000,0.133000,-0.056000,-0.072000,0.128000,0.044000,0.254000,0.337000,0.697000,0.188000,-0.107000
-0.009000,0.119000,0.128000,-0.055000,-0.069000,0.124000,0.033000,0.242000,0.328000,0.681000,0.183000,-0.098000
-0.005000,0.115000,0.120000,-0.055000,-0.063000,0.117000,0.025000,0.230000,0.320000,0.665000,0.180000,-0.095000
-0.005000,0.111000,0.116000,-0.054000,-0.060000,0.113000,0.021000,0.222000,0.312000,0.654000,0.193000,-0.091000
-0.006000,0.107000,0.113000,-0.051000,-0.060000,0.109000,0.017000,0.215000,0.301000,0.636000,0.191000,-0.086000
-0.003000,0.103000,0.106000,-0.050000,-0.055000,0.104000,0.013000,0.204000,0.290000,0.615000,0.180000,-0.087000
0.000000,0.099000,0.099000,-0.050000,-0.049000,0.099000,0.009000,0.193000,0.283000,0.594000,0.173000,-0.108000
0.000000,0.095000,0.095000,-0.048000,-0.048000,0.095000,0.005000,0.185000,0.275000,0.565000,0.165000,-0.140000
0.002000,0.091000,0.089000,-0.046000,-0.043000,0.090000,0.005000,0.177000,0.267000,0.536000,0.157000,-0.146000
-0.014000,0.090000,0.104000,-0.038000,-0.059000,0.097000,0.002000,0.171000,0.259000,0.514000,0.149000,-0.145000
-0.017000,0.089000,0.106000,-0.036000,-0.061000,0.097000,-0.002000,0.170000,0.251000,0.497000,0.141000,-0.145000
-0.002000,0.084000,0.086000,-0.041000,-0.045000,0.084000,-0.006000,0.170000,0.243000,0.480000,0.134000,-0.145000
0.005000,0.080000,0.075000,-0.043000,-0.035000,0.077000,-0.010000,0.170000,0.235000,0.455000,0.130000,-0.145000
0.021000,0.080000,0.059000,-0.051000,-0.019000,0.069000,-0.014000,0.170000,0.227000,0.431000,0.126000,-0.148000
0.032000,0.077000,0.045000,-0.055000,-0.006000,0.060000,-0.015000,0.167000,0.222000,0.407000,0.122000,-0.159000
0.037000,0.075000,0.037000,-0.056000,-0.001000,0.056000,-0.017000,0.164000,0.218000,0.382000,0.118000,-0.168000
0.040000,0.074000,0.034000,-0.058000,0.003000,0.054000,-0.021000,0.165000,0.215000,0.360000,0.115000,-0.171000
0.040000,0.070000,0.030000,-0.055000,0.005000,0.050000,-0.020000,0.165000,0.215000,0.345000,0.115000,-0.175000
0.040000,0.070000,0.030000,-0.055000,0.005000,0.050000,-0.018000,0.165000,0.215000,0.333000,0.111000,-0.176000
0.039000,0.067000,0.027000,-0.054000,0.006000,0.047000,-0.033000,0.162000,0.215000,0.318000,0.107000,-0.203000
0.042000,0.065000,0.023000,-0.054000,0.009000,0.044000,-0.040000,0.159000,0.215000,0.304000,0.103000,-0.215000
0.045000,0.064000,0.019000,-0.055000,0.012000,0.041000,-0.034000,0.160000,0.215000,0.290000,0.099000,-0.203000
0.040000,0.060000,0.020000,-0.050000,0.010000,0.040000,-0.035000,0.160000,0.215000,0.265000,0.095000,-0.200000
0.029000,0.060000,0.031000,-0.045000,-0.001000,0.045000,-0.031000,0.160000,0.215000,0.240000,0.096000,-0.196000
0.009000,0.057000,0.048000,-0.033000,-0.020000,0.052000,-0.030000,0.161000,0.212000,0.222000,0.089000,-0.191000
-0.004000,0.055000,0.059000,-0.026000,-0.032000,0.057000,-0.028000,0.158000,0.209000,0.207000,0.083000,-0.190000
-0.006000,0.054000,0.060000,-0.024000,-0.033000,0.057000,-0.025000,0.155000,0.210000,0.191000,0.078000,-0.207000
-0.010000,0.050000,0.060000,-0.020000,-0.035000,0.055000,-0.025000,0.155000,0.210000,0.175000,0.070000,-0.235000
-0.010000,0.050000,0.060000,-0.020000,-0.035000,0.055000,-0.021000,0.155000,0.210000,0.159000,0.066000,-0.232000
-0.013000,0.047000,0.060000,-0.017000,-0.037000,0.053000,-0.020000,0.156000,0.210000,0.145000,0.059000,-0.229000
-0.015000,0.045000,0.060000,-0.015000,-0.038000,0.052000,-0.018000,0.153000,0.210000,0.136000,0.053000,-0.228000
-0.016000,0.044000,0.060000,-0.014000,-0.038000,0.052000,-0.015000,0.150000,0.210000,0.128000,0.048000,-0.225000
-0.020000,0.040000,0.060000,-0.010000,-0.040000,0.050000,-0.015000,0.150000,0.210000,0.120000,0.045000,-0.225000
-0.016000,0.040000,0.056000,-0.013000,-0.036000,0.048000,-0.011000,0.150000,0.206000,0.108000,0.058000,-0.221000
-0.018000,0.037000,0.054000,-0.010000,-0.036000,0.045000,-0.010000,0.150000,0.205000,0.099000,0.059000,-0.218000
-0.021000,0.035000,0.056000,-0.008000,-0.039000,0.045000,-0.008000,0.150000,0.205000,0.091000,0.052000,-0.227000
-0.020000,0.034000,0.054000,-0.008000,-0.037000,0.044000,-0.005000,0.149000,0.205000,0.084000,0.049000,-0.244000
-0.020000,0.030000,0.050000,-0.005000,-0.035000,0.040000,-0.005000,0.150000,0.205000,0.080000,0.045000,-0.250000
-0.020000,0.030000,0.050000,-0.005000,-0.035000,0.040000,-0.001000,0.166000,0.205000,0.076000,0.041000,-0.246000
-0.023000,0.027000,0.050000,-0.002000,-0.037000,0.038000,0.003000,0.175000,0.205000,0.072000,0.037000,-0.244000
-0.026000,0.024000,0.050000,0.001000,-0.039000,0.037000,0.007000,0.175000,0.205000,0.068000,0.033000,-0.245000
-0.023000,0.026000,0.049000,-0.001000,-0.037000,0.037000,0.011000,0.175000,0.205000,0.065000,0.029000,-0.245000
-0.010000,0.035000,0.045000,-0.013000,-0.028000,0.040000,0.015000,0.180000,0.205000,0.065000,0.025000,-0.245000
0.009000,0.054000,0.045000,-0.032000,-0.018000,0.049000,0.019000,0.188000,0.209000,0.061000,0.025000,-0.245000
-0.002000,0.044000,0.046000,-0.022000,-0.024000,0.044000,0.021000,0.191000,0.211000,0.057000,0.025000,-0.243000
-0.026000,0.017000,0.043000,0.005000,-0.035000,0.029000,0.016000,0.188000,0.207000,0.053000,0.025000,-0.251000
-0.035000,0.005000,0.040000,0.015000,-0.038000,0.022000,0.017000,0.194000,0.207000,0.049000,0.024000,-0.260000
-0.025000,0.015000,0.040000,0.005000,-0.033000,0.027000,0.030000,0.210000,0.220000,0.045000,0.020000,-0.255000
-0.016000,0.023000,0.039000,-0.004000,-0.028000,0.031000,0.025000,0.196000,0.225000,0.045000,0.020000,-0.255000
-0.012000,0.031000,0.043000,-0.009000,-0.028000,0.036000,0.033000,0.209000,0.225000,0.042000,0.020000,-0.255000
0.010000,0.039000,0.029000,-0.025000,-0.010000,0.034000,0.044000,0.221000,0.225000,0.039000,0.020000,-0.255000
0.014000,0.047000,0.033000,-0.031000,-0.010000,0.040000,0.054000,0.223000,0.234000,0.040000,0.019000,-0.254000
-0.035000,0.055000,0.090000,-0.010000,-0.063000,0.072000,0.075000,0.245000,0.250000,0.040000,0.015000,-0.250000
-0.052000,0.063000,0.114000,-0.006000,-0.084000,0.089000,0.080000,0.246000,0.255000,0.040000,0.015000,-0.250000
-0.038000,0.072000,0.110000,-0.017000,-0.075000,0.091000,0.080000,0.243000,0.255000,0.040000,0.015000,-0.250000
-0.025000,0.076000,0.100000,-0.026000,-0.063000,0.088000,0.080000,0.249000,0.257000,0.040000,0.015000,-0.250000
-0.018000,0.075000,0.094000,-0.029000,-0.056000,0.084000,0.080000,0.257000,0.261000,0.040000,0.015000,-0.249000
-0.010000,0.075000,0.085000,-0.033000,-0.048000,0.080000,0.080000,0.260000,0.260000,0.040000,0.015000,-0.245000
-0.003000,0.073000,0.076000,-0.035000,-0.040000,0.074000,0.081000,0.266000,0.257000,0.040000,0.011000,-0.245000
-0.023000,0.088000,0.110000,-0.032000,-0.067000,0.099000,0.104000,0.287000,0.282000,0.040000,0.010000,-0.245000
-0.056000,0.081000,0.136000,-0.013000,-0.096000,0.108000,0.116000,0.310000,0.297000,0.040000,0.010000,-0.245000
-0.044000,0.083000,0.127000,-0.020000,-0.086000,0.105000,0.109000,0.314000,0.288000,0.040000,0.010000,-0.245000
0.005000,0.135000,0.130000,-0.070000,-0.063000,0.132000,0.110000,0.300000,0.285000,0.040000,0.010000,-0.245000
-0.026000,0.133000,0.160000,-0.054000,-0.093000,0.146000,0.110000,0.292000,0.281000,0.036000,0.006000,-0.241000
-0.036000,0.129000,0.165000,-0.046000,-0.100000,0.147000,0.110000,0.285000,0.277000,0.035000,0.005000,-0.240000
-0.030000,0.129000,0.158000,-0.049000,-0.094000,0.143000,0.110000,0.274000,0.273000,0.035000,0.005000,-0.240000
-0.036000,0.125000,0.160000,-0.044000,-0.099000,0.142000,0.111000,0.263000,0.270000,0.035000,0.005000,-0.240000
-0.035000,0.125000,0.160000,-0.045000,-0.098000,0.142000,0.110000,0.255000,0.270000,0.035000,0.005000,-0.240000
-0.039000,0.121000,0.160000,-0.041000,-0.100000,0.140000,0.095000,0.248000,0.262000,0.035000,0.005000,-0.236000
-0.041000,0.119000,0.160000,-0.039000,-0.100000,0.140000,0.078000,0.236000,0.253000,0.035000,0.002000,-0.235000
-0.039000,0.121000,0.160000,-0.041000,-0.100000,0.140000,0.062000,0.226000,0.248000,0.035000,-0.001000,-0.235000
-0.041000,0.119000,0.160000,-0.039000,-0.101000,0.139000,0.047000,0.217000,0.243000,0.035000,0.000000,-0.235000
-0.045000,0.115000,0.160000,-0.035000,-0.103000,0.137000,0.035000,0.205000,0.235000,0.035000,0.000000,-0.235000
-0.045000,0.115000,0.160000,-0.035000,-0.103000,0.137000,0.023000,0.197000,0.226000,0.035000,0.000000,-0.235000
-0.048000,0.112000,0.160000,-0.032000,-0.104000,0.136000,0.014000,0.187000,0.222000,0.035000,-0.003000,-0.232000
-0.051000,0.110000,0.161000,-0.029000,-0.106000,0.135000,0.004000,0.173000,0.216000,0.035000,-0.006000,-0.228000
-0.049000,0.109000,0.158000,-0.030000,-0.104000,0.134000,-0.007000,0.173000,0.218000,0.036000,-0.005000,-0.224000
-0.040000,0.105000,0.145000,-0.033000,-0.093000,0.125000,-0.015000,0.190000,0.230000,0.045000,-0.005000,-0.220000
-0.028000,0.105000,0.132000,-0.039000,-0.081000,0.118000,-0.027000,0.183000,0.223000,0.062000,-0.005000,-0.220000
-0.019000,0.106000,0.124000,-0.043000,-0.072000,0.114000,-0.038000,0.177000,0.217000,0.065000,-0.008000,-0.218000
-0.011000,0.103000,0.114000,-0.047000,-0.063000,0.108000,-0.039000,0.171000,0.211000,0.068000,-0.011000,-0.212000
-0.003000,0.099000,0.102000,-0.048000,-0.053000,0.100000,-0.034000,0.164000,0.204000,0.076000,-0.010000,-0.210000
0.005000,0.095000,0.090000,-0.050000,-0.043000,0.092000,-0.035000,0.160000,0.200000,0.075000,-0.010000,-0.210000
0.016000,0.095000,0.079000,-0.055000,-0.032000,0.087000,-0.035000,0.152000,0.192000,0.075000,-0.010000,-0.206000
0.002000,0.093000,0.091000,-0.048000,-0.044000,0.091000,-0.034000,0.147000,0.186000,0.075000,-0.009000,-0.201000
-0.003000,0.087000,0.090000,-0.043000,-0.047000,0.088000,-0.038000,0.143000,0.183000,0.092000,-0.012000,-0.200000
0.014000,0.085000,0.071000,-0.050000,-0.029000,0.078000,-0.056000,0.140000,0.179000,0.112000,-0.015000,-0.199000
0.025000,0.085000,0.060000,-0.055000,-0.018000,0.072000,-0.075000,0.140000,0.175000,0.105000,-0.015000,-0.195000
0.031000,0.077000,0.047000,-0.055000,-0.008000,0.062000,-0.064000,0.140000,0.175000,0.098000,-0.015000,-0.195000
0.026000,0.068000,0.043000,-0.047000,-0.009000,0.055000,-0.053000,0.140000,0.172000,0.113000,-0.014000,-0.195000
0.062000,0.063000,0.001000,-0.062000,0.030000,0.031000,-0.044000,0.140000,0.170000,0.121000,-0.017000,-0.195000
0.093000,0.058000,-0.035000,-0.075000,0.064000,0.011000,-0.033000,0.139000,0.169000,0.121000,-0.020000,-0.194000
0.040000,0.050000,0.010000,-0.045000,0.015000,0.030000,-0.025000,0.135000,0.165000,0.130000,-0.020000,-0.190000
-0.005000,0.042000,0.047000,-0.018000,-0.026000,0.044000,-0.013000,0.135000,0.165000,0.127000,-0.020000,-0.190000
-0.009000,0.037000,0.046000,-0.014000,-0.028000,0.041000,-0.004000,0.135000,0.163000,0.122000,-0.020000,-0.190000
-0.005000,0.032000,0.037000,-0.013000,-0.021000,0.034000,0.005000,0.135000,0.157000,0.118000,-0.020000,-0.190000
-0.011000,0.023000,0.034000,-0.006000,-0.023000,0.029000,0.018000,0.135000,0.155000,0.115000,-0.019000,-0.189000
-0.015000,0.015000,0.030000,0.000000,-0.023000,0.022000,0.025000,0.135000,0.155000,0.115000,-0.015000,-0.185000
-0.019000,0.007000,0.026000,0.006000,-0.023000,0.016000,0.018000,0.134000,0.151000,0.111000,-0.015000,-0.185000
-0.023000,-0.001000,0.022000,0.012000,-0.022000,0.010000,0.008000,0.142000,0.150000,0.106000,-0.016000,-0.185000
-0.028000,-0.009000,0.018000,0.018000,-0.022000,0.004000,0.020000,0.160000,0.148000,0.105000,-0.013000,-0.185000
-0.030000,-0.017000,0.013000,0.023000,-0.021000,-0.001000,0.036000,0.171000,0.145000,0.104000,-0.009000,-0.185000
-0.025000,-0.020000,0.005000,0.022000,-0.015000,-0.007000,0.030000,0.165000,0.145000,0.100000,-0.010000,-0.185000
-0.020000,-0.020000,0.000000,0.020000,-0.010000,-0.010000,0.042000,0.165000,0.137000,0.096000,-0.011000,-0.181000
-0.019000,-0.020000,-0.001000,0.020000,-0.009000,-0.010000,0.044000,0.162000,0.131000,0.095000,-0.006000,-0.180000
-0.007000,-0.020000,-0.013000,0.014000,0.003000,-0.016000,0.039000,0.159000,0.129000,0.094000,-0.008000,-0.180000
-0.021000,-0.020000,0.001000,0.020000,-0.011000,-0.010000,0.040000,0.160000,0.123000,0.089000,-0.017000,-0.180000
-0.075000,-0.020000,0.055000,0.047000,-0.065000,0.017000,0.040000,0.160000,0.115000,0.085000,-0.025000,-0.180000
-0.058000,-0.020000,0.038000,0.039000,-0.048000,0.009000,0.036000,0.156000,0.111000,0.081000,-0.033000,-0.176000
-0.037000,-0.019000,0.017000,0.028000,-0.027000,-0.001000,0.035000,0.154000,0.107000,0.076000,-0.039000,-0.175000
-0.020000,-0.023000,-0.003000,0.021000,-0.008000,-0.013000,0.035000,0.156000,0.103000,0.075000,-0.038000,-0.175000
-0.003000,-0.042000,-0.040000,0.023000,0.019000,-0.040000,0.036000,0.154000,0.099000,0.074000,-0.035000,-0.175000
-0.005000,-0.070000,-0.065000,0.038000,0.030000,-0.067000,0.040000,0.150000,0.095000,0.070000,-0.035000,-0.175000
-0.013000,-0.067000,-0.054000,0.040000,0.021000,-0.060000,0.042000,0.150000,0.091000,0.066000,-0.035000,-0.175000
-0.022000,-0.064000,-0.043000,0.043000,0.011000,-0.053000,0.031000,0.151000,0.087000,0.062000,-0.036000,-0.172000
-0.027000,-0.064000,-0.037000,0.045000,0.005000,-0.050000,0.039000,0.148000,0.100000,0.058000,-0.033000,-0.168000
-0.032000,-0.059000,-0.027000,0.046000,-0.003000,-0.043000,0.057000,0.145000,0.116000,0.055000,-0.030000,-0.164000
-0.045000,-0.060000,-0.015000,0.053000,-0.015000,-0.037000,0.055000,0.145000,0.110000,0.055000,-0.030000,-0.160000
-0.053000,-0.061000,-0.007000,0.058000,-0.023000,-0.033000,0.055000,0.141000,0.109000,0.051000,-0.030000,-0.160000
-0.059000,-0.057000,0.003000,0.058000,-0.031000,-0.027000,0.055000,0.139000,0.111000,0.050000,-0.031000,-0.158000
-0.057000,-0.055000,0.002000,0.056000,-0.029000,-0.026000,0.055000,0.141000,0.108000,0.050000,-0.028000,-0.152000
-0.048000,-0.054000,-0.007000,0.052000,-0.020000,-0.030000,0.055000,0.139000,0.105000,0.050000,-0.025000,-0.150000
-0.040000,-0.050000,-0.010000,0.045000,-0.015000,-0.030000,0.055000,0.135000,0.105000,0.050000,-0.025000,-0.150000
-0.032000,-0.050000,-0.018000,0.041000,-0.007000,-0.034000,0.055000,0.135000,0.105000,0.046000,-0.025000,-0.146000
-0.026000,-0.051000,-0.024000,0.039000,-0.001000,-0.037000,0.055000,0.136000,0.105000,0.045000,-0.025000,-0.141000
-0.025000,-0.048000,-0.023000,0.037000,0.000000,-0.035000,0.055000,0.133000,0.103000,0.045000,-0.025000,-0.140000
-0.025000,-0.045000,-0.020000,0.035000,-0.002000,-0.032000,0.055000,0.130000,0.100000,0.045000,-0.024000,-0.139000
-0.025000,-0.045000,-0.020000,0.035000,-0.002000,-0.032000,0.055000,0.130000,0.100000,0.045000,-0.020000,-0.135000
-0.021000,-0.041000,-0.020000,0.031000,0.000000,-0.030000,0.055000,0.130000,0.100000,0.041000,-0.020000,-0.131000
-0.019000,-0.039000,-0.021000,0.029000,0.001000,-0.030000,0.055000,0.127000,0.097000,0.040000,-0.020000,-0.127000
-0.022000,-0.041000,-0.018000,0.032000,-0.002000,-0.029000,0.055000,0.124000,0.094000,0.040000,-0.020000,-0.123000
-0.025000,-0.039000,-0.015000,0.032000,-0.005000,-0.026000,0.055000,0.125000,0.095000,0.040000,-0.019000,-0.119000
-0.020000,-0.035000,-0.015000,0.028000,-0.002000,-0.025000,0.055000,0.125000,0.095000,0.040000,-0.015000,-0.115000
-0.020000,-0.035000,-0.015000,0.028000,-0.002000,-0.025000,0.055000,0.121000,0.094000,0.040000,-0.015000,-0.115000
-0.021000,-0.036000,-0.015000,0.029000,-0.003000,-0.025000,0.055000,0.120000,0.104000,0.037000,-0.015000,-0.110000
-0.016000,-0.032000,-0.015000,0.025000,0.000000,-0.024000,0.055000,0.119000,0.098000,0.034000,-0.015000,-0.100000
-0.009000,-0.023000,-0.014000,0.016000,0.003000,-0.018000,0.055000,0.122000,0.093000,0.035000,-0.015000,-0.094000
-0.005000,-0.015000,-0.010000,0.010000,0.003000,-0.012000,0.055000,0.145000,0.120000,0.035000,-0.015000,-0.090000
0.003000,-0.007000,-0.010000,0.002000,0.007000,-0.008000,0.056000,0.197000,0.146000,0.035000,-0.007000,-0.082000
0.011000,0.001000,-0.010000,-0.006000,0.010000,-0.004000,0.052000,0.280000,0.195000,0.032000,-0.002000,-0.073000
0.020000,0.009000,-0.011000,-0.015000,0.015000,0.000000,0.064000,0.364000,0.252000,0.029000,0.004000,-0.068000
0.025000,0.016000,-0.009000,-0.020000,0.016000,0.003000,0.083000,0.404000,0.295000,0.030000,0.011000,-0.063000
0.030000,0.020000,-0.010000,-0.025000,0.020000,0.005000,0.080000,0.400000,0.320000,0.030000,0.015000,-0.055000
0.061000,0.029000,-0.032000,-0.044000,0.046000,-0.001000,0.076000,0.406000,0.319000,0.030000,0.023000,-0.047000
0.057000,0.028000,-0.029000,-0.042000,0.042000,0.000000,0.109000,0.355000,0.327000,0.030000,0.029000,-0.042000
0.038000,0.023000,-0.015000,-0.030000,0.026000,0.003000,0.126000,0.295000,0.293000,0.030000,0.030000,-0.037000
0.035000,0.028000,-0.008000,-0.032000,0.021000,0.010000,0.114000,0.207000,0.226000,0.030000,0.039000,-0.027000
0.045000,0.050000,0.005000,-0.048000,0.020000,0.027000,0.105000,-0.005000,0.160000,0.030000,0.060000,-0.020000
0.064000,0.078000,0.014000,-0.071000,0.025000,0.045000,0.053000,-0.309000,0.008000,0.030000,0.059000,-0.018000
0.057000,0.074000,0.017000,-0.066000,0.020000,0.045000,-0.023000,-0.663000,-0.186000,0.030000,0.044000,0.006000
0.063000,0.106000,0.042000,-0.085000,0.011000,0.073000,-0.111000,-1.006000,-0.353000,0.030000,0.076000,0.043000
0.073000,0.139000,0.066000,-0.106000,0.003000,0.102000,-0.211000,-1.334000,-0.524000,0.030000,0.137000,0.072000
0.060000,0.120000,0.060000,-0.090000,0.000000,0.090000,-0.325000,-1.695000,-0.755000,0.030000,0.175000,0.105000
0.103000,0.183000,0.080000,-0.143000,0.011000,0.131000,-0.467000,-2.108000,-1.010000,0.030000,0.231000,0.167000
0.139000,0.226000,0.087000,-0.183000,0.026000,0.156000,-0.620000,-2.579000,-1.347000,0.030000,0.284000,0.238000
0.162000,0.248000,0.086000,-0.205000,0.037000,0.167000,-0.803000,-3.085000,-1.721000,0.030000,0.354000,0.316000
0.204000,0.285000,0.081000,-0.245000,0.061000,0.183000,-1.021000,-3.571000,-2.086000,0.030000,0.424000,0.392000
0.270000,0.305000,0.035000,-0.288000,0.117000,0.170000,-1.225000,-3.985000,-2.445000,0.030000,0.470000,0.450000
0.331000,0.268000,-0.062000,-0.300000,0.196000,0.103000,-1.383000,-4.326000,-2.777000,0.030000,0.543000,0.520000
0.388000,0.220000,-0.169000,-0.304000,0.278000,0.025000,-1.577000,-4.636000,-3.083000,0.030000,0.631000,0.607000
0.455000,0.200000,-0.255000,-0.327000,0.355000,-0.028000,-1.804000,-4.929000,-3.389000,0.030000,0.717000,0.704000
0.537000,0.200000,-0.337000,-0.368000,0.437000,-0.068000,-2.014000,-5.183000,-3.694000,0.030000,0.792000,0.787000
0.630000,0.195000,-0.435000,-0.412000,0.532000,-0.120000,-2.185000,-5.380000,-3.970000,0.030000,0.860000,0.850000
0.722000,0.190000,-0.532000,-0.456000,0.627000,-0.170000,-2.331000,-5.527000,-4.195000,0.035000,0.956000,0.945000
0.811000,0.189000,-0.622000,-0.500000,0.716000,-0.216000,-2.464000,-5.614000,-4.347000,0.034000,1.084000,1.074000
0.898000,0.177000,-0.722000,-0.537000,0.810000,-0.272000,-2.579000,-5.629000,-4.443000,0.041000,1.211000,1.202000
0.979000,0.192000,-0.788000,-0.585000,0.883000,-0.298000,-2.671000,-5.612000,-4.519000,0.068000,1.322000,1.319000
1.050000,0.260000,-0.790000,-0.655000,0.920000,-0.265000,-2.745000,-5.600000,-4.595000,0.105000,1.420000,1.425000
1.120000,0.294000,-0.826000,-0.707000,0.973000,-0.266000,-2.791000,-5.549000,-4.657000,0.131000,1.483000,1.492000
1.202000,0.322000,-0.880000,-0.761000,1.041000,-0.279000,-2.788000,-5.499000,-4.703000,0.143000,1.525000,1.544000
1.223000,0.328000,-0.895000,-0.775000,1.059000,-0.283000,-2.778000,-5.447000,-4.749000,0.160000,1.532000,1.579000
1.214000,0.312000,-0.902000,-0.763000,1.058000,-0.295000,-2.762000,-5.374000,-4.768000,0.169000,1.518000,1.584000
1.250000,0.305000,-0.945000,-0.777000,1.097000,-0.320000,-2.710000,-5.265000,-4.735000,0.150000,1.510000,1.570000
1.237000,0.293000,-0.944000,-0.765000,1.090000,-0.326000,-2.666000,-5.111000,-4.712000,0.134000,1.483000,1.562000
1.217000,0.284000,-0.932000,-0.750000,1.075000,-0.324000,-2.621000,-4.987000,-4.671000,0.116000,1.453000,1.554000
1.219000,0.274000,-0.945000,-0.746000,1.082000,-0.336000,-2.582000,-4.880000,-4.605000,0.107000,1.428000,1.546000
1.234000,0.264000,-0.970000,-0.748000,1.101000,-0.353000,-2.535000,-4.749000,-4.513000,0.085000,1.404000,1.538000
1.245000,0.255000,-0.990000,-0.750000,1.117000,-0.367000,-2.455000,-4.590000,-4.395000,0.025000,1.385000,1.530000
1.245000,0.217000,-1.028000,-0.730000,1.136000,-0.406000,-2.371000,-4.426000,-4.292000,-0.029000,1.373000,1.521000
1.215000,0.174000,-1.041000,-0.694000,1.128000,-0.434000,-2.288000,-4.266000,-4.173000,-0.110000,1.361000,1.522000
1.196000,0.138000,-1.058000,-0.666000,1.126000,-0.460000,-2.218000,-4.135000,-4.069000,-0.245000,1.351000,1.526000
1.219000,0.108000,-1.112000,-0.663000,1.165000,-0.502000,-2.169000,-4.019000,-3.981000,-0.430000,1.342000,1.525000
1.255000,0.080000,-1.175000,-0.667000,1.215000,-0.547000,-2.115000,-3.875000,-3.855000,-0.655000,1.330000,1.525000
1.252000,0.052000,-1.200000,-0.652000,1.226000,-0.574000,-2.031000,-3.702000,-3.694000,-0.905000,1.318000,1.525000
1.248000,0.025000,-1.222000,-0.636000,1.235000,-0.599000,-1.955000,-3.539000,-3.549000,-1.129000,1.305000,1.525000
1.219000,0.008000,-1.212000,-0.613000,1.215000,-0.602000,-1.865000,-3.359000,-3.390000,-1.331000,1.316000,1.524000
1.160000,-0.003000,-1.163000,-0.578000,1.161000,-0.582000,-1.752000,-3.145000,-3.185000,-1.537000,1.356000,1.527000
1.110000,-0.015000,-1.125000,-0.547000,1.118000,-0.570000,-1.650000,-2.920000,-2.950000,-1.745000,1.395000,1.545000
1.082000,-0.027000,-1.108000,-0.527000,1.095000,-0.567000,-1.566000,-2.702000,-2.714000,-1.933000,1.419000,1.560000
1.054000,-0.040000,-1.094000,-0.506000,1.074000,-0.566000,-1.475000,-2.502000,-2.515000,-2.086000,1.410000,1.549000
1.044000,-0.032000,-1.076000,-0.506000,1.060000,-0.553000,-1.392000,-2.338000,-2.367000,-2.191000,1.394000,1.534000
1.024000,-0.039000,-1.063000,-0.492000,1.043000,-0.550000,-1.313000,-2.183000,-2.234000,-2.252000,1.379000,1.521000
0.950000,-0.100000,-1.050000,-0.425000,1.000000,-0.575000,-1.210000,-1.990000,-2.065000,-2.295000,1.350000,1.500000
0.878000,-0.137000,-1.015000,-0.370000,0.947000,-0.575000,-1.099000,-1.771000,-1.864000,-2.355000,1.326000,1.481000
0.839000,-0.139000,-0.978000,-0.349000,0.909000,-0.559000,-1.018000,-1.587000,-1.682000,-2.409000,1.303000,1.451000
0.825000,-0.132000,-0.957000,-0.346000,0.891000,-0.544000,-0.950000,-1.423000,-1.521000,-2.481000,1.291000,1.423000
0.809000,-0.140000,-0.948000,-0.335000,0.879000,-0.544000,-0.878000,-1.279000,-1.386000,-2.581000,1.262000,1.379000
0.780000,-0.160000,-0.940000,-0.310000,0.860000,-0.550000,-0.815000,-1.170000,-1.285000,-2.680000,1.190000,1.300000
0.768000,-0.159000,-0.927000,-0.304000,0.848000,-0.543000,-0.757000,-1.038000,-1.169000,-2.763000,1.120000,1.230000
0.750000,-0.172000,-0.921000,-0.288000,0.835000,-0.546000,-0.682000,-0.882000,-1.027000,-2.821000,1.029000,1.137000
0.718000,-0.183000,-0.901000,-0.267000,0.810000,-0.542000,-0.613000,-0.735000,-0.890000,-2.868000,0.935000,1.036000
0.680000,-0.187000,-0.867000,-0.246000,0.774000,-0.527000,-0.545000,-0.609000,-0.779000,-2.892000,0.838000,0.940000
0.640000,-0.195000,-0.835000,-0.222000,0.738000,-0.515000,-0.465000,-0.490000,-0.685000,-2.885000,0.700000,0.810000
0.591000,-0.191000,-0.782000,-0.200000,0.687000,-0.487000,-0.411000,-0.371000,-0.591000,-2.888000,0.529000,0.628000
0.483000,-0.189000,-0.672000,-0.147000,0.577000,-0.431000,-0.333000,-0.241000,-0.477000,-2.858000,0.429000,0.515000
0.401000,-0.191000,-0.592000,-0.105000,0.497000,-0.391000,-0.255000,-0.111000,-0.355000,-2.815000,0.351000,0.426000
0.380000,-0.189000,-0.569000,-0.095000,0.475000,-0.379000,-0.195000,0.001000,-0.252000,-2.773000,0.242000,0.312000
0.350000,-0.185000,-0.535000,-0.082000,0.443000,-0.360000,-0.135000,0.090000,-0.175000,-2.705000,0.130000,0.205000
0.310000,-0.185000,-0.495000,-0.062000,0.403000,-0.340000,-0.083000,0.163000,-0.114000,-2.602000,0.027000,0.103000
0.273000,-0.185000,-0.458000,-0.044000,0.366000,-0.321000,-0.031000,0.230000,-0.058000,-2.499000,-0.082000,-0.013000
0.236000,-0.185000,-0.421000,-0.025000,0.329000,-0.303000,0.020000,0.318000,0.016000,-2.401000,-0.165000,-0.103000
0.204000,-0.184000,-0.388000,-0.009000,0.296000,-0.286000,0.066000,0.410000,0.090000,-2.299000,-0.228000,-0.168000
0.175000,-0.180000,-0.355000,0.003000,0.265000,-0.267000,0.115000,0.480000,0.135000,-2.175000,-0.315000,-0.255000
0.112000,-0.180000,-0.292000,0.034000,0.202000,-0.235000,0.174000,0.559000,0.189000,-2.008000,-0.410000,-0.349000
0.048000,-0.181000,-0.228000,0.067000,0.138000,-0.204000,0.235000,0.639000,0.257000,-1.842000,-0.475000,-0.420000
-0.006000,-0.178000,-0.172000,0.092000,0.083000,-0.175000,0.280000,0.706000,0.317000,-1.691000,-0.526000,-0.466000
-0.059000,-0.175000,-0.116000,0.117000,0.029000,-0.145000,0.314000,0.765000,0.370000,-1.579000,-0.558000,-0.496000
-0.110000,-0.175000,-0.065000,0.143000,-0.022000,-0.120000,0.365000,0.840000,0.445000,-1.510000,-0.550000,-0.505000
-0.139000,-0.175000,-0.036000,0.157000,-0.051000,-0.105000,0.432000,0.945000,0.540000,-1.409000,-0.549000,-0.498000
-0.163000,-0.176000,-0.013000,0.169000,-0.074000,-0.094000,0.464000,0.999000,0.603000,-1.292000,-0.551000,-0.488000
-0.187000,-0.172000,0.015000,0.179000,-0.100000,-0.078000,0.479000,1.040000,0.649000,-1.179000,-0.548000,-0.483000
-0.212000,-0.163000,0.049000,0.187000,-0.130000,-0.056000,0.500000,1.090000,0.695000,-1.075000,-0.545000,-0.478000
-0.235000,-0.155000,0.080000,0.195000,-0.157000,-0.037000,0.515000,1.120000,0.730000,-0.990000,-0.545000,-0.470000
-0.244000,-0.147000,0.097000,0.195000,-0.170000,-0.025000,0.534000,1.163000,0.765000,-0.929000,-0.545000,-0.462000
-0.252000,-0.139000,0.114000,0.196000,-0.183000,-0.012000,0.564000,1.209000,0.805000,-0.871000,-0.542000,-0.456000
-0.286000,-0.132000,0.154000,0.209000,-0.219000,0.011000,0.594000,1.248000,0.845000,-0.808000,-0.539000,-0.455000
-0.320000,-0.122000,0.198000,0.221000,-0.258000,0.037000,0.614000,1.276000,0.877000,-0.736000,-0.540000,-0.455000
-0.320000,-0.115000,0.205000,0.217000,-0.262000,0.045000,0.625000,1.300000,0.900000,-0.660000,-0.540000,-0.455000
-0.322000,-0.128000,0.195000,0.225000,-0.259000,0.033000,0.641000,1.329000,0.929000,-0.602000,-0.539000,-0.455000
-0.335000,-0.128000,0.207000,0.231000,-0.271000,0.039000,0.656000,1.344000,0.949000,-0.555000,-0.545000,-0.454000
-0.340000,-0.124000,0.216000,0.232000,-0.277000,0.046000,0.661000,1.360000,0.961000,-0.484000,-0.557000,-0.459000
-0.334000,-0.125000,0.208000,0.229000,-0.270000,0.041000,0.659000,1.377000,0.964000,-0.402000,-0.575000,-0.475000
-0.330000,-0.125000,0.205000,0.227000,-0.267000,0.040000,0.660000,1.385000,0.965000,-0.345000,-0.590000,-0.490000
-0.327000,-0.125000,0.202000,0.226000,-0.264000,0.038000,0.676000,1.417000,0.992000,-0.287000,-0.587000,-0.487000
-0.319000,-0.126000,0.193000,0.222000,-0.255000,0.033000,0.690000,1.438000,1.017000,-0.251000,-0.583000,-0.483000
-0.331000,-0.123000,0.208000,0.227000,-0.269000,0.043000,0.699000,1.456000,1.033000,-0.228000,-0.590000,-0.491000
-0.371000,-0.120000,0.252000,0.245000,-0.311000,0.066000,0.716000,1.489000,1.058000,-0.195000,-0.602000,-0.501000
-0.405000,-0.120000,0.285000,0.262000,-0.345000,0.082000,0.745000,1.525000,1.095000,-0.150000,-0.605000,-0.500000
-0.402000,-0.120000,0.283000,0.261000,-0.342000,0.081000,0.759000,1.543000,1.122000,-0.106000,-0.603000,-0.499000
-0.397000,-0.121000,0.276000,0.259000,-0.337000,0.077000,0.759000,1.550000,1.128000,-0.064000,-0.617000,-0.506000
-0.389000,-0.116000,0.273000,0.252000,-0.331000,0.078000,0.764000,1.565000,1.136000,-0.026000,-0.629000,-0.513000
-0.397000,-0.128000,0.269000,0.262000,-0.333000,0.071000,0.769000,1.583000,1.146000,0.017000,-0.640000,-0.524000
-0.430000,-0.165000,0.265000,0.297000,-0.347000,0.050000,0.770000,1.600000,1.155000,0.065000,-0.655000,-0.540000
-0.420000,-0.159000,0.261000,0.290000,-0.340000,0.050000,0.799000,1.642000,1.201000,0.107000,-0.641000,-0.545000
-0.406000,-0.148000,0.258000,0.277000,-0.332000,0.055000,0.807000,1.658000,1.218000,0.171000,-0.654000,-0.545000
-0.408000,-0.141000,0.266000,0.275000,-0.337000,0.062000,0.809000,1.668000,1.230000,0.232000,-0.667000,-0.545000
-0.436000,-0.133000,0.303000,0.284000,-0.369000,0.084000,0.831000,1.698000,1.264000,0.268000,-0.658000,-0.545000
-0.480000,-0.125000,0.355000,0.302000,-0.417000,0.115000,0.855000,1.725000,1.295000,0.300000,-0.660000,-0.545000
-0.485000,-0.117000,0.367000,0.300000,-0.425000,0.125000,0.867000,1.740000,1.315000,0.338000,-0.678000,-0.549000
-0.462000,-0.109000,0.353000,0.285000,-0.407000,0.122000,0.881000,1.767000,1.337000,0.359000,-0.678000,-0.551000
-0.457000,-0.118000,0.339000,0.288000,-0.398000,0.110000,0.884000,1.786000,1.348000,0.387000,-0.693000,-0.566000
-0.456000,-0.130000,0.326000,0.293000,-0.391000,0.098000,0.872000,1.783000,1.343000,0.423000,-0.726000,-0.597000
-0.440000,-0.115000,0.325000,0.277000,-0.382000,0.105000,0.870000,1.785000,1.345000,0.445000,-0.735000,-0.615000
-0.473000,-0.105000,0.368000,0.288000,-0.420000,0.132000,0.902000,1.824000,1.384000,0.462000,-0.728000,-0.605000
-0.479000,-0.114000,0.365000,0.296000,-0.422000,0.126000,0.923000,1.858000,1.417000,0.471000,-0.714000,-0.588000
-0.463000,-0.138000,0.326000,0.300000,-0.394000,0.094000,0.925000,1.865000,1.429000,0.479000,-0.727000,-0.605000
-0.470000,-0.150000,0.320000,0.310000,-0.395000,0.084000,0.927000,1.868000,1.440000,0.486000,-0.754000,-0.633000
-0.500000,-0.140000,0.360000,0.320000,-0.430000,0.110000,0.940000,1.890000,1.465000,0.485000,-0.755000,-0.625000
-0.522000,-0.136000,0.386000,0.329000,-0.454000,0.125000,0.957000,1.904000,1.483000,0.482000,-0.753000,-0.623000
-0.530000,-0.132000,0.397000,0.331000,-0.463000,0.132000,0.961000,1.901000,1.484000,0.503000,-0.768000,-0.635000
-0.529000,-0.128000,0.401000,0.328000,-0.465000,0.136000,0.959000,1.906000,1.492000,0.520000,-0.776000,-0.641000
-0.523000,-0.124000,0.399000,0.323000,-0.461000,0.137000,0.960000,1.923000,1.507000,0.520000,-0.768000,-0.640000
-0.520000,-0.120000,0.400000,0.320000,-0.460000,0.140000,0.965000,1.930000,1.515000,0.530000,-0.765000,-0.640000
-0.536000,-0.117000,0.420000,0.326000,-0.478000,0.151000,0.978000,1.943000,1.540000,0.555000,-0.765000,-0.634000
-0.543000,-0.106000,0.437000,0.324000,-0.489000,0.165000,0.978000,1.946000,1.549000,0.569000,-0.762000,-0.645000
-0.535000,-0.095000,0.440000,0.315000,-0.488000,0.172000,0.974000,1.945000,1.556000,0.570000,-0.760000,-0.648000
-0.521000,-0.088000,0.432000,0.304000,-0.477000,0.172000,0.975000,1.945000,1.566000,0.570000,-0.760000,-0.638000
-0.510000,-0.080000,0.430000,0.295000,-0.470000,0.175000,0.980000,1.950000,1.570000,0.570000,-0.755000,-0.635000
-0.521000,-0.067000,0.454000,0.294000,-0.487000,0.193000,0.998000,1.968000,1.600000,0.571000,-0.750000,-0.627000
-0.531000,-0.060000,0.470000,0.295000,-0.500000,0.205000,0.996000,1.963000,1.605000,0.597000,-0.750000,-0.622000
-0.526000,-0.046000,0.480000,0.286000,-0.503000,0.217000,0.985000,1.950000,1.597000,0.613000,-0.748000,-0.616000
-0.537000,-0.053000,0.484000,0.294000,-0.510000,0.215000,0.979000,1.943000,1.594000,0.611000,-0.745000,-0.609000
-0.560000,-0.095000,0.465000,0.327000,-0.512000,0.185000,0.975000,1.935000,1.590000,0.625000,-0.745000,-0.605000
-0.528000,-0.085000,0.443000,0.306000,-0.486000,0.178000,0.967000,1.923000,1.586000,0.643000,-0.737000,-0.597000
-0.547000,-0.072000,0.475000,0.309000,-0.511000,0.201000,0.958000,1.913000,1.585000,0.647000,-0.729000,-0.589000
-0.568000,-0.067000,0.501000,0.317000,-0.535000,0.217000,0.953000,1.907000,1.584000,0.658000,-0.721000,-0.580000
-0.550000,-0.057000,0.493000,0.303000,-0.521000,0.217000,0.948000,1.896000,1.579000,0.671000,-0.713000,-0.574000
-0.540000,-0.045000,0.495000,0.292000,-0.517000,0.225000,0.935000,1.880000,1.575000,0.660000,-0.705000,-0.570000
-0.549000,-0.037000,0.512000,0.293000,-0.530000,0.238000,0.927000,1.865000,1.571000,0.652000,-0.689000,-0.551000
-0.542000,-0.029000,0.514000,0.285000,-0.527000,0.242000,0.916000,1.839000,1.566000,0.681000,-0.674000,-0.530000
-0.532000,-0.023000,0.509000,0.277000,-0.520000,0.243000,0.907000,1.813000,1.566000,0.711000,-0.654000,-0.507000
-0.529000,-0.018000,0.510000,0.274000,-0.520000,0.246000,0.895000,1.787000,1.562000,0.714000,-0.629000,-0.478000
-0.530000,-0.020000,0.510000,0.275000,-0.520000,0.245000,0.870000,1.750000,1.545000,0.710000,-0.610000,-0.455000
-0.553000,-0.043000,0.510000,0.298000,-0.531000,0.233000,0.849000,1.717000,1.533000,0.721000,-0.593000,-0.446000
-0.539000,-0.028000,0.511000,0.284000,-0.525000,0.241000,0.833000,1.691000,1.518000,0.734000,-0.583000,-0.443000
-0.503000,0.004000,0.507000,0.249000,-0.505000,0.256000,0.817000,1.671000,1.504000,0.732000,-0.560000,-0.418000
-0.491000,0.025000,0.515000,0.233000,-0.503000,0.270000,0.801000,1.647000,1.491000,0.732000,-0.520000,-0.374000
-0.500000,0.040000,0.540000,0.230000,-0.520000,0.290000,0.785000,1.610000,1.470000,0.745000,-0.485000,-0.340000
-0.481000,0.049000,0.529000,0.216000,-0.505000,0.289000,0.774000,1.574000,1.451000,0.751000,-0.467000,-0.322000
-0.463000,0.054000,0.518000,0.204000,-0.491000,0.286000,0.753000,1.535000,1.424000,0.778000,-0.459000,-0.314000
-0.442000,0.069000,0.511000,0.186000,-0.477000,0.290000,0.728000,1.497000,1.398000,0.792000,-0.434000,-0.289000
-0.422000,0.081000,0.503000,0.170000,-0.463000,0.291000,0.704000,1.460000,1.373000,0.783000,-0.396000,-0.251000
-0.420000,0.075000,0.495000,0.172000,-0.458000,0.285000,0.680000,1.420000,1.345000,0.785000,-0.365000,-0.220000
-0.412000,0.074000,0.487000,0.169000,-0.450000,0.281000,0.661000,1.385000,1.321000,0.795000,-0.337000,-0.199000
-0.402000,0.077000,0.480000,0.162000,-0.441000,0.278000,0.632000,1.337000,1.292000,0.819000,-0.312000,-0.181000
-0.385000,0.084000,0.469000,0.150000,-0.427000,0.276000,0.598000,1.285000,1.259000,0.835000,-0.288000,-0.156000
-0.367000,0.090000,0.458000,0.138000,-0.412000,0.274000,0.568000,1.239000,1.226000,0.835000,-0.264000,-0.129000
-0.365000,0.085000,0.450000,0.140000,-0.408000,0.267000,0.545000,1.195000,1.190000,0.835000,-0.240000,-0.105000
-0.361000,0.082000,0.442000,0.140000,-0.402000,0.261000,0.525000,1.151000,1.154000,0.834000,-0.216000,-0.073000
-0.324000,0.107000,0.431000,0.108000,-0.377000,0.269000,0.502000,1.107000,1.120000,0.844000,-0.193000,-0.041000
-0.298000,0.122000,0.420000,0.087000,-0.359000,0.271000,0.479000,1.064000,1.090000,0.852000,-0.164000,-0.008000
-0.282000,0.131000,0.414000,0.075000,-0.349000,0.273000,0.452000,1.017000,1.055000,0.849000,-0.125000,0.030000
-0.240000,0.165000,0.405000,0.037000,-0.323000,0.285000,0.415000,0.960000,1.010000,0.850000,-0.090000,0.065000
-0.222000,0.163000,0.385000,0.030000,-0.304000,0.274000,0.382000,0.907000,0.965000,0.857000,-0.069000,0.078000
-0.211000,0.156000,0.368000,0.028000,-0.290000,0.261000,0.357000,0.862000,0.930000,0.867000,-0.054000,0.092000
-0.199000,0.153000,0.352000,0.023000,-0.276000,0.252000,0.333000,0.818000,0.900000,0.870000,-0.032000,0.121000
-0.187000,0.150000,0.337000,0.019000,-0.262000,0.243000,0.310000,0.774000,0.865000,0.863000,-0.003000,0.152000
-0.175000,0.150000,0.325000,0.012000,-0.250000,0.237000,0.295000,0.735000,0.825000,0.860000,0.020000,0.175000
-0.163000,0.146000,0.309000,0.008000,-0.236000,0.227000,0.280000,0.700000,0.789000,0.877000,0.037000,0.200000
-0.154000,0.141000,0.296000,0.006000,-0.225000,0.219000,0.255000,0.658000,0.748000,0.877000,0.046000,0.216000
-0.144000,0.140000,0.284000,0.002000,-0.214000,0.212000,0.227000,0.612000,0.702000,0.865000,0.054000,0.224000
-0.133000,0.139000,0.273000,-0.004000,-0.203000,0.206000,0.205000,0.570000,0.661000,0.859000,0.070000,0.242000
-0.130000,0.135000,0.265000,-0.003000,-0.198000,0.200000,0.190000,0.535000,0.630000,0.855000,0.095000,0.275000
-0.127000,0.130000,0.257000,-0.002000,-0.192000,0.194000,0.174000,0.503000,0.602000,0.847000,0.113000,0.290000
-0.116000,0.130000,0.246000,-0.008000,-0.181000,0.188000,0.158000,0.471000,0.574000,0.838000,0.117000,0.288000
-0.107000,0.128000,0.235000,-0.010000,-0.172000,0.182000,0.142000,0.441000,0.547000,0.833000,0.127000,0.300000
-0.104000,0.125000,0.228000,-0.011000,-0.166000,0.176000,0.126000,0.413000,0.517000,0.828000,0.144000,0.325000
-0.095000,0.125000,0.220000,-0.015000,-0.158000,0.172000,0.110000,0.380000,0.480000,0.815000,0.155000,0.335000
-0.087000,0.121000,0.208000,-0.017000,-0.148000,0.164000,0.098000,0.347000,0.447000,0.807000,0.155000,0.333000
-0.078000,0.120000,0.199000,-0.021000,-0.138000,0.159000,0.083000,0.322000,0.422000,0.799000,0.155000,0.348000
-0.073000,0.118000,0.191000,-0.023000,-0.132000,0.154000,0.068000,0.298000,0.398000,0.791000,0.154000,0.355000
-0.068000,0.115000,0.183000,-0.024000,-0.126000,0.149000,0.058000,0.275000,0.375000,0.783000,0.157000,0.349000
-0.060000,0.115000,0.175000,-0.028000,-0.118000,0.145000,0.050000,0.260000,0.355000,0.775000,0.165000,0.350000
-0.067000,0.100000,0.167000,-0.017000,-0.118000,0.133000,0.042000,0.244000,0.335000,0.768000,0.158000,0.346000
-0.074000,0.085000,0.159000,-0.006000,-0.117000,0.121000,0.034000,0.227000,0.318000,0.754000,0.149000,0.345000
-0.075000,0.076000,0.151000,-0.001000,-0.113000,0.113000,0.026000,0.214000,0.302000,0.737000,0.141000,0.343000
-0.085000,0.058000,0.143000,0.013000,-0.114000,0.100000,0.018000,0.202000,0.286000,0.721000,0.133000,0.340000
-0.085000,0.050000,0.135000,0.017000,-0.110000,0.092000,0.010000,0.190000,0.270000,0.705000,0.125000,0.340000
-0.010000,0.117000,0.127000,-0.054000,-0.068000,0.121000,0.002000,0.182000,0.257000,0.694000,0.117000,0.336000
0.013000,0.132000,0.119000,-0.073000,-0.053000,0.125000,-0.003000,0.175000,0.249000,0.673000,0.110000,0.335000
0.002000,0.113000,0.111000,-0.058000,-0.054000,0.112000,-0.007000,0.164000,0.241000,0.647000,0.114000,0.333000
0.006000,0.109000,0.103000,-0.058000,-0.048000,0.105000,-0.010000,0.153000,0.234000,0.625000,0.120000,0.330000
0.005000,0.100000,0.095000,-0.053000,-0.045000,0.097000,-0.010000,0.145000,0.230000,0.610000,0.115000,0.330000
-0.003000,0.092000,0.095000,-0.045000,-0.049000,0.093000,-0.014000,0.135000,0.222000,0.599000,0.115000,0.326000
-0.012000,0.084000,0.095000,-0.037000,-0.053000,0.089000,-0.015000,0.147000,0.213000,0.575000,0.116000,0.325000
-0.017000,0.078000,0.095000,-0.031000,-0.056000,0.086000,-0.017000,0.155000,0.208000,0.547000,0.113000,0.323000
-0.021000,0.074000,0.095000,-0.027000,-0.058000,0.084000,-0.020000,0.149000,0.203000,0.524000,0.109000,0.320000
-0.025000,0.070000,0.095000,-0.023000,-0.060000,0.082000,-0.020000,0.150000,0.195000,0.500000,0.110000,0.320000
-0.029000,0.066000,0.095000,-0.019000,-0.062000,0.080000,-0.024000,0.150000,0.187000,0.480000,0.111000,0.312000
-0.034000,0.062000,0.096000,-0.015000,-0.065000,0.079000,-0.029000,0.150000,0.179000,0.458000,0.102000,0.306000
-0.035000,0.058000,0.093000,-0.012000,-0.064000,0.075000,-0.030000,0.150000,0.171000,0.432000,0.088000,0.303000
-0.036000,0.054000,0.090000,-0.009000,-0.063000,0.071000,-0.031000,0.150000,0.163000,0.411000,0.078000,0.299000
-0.040000,0.050000,0.090000,-0.005000,-0.065000,0.070000,-0.035000,0.150000,0.155000,0.400000,0.070000,0.295000
-0.036000,0.050000,0.086000,-0.008000,-0.061000,0.068000,-0.035000,0.150000,0.151000,0.389000,0.058000,0.291000
-0.037000,0.048000,0.084000,-0.006000,-0.061000,0.066000,-0.038000,0.150000,0.147000,0.367000,0.046000,0.287000
-0.043000,0.042000,0.086000,0.000000,-0.065000,0.064000,-0.041000,0.150000,0.145000,0.345000,0.035000,0.283000
-0.044000,0.040000,0.084000,0.002000,-0.064000,0.062000,-0.039000,0.150000,0.144000,0.324000,0.029000,0.280000
-0.040000,0.040000,0.080000,0.000000,-0.060000,0.060000,-0.035000,0.150000,0.140000,0.300000,0.030000,0.280000
-0.043000,0.036000,0.080000,0.004000,-0.062000,0.058000,-0.031000,0.150000,0.140000,0.279000,0.047000,0.280000
-0.049000,0.032000,0.081000,0.009000,-0.065000,0.056000,-0.027000,0.150000,0.137000,0.265000,0.049000,0.281000
-0.049000,0.029000,0.078000,0.010000,-0.064000,0.053000,-0.023000,0.150000,0.135000,0.255000,0.042000,0.278000
-0.042000,0.032000,0.075000,0.005000,-0.059000,0.053000,-0.019000,0.150000,0.134000,0.241000,0.039000,0.275000
-0.030000,0.045000,0.075000,-0.008000,-0.053000,0.060000,-0.015000,0.150000,0.130000,0.225000,0.035000,0.275000
-0.021000,0.054000,0.076000,-0.017000,-0.049000,0.065000,-0.011000,0.150000,0.130000,0.209000,0.035000,0.275000
-0.019000,0.052000,0.072000,-0.017000,-0.046000,0.062000,-0.006000,0.150000,0.128000,0.193000,0.033000,0.276000
-0.021000,0.049000,0.070000,-0.014000,-0.045000,0.060000,-0.005000,0.150000,0.121000,0.178000,0.027000,0.273000
-0.019000,0.050000,0.069000,-0.016000,-0.044000,0.060000,-0.004000,0.150000,0.131000,0.168000,0.025000,0.270000
-0.015000,0.050000,0.065000,-0.018000,-0.040000,0.057000,0.000000,0.150000,0.160000,0.160000,0.025000,0.270000
-0.015000,0.050000,0.065000,-0.018000,-0.040000,0.057000,0.000000,0.150000,0.158000,0.156000,0.021000,0.270000
-0.016000,0.050000,0.066000,-0.018000,-0.041000,0.057000,0.003000,0.150000,0.151000,0.149000,0.016000,0.270000
-0.013000,0.050000,0.063000,-0.019000,-0.038000,0.056000,0.005000,0.150000,0.148000,0.143000,0.015000,0.270000
-0.010000,0.050000,0.060000,-0.020000,-0.035000,0.055000,0.006000,0.150000,0.144000,0.138000,0.014000,0.269000
-0.010000,0.050000,0.060000,-0.020000,-0.035000,0.055000,0.010000,0.150000,0.140000,0.130000,0.010000,0.265000
-0.010000,0.050000,0.060000,-0.020000,-0.035000,0.055000,0.010000,0.150000,0.137000,0.126000,0.006000,0.265000
-0.007000,0.050000,0.057000,-0.022000,-0.032000,0.053000,0.013000,0.150000,0.129000,0.122000,0.002000,0.265000
-0.005000,0.050000,0.054000,-0.023000,-0.029000,0.052000,0.015000,0.150000,0.137000,0.117000,-0.002000,0.265000
-0.005000,0.050000,0.055000,-0.023000,-0.030000,0.052000,0.016000,0.150000,0.151000,0.115000,-0.006000,0.264000
-0.005000,0.050000,0.055000,-0.023000,-0.030000,0.052000,0.020000,0.150000,0.145000,0.115000,-0.010000,0.260000
-0.008000,0.046000,0.054000,-0.019000,-0.032000,0.050000,0.020000,0.153000,0.142000,0.111000,-0.011000,0.260000
-0.014000,0.045000,0.059000,-0.016000,-0.037000,0.052000,0.023000,0.165000,0.162000,0.110000,-0.006000,0.260000
0.004000,0.045000,0.041000,-0.025000,-0.019000,0.043000,0.025000,0.170000,0.169000,0.108000,-0.006000,0.260000
0.010000,0.045000,0.035000,-0.027000,-0.013000,0.040000,0.025000,0.163000,0.157000,0.105000,-0.011000,0.260000
-0.030000,0.045000,0.075000,-0.008000,-0.053000,0.060000,0.025000,0.160000,0.150000,0.105000,-0.015000,0.260000
-0.028000,0.045000,0.073000,-0.009000,-0.051000,0.059000,0.023000,0.166000,0.147000,0.101000,-0.019000,0.256000
-0.023000,0.045000,0.068000,-0.011000,-0.046000,0.056000,0.038000,0.189000,0.168000,0.096000,-0.023000,0.255000
-0.026000,0.045000,0.071000,-0.010000,-0.049000,0.057000,0.045000,0.204000,0.185000,0.095000,-0.027000,0.255000
-0.025000,0.045000,0.070000,-0.010000,-0.048000,0.057000,0.049000,0.205000,0.185000,0.094000,-0.031000,0.255000
-0.025000,0.045000,0.070000,-0.010000,-0.048000,0.057000,0.070000,0.205000,0.185000,0.090000,-0.030000,0.255000
-0.025000,0.045000,0.070000,-0.010000,-0.048000,0.057000,0.071000,0.195000,0.175000,0.090000,-0.026000,0.255000
-0.025000,0.045000,0.069000,-0.010000,-0.047000,0.057000,0.069000,0.206000,0.187000,0.087000,-0.022000,0.255000
-0.027000,0.046000,0.073000,-0.009000,-0.051000,0.059000,0.072000,0.218000,0.196000,0.085000,-0.018000,0.255000
-0.048000,0.044000,0.092000,0.002000,-0.071000,0.068000,0.085000,0.223000,0.197000,0.084000,-0.014000,0.255000
-0.080000,0.035000,0.115000,0.022000,-0.098000,0.075000,0.105000,0.235000,0.210000,0.080000,-0.015000,0.255000
-0.069000,0.029000,0.099000,0.020000,-0.084000,0.064000,0.098000,0.229000,0.204000,0.080000,-0.035000,0.255000
-0.026000,0.039000,0.065000,-0.006000,-0.046000,0.052000,0.089000,0.216000,0.192000,0.081000,-0.049000,0.254000
-0.022000,0.065000,0.087000,-0.022000,-0.055000,0.075000,0.095000,0.235000,0.208000,0.078000,-0.048000,0.260000
-0.049000,0.080000,0.129000,-0.016000,-0.089000,0.104000,0.108000,0.264000,0.234000,0.075000,-0.044000,0.273000
-0.060000,0.060000,0.120000,0.000000,-0.090000,0.090000,0.115000,0.265000,0.235000,0.075000,-0.045000,0.280000
-0.098000,0.042000,0.141000,0.028000,-0.120000,0.092000,0.123000,0.274000,0.242000,0.075000,-0.045000,0.279000
-0.068000,0.073000,0.141000,-0.003000,-0.105000,0.107000,0.131000,0.271000,0.252000,0.075000,-0.045000,0.289000
-0.027000,0.092000,0.120000,-0.033000,-0.073000,0.106000,0.138000,0.260000,0.256000,0.073000,-0.045000,0.295000
-0.042000,0.076000,0.119000,-0.017000,-0.081000,0.097000,0.140000,0.253000,0.254000,0.070000,-0.045000,0.288000
-0.080000,0.075000,0.155000,0.002000,-0.118000,0.115000,0.140000,0.245000,0.255000,0.070000,-0.045000,0.290000
-0.103000,0.097000,0.200000,0.003000,-0.152000,0.148000,0.151000,0.237000,0.265000,0.070000,-0.045000,0.308000
-0.101000,0.097000,0.198000,0.002000,-0.149000,0.147000,0.133000,0.229000,0.255000,0.067000,-0.045000,0.306000
-0.091000,0.085000,0.176000,0.002000,-0.133000,0.130000,0.098000,0.221000,0.238000,0.064000,-0.045000,0.297000
-0.083000,0.078000,0.161000,0.002000,-0.122000,0.119000,0.077000,0.214000,0.226000,0.065000,-0.045000,0.294000
-0.075000,0.070000,0.145000,0.002000,-0.110000,0.107000,0.070000,0.210000,0.210000,0.065000,-0.045000,0.290000
-0.072000,0.062000,0.133000,0.005000,-0.102000,0.097000,0.062000,0.206000,0.198000,0.065000,-0.048000,0.286000
-0.060000,0.056000,0.116000,0.002000,-0.088000,0.086000,0.054000,0.202000,0.188000,0.066000,-0.057000,0.282000
-0.040000,0.041000,0.081000,-0.001000,-0.060000,0.060000,0.046000,0.198000,0.183000,0.080000,-0.059000,0.278000
-0.039000,0.048000,0.087000,-0.005000,-0.063000,0.067000,0.038000,0.194000,0.179000,0.098000,-0.054000,0.275000
-0.070000,0.085000,0.155000,-0.008000,-0.113000,0.120000,0.030000,0.190000,0.175000,0.100000,-0.055000,0.285000
-0.085000,0.066000,0.151000,0.009000,-0.118000,0.109000,0.026000,0.187000,0.171000,0.100000,-0.055000,0.314000
-0.046000,0.091000,0.136000,-0.023000,-0.091000,0.113000,0.019000,0.176000,0.167000,0.103000,-0.055000,0.326000
-0.021000,0.113000,0.134000,-0.046000,-0.077000,0.123000,0.011000,0.165000,0.163000,0.106000,-0.055000,0.325000
-0.032000,0.096000,0.128000,-0.032000,-0.080000,0.112000,0.003000,0.158000,0.159000,0.104000,-0.054000,0.325000
-0.025000,0.095000,0.120000,-0.035000,-0.073000,0.107000,-0.005000,0.150000,0.155000,0.105000,-0.050000,0.325000
0.005000,0.117000,0.112000,-0.061000,-0.054000,0.114000,-0.013000,0.138000,0.151000,0.127000,-0.050000,0.325000
0.012000,0.116000,0.105000,-0.064000,-0.046000,0.110000,-0.021000,0.129000,0.150000,0.127000,-0.050000,0.326000
-0.004000,0.107000,0.110000,-0.052000,-0.057000,0.108000,-0.029000,0.119000,0.148000,0.115000,-0.050000,0.323000
-0.008000,0.105000,0.113000,-0.049000,-0.061000,0.108000,-0.027000,0.117000,0.145000,0.118000,-0.050000,0.328000
0.015000,0.100000,0.085000,-0.058000,-0.035000,0.092000,-0.020000,0.130000,0.145000,0.135000,-0.050000,0.340000
0.035000,0.092000,0.056000,-0.064000,-0.010000,0.074000,-0.046000,0.127000,0.141000,0.148000,-0.050000,0.330000
0.021000,0.086000,0.065000,-0.054000,-0.022000,0.076000,-0.044000,0.121000,0.136000,0.153000,-0.047000,0.343000
0.036000,0.083000,0.047000,-0.060000,-0.006000,0.065000,-0.029000,0.118000,0.135000,0.159000,-0.044000,0.347000
0.049000,0.078000,0.030000,-0.064000,0.010000,0.053000,-0.024000,0.114000,0.134000,0.166000,-0.045000,0.342000
-0.005000,0.070000,0.075000,-0.033000,-0.040000,0.072000,-0.015000,0.110000,0.130000,0.165000,-0.045000,0.360000
-0.011000,0.062000,0.073000,-0.025000,-0.042000,0.068000,-0.003000,0.107000,0.130000,0.164000,-0.045000,0.351000
-0.014000,0.054000,0.068000,-0.020000,-0.041000,0.061000,0.006000,0.097000,0.127000,0.173000,-0.046000,0.329000
-0.024000,0.046000,0.070000,-0.011000,-0.047000,0.058000,0.015000,0.115000,0.125000,0.171000,-0.043000,0.345000
-0.033000,0.038000,0.071000,-0.003000,-0.052000,0.054000,0.021000,0.143000,0.124000,0.157000,-0.040000,0.373000
-0.040000,0.030000,0.070000,0.005000,-0.055000,0.050000,0.020000,0.135000,0.120000,0.150000,-0.040000,0.365000
-0.034000,0.026000,0.059000,0.004000,-0.047000,0.042000,0.020000,0.134000,0.120000,0.142000,-0.040000,0.364000
-0.053000,0.022000,0.075000,0.015000,-0.064000,0.048000,0.020000,0.135000,0.117000,0.134000,-0.040000,0.365000
-0.068000,0.018000,0.086000,0.025000,-0.078000,0.052000,0.019000,0.135000,0.115000,0.126000,-0.040000,0.365000
-0.064000,0.014000,0.078000,0.025000,-0.072000,0.046000,0.021000,0.135000,0.114000,0.118000,-0.040000,0.365000
-0.065000,0.010000,0.075000,0.027000,-0.070000,0.042000,0.030000,0.135000,0.110000,0.110000,-0.040000,0.365000
-0.065000,0.006000,0.071000,0.029000,-0.068000,0.038000,0.039000,0.135000,0.110000,0.115000,-0.048000,0.365000
-0.066000,0.001000,0.067000,0.032000,-0.067000,0.034000,0.041000,0.135000,0.107000,0.140000,-0.054000,0.365000
-0.063000,0.000000,0.063000,0.031000,-0.063000,0.031000,0.038000,0.135000,0.105000,0.150000,-0.055000,0.365000
-0.060000,-0.001000,0.059000,0.030000,-0.060000,0.029000,0.044000,0.135000,0.104000,0.137000,-0.055000,0.365000
-0.060000,-0.005000,0.055000,0.032000,-0.057000,0.025000,0.060000,0.135000,0.100000,0.130000,-0.055000,0.365000
-0.052000,-0.009000,0.043000,0.031000,-0.048000,0.017000,0.057000,0.135000,0.100000,0.126000,-0.054000,0.365000
-0.044000,-0.013000,0.031000,0.029000,-0.037000,0.009000,0.054000,0.136000,0.097000,0.119000,-0.065000,0.365000
-0.035000,-0.015000,0.020000,0.025000,-0.027000,0.003000,0.056000,0.133000,0.094000,0.111000,-0.070000,0.365000
-0.029000,-0.016000,0.014000,0.022000,-0.021000,-0.001000,0.054000,0.130000,0.096000,0.103000,-0.064000,0.365000
-0.030000,-0.020000,0.010000,0.025000,-0.020000,-0.005000,0.050000,0.130000,0.100000,0.100000,-0.065000,0.365000
-0.031000,-0.024000,0.006000,0.027000,-0.018000,-0.009000,0.050000,0.130000,0.100000,0.117000,-0.065000,0.365000
-0.027000,-0.025000,0.002000,0.026000,-0.014000,-0.011000,0.051000,0.130000,0.100000,0.119000,-0.065000,0.365000
-0.025000,-0.026000,-0.002000,0.026000,-0.011000,-0.014000,0.048000,0.130000,0.100000,0.112000,-0.065000,0.365000
-0.025000,-0.031000,-0.007000,0.028000,-0.009000,-0.018000,0.044000,0.130000,0.100000,0.110000,-0.065000,0.365000
-0.025000,-0.035000,-0.010000,0.030000,-0.007000,-0.022000,0.045000,0.130000,0.100000,0.110000,-0.065000,0.365000
-0.033000,-0.036000,-0.002000,0.035000,-0.015000,-0.018000,0.046000,0.130000,0.100000,0.106000,-0.065000,0.365000
-0.036000,-0.032000,0.004000,0.033000,-0.019000,-0.013000,0.042000,0.130000,0.100000,0.105000,-0.062000,0.363000
-0.036000,-0.029000,0.006000,0.032000,-0.021000,-0.011000,0.055000,0.130000,0.100000,0.104000,-0.059000,0.372000
-0.042000,-0.030000,0.012000,0.036000,-0.027000,-0.009000,0.063000,0.130000,0.100000,0.099000,-0.060000,0.378000
-0.050000,-0.030000,0.020000,0.040000,-0.035000,-0.005000,0.050000,0.130000,0.100000,0.095000,-0.060000,0.370000
-0.054000,-0.030000,0.024000,0.042000,-0.039000,-0.003000,0.075000,0.130000,0.100000,0.095000,-0.060000,0.399000
-0.059000,-0.030000,0.029000,0.044000,-0.044000,0.000000,0.081000,0.127000,0.100000,0.092000,-0.060000,0.405000
-0.059000,-0.030000,0.029000,0.045000,-0.044000,0.000000,0.071000,0.123000,0.100000,0.090000,-0.060000,0.398000
-0.053000,-0.030000,0.024000,0.041000,-0.038000,-0.002000,0.070000,0.119000,0.100000,0.089000,-0.060000,0.401000
-0.045000,-0.025000,0.020000,0.035000,-0.032000,-0.002000,0.070000,0.115000,0.100000,0.085000,-0.060000,0.400000
-0.039000,-0.022000,0.017000,0.030000,-0.028000,-0.002000,0.066000,0.115000,0.100000,0.085000,-0.056000,0.396000
-0.054000,-0.048000,0.006000,0.050000,-0.030000,-0.021000,0.065000,0.113000,0.100000,0.082000,-0.055000,0.394000
-0.090000,-0.060000,0.029000,0.075000,-0.060000,-0.015000,0.063000,0.107000,0.100000,0.080000,-0.055000,0.396000
-0.111000,-0.048000,0.063000,0.079000,-0.087000,0.007000,0.060000,0.105000,0.100000,0.079000,-0.055000,0.394000
-0.095000,-0.045000,0.050000,0.070000,-0.072000,0.002000,0.060000,0.105000,0.100000,0.075000,-0.055000,0.390000
-0.082000,-0.037000,0.045000,0.059000,-0.063000,0.004000,0.056000,0.101000,0.100000,0.075000,-0.055000,0.390000
-0.074000,-0.031000,0.043000,0.053000,-0.059000,0.006000,0.051000,0.097000,0.100000,0.072000,-0.055000,0.391000
-0.064000,-0.028000,0.036000,0.046000,-0.050000,0.004000,0.050000,0.092000,0.100000,0.070000,-0.055000,0.388000
-0.044000,-0.015000,0.029000,0.029000,-0.036000,0.007000,0.049000,0.100000,0.100000,0.069000,-0.055000,0.394000
-0.040000,-0.015000,0.025000,0.027000,-0.032000,0.005000,0.045000,0.120000,0.100000,0.065000,-0.055000,0.415000
-0.095000,-0.074000,0.020000,0.085000,-0.057000,-0.027000,0.045000,0.106000,0.099000,0.065000,-0.047000,0.420000
-0.104000,-0.083000,0.022000,0.093000,-0.063000,-0.030000,0.043000,0.123000,0.106000,0.062000,-0.041000,0.420000
-0.091000,-0.063000,0.028000,0.077000,-0.060000,-0.017000,0.036000,0.135000,0.098000,0.060000,-0.039000,0.420000
-0.078000,-0.059000,0.020000,0.068000,-0.049000,-0.019000,0.047000,0.169000,0.119000,0.059000,-0.033000,0.420000
-0.030000,-0.050000,-0.020000,0.040000,-0.005000,-0.035000,0.085000,0.285000,0.205000,0.055000,-0.025000,0.420000
0.024000,-0.038000,-0.061000,0.007000,0.043000,-0.050000,0.095000,0.368000,0.256000,0.055000,-0.021000,0.420000
0.023000,-0.029000,-0.052000,0.003000,0.038000,-0.040000,0.095000,0.398000,0.296000,0.052000,-0.018000,0.418000
0.000000,-0.021000,-0.021000,0.011000,0.011000,-0.021000,0.096000,0.414000,0.328000,0.050000,-0.010000,0.428000
-0.013000,-0.013000,0.001000,0.013000,-0.006000,-0.006000,0.112000,0.407000,0.333000,0.050000,0.003000,0.449000
-0.030000,-0.005000,0.025000,0.017000,-0.027000,0.010000,0.145000,0.360000,0.320000,0.045000,0.010000,0.460000
-0.046000,0.001000,0.047000,0.022000,-0.047000,0.024000,0.158000,0.329000,0.313000,0.043000,0.018000,0.464000
-0.023000,0.024000,0.047000,0.000000,-0.035000,0.035000,0.133000,0.196000,0.250000,0.061000,0.029000,0.467000
0.022000,0.056000,0.034000,-0.039000,-0.006000,0.045000,0.100000,-0.059000,0.131000,0.071000,0.040000,0.474000
0.040000,0.080000,0.040000,-0.061000,0.000000,0.060000,0.073000,-0.360000,-0.013000,0.063000,0.046000,0.482000
0.030000,0.100000,0.070000,-0.065000,-0.020000,0.085000,0.020000,-0.670000,-0.175000,0.060000,0.055000,0.495000
0.041000,0.130000,0.089000,-0.085000,-0.025000,0.109000,-0.094000,-1.032000,-0.354000,0.060000,0.090000,0.526000
0.054000,0.137000,0.084000,-0.095000,-0.016000,0.110000,-0.207000,-1.364000,-0.538000,0.057000,0.130000,0.561000
0.053000,0.136000,0.083000,-0.095000,-0.015000,0.109000,-0.319000,-1.714000,-0.741000,0.055000,0.187000,0.618000
0.059000,0.167000,0.108000,-0.114000,-0.025000,0.137000,-0.448000,-2.127000,-1.003000,0.054000,0.257000,0.693000
0.100000,0.225000,0.125000,-0.163000,-0.013000,0.175000,-0.600000,-2.590000,-1.345000,0.050000,0.315000,0.755000
0.168000,0.251000,0.083000,-0.209000,0.042000,0.167000,-0.814000,-3.110000,-1.731000,0.050000,0.356000,0.809000
0.232000,0.269000,0.038000,-0.251000,0.096000,0.153000,-1.024000,-3.570000,-2.086000,0.048000,0.424000,0.880000
0.288000,0.274000,-0.015000,-0.282000,0.151000,0.129000,-1.199000,-3.959000,-2.430000,0.042000,0.487000,0.941000
0.352000,0.262000,-0.090000,-0.307000,0.221000,0.086000,-1.370000,-4.308000,-2.772000,0.040000,0.542000,0.997000
0.440000,0.255000,-0.185000,-0.347000,0.312000,0.035000,-1.570000,-4.615000,-3.075000,0.040000,0.630000,1.085000
0.558000,0.247000,-0.311000,-0.402000,0.434000,-0.031000,-1.789000,-4.885000,-3.361000,0.036000,0.722000,1.177000
0.649000,0.239000,-0.410000,-0.444000,0.529000,-0.085000,-2.006000,-5.141000,-3.668000,0.035000,0.776000,1.234000
0.705000,0.231000,-0.474000,-0.467000,0.589000,-0.121000,-2.178000,-5.349000,-3.942000,0.035000,0.835000,1.298000
0.753000,0.223000,-0.531000,-0.487000,0.641000,-0.154000,-2.305000,-5.473000,-4.138000,0.027000,0.949000,1.415000
0.810000,0.215000,-0.595000,-0.512000,0.702000,-0.190000,-2.420000,-5.525000,-4.275000,0.030000,1.100000,1.565000
0.866000,0.215000,-0.651000,-0.541000,0.758000,-0.218000,-2.531000,-5.537000,-4.371000,0.083000,1.232000,1.689000
0.955000,0.214000,-0.741000,-0.584000,0.847000,-0.263000,-2.647000,-5.552000,-4.474000,0.113000,1.329000,1.785000
1.019000,0.220000,-0.799000,-0.620000,0.909000,-0.289000,-2.744000,-5.533000,-4.582000,0.131000,1.396000,1.860000
1.084000,0.259000,-0.825000,-0.671000,0.954000,-0.283000,-2.782000,-5.485000,-4.650000,0.156000,1.465000,1.937000
1.200000,0.320000,-0.880000,-0.760000,1.040000,-0.280000,-2.770000,-5.445000,-4.680000,0.180000,1.530000,2.015000
1.254000,0.336000,-0.918000,-0.794000,1.086000,-0.291000,-2.769000,-5.384000,-4.749000,0.207000,1.521000,2.022000
1.273000,0.332000,-0.941000,-0.802000,1.107000,-0.304000,-2.733000,-5.335000,-4.786000,0.204000,1.504000,2.023000
1.268000,0.328000,-0.940000,-0.798000,1.104000,-0.305000,-2.679000,-5.225000,-4.760000,0.188000,1.494000,2.037000
1.235000,0.324000,-0.911000,-0.779000,1.073000,-0.293000,-2.635000,-5.055000,-4.699000,0.177000,1.483000,2.037000
1.215000,0.320000,-0.895000,-0.767000,1.055000,-0.287000,-2.600000,-4.935000,-4.650000,0.165000,1.470000,2.015000
1.257000,0.319000,-0.939000,-0.788000,1.098000,-0.310000,-2.570000,-4.860000,-4.620000,0.161000,1.439000,1.994000
1.258000,0.291000,-0.967000,-0.774000,1.112000,-0.338000,-2.517000,-4.728000,-4.528000,0.116000,1.404000,1.978000
1.239000,0.251000,-0.988000,-0.744000,1.113000,-0.368000,-2.438000,-4.566000,-4.421000,0.058000,1.382000,1.962000
1.241000,0.217000,-1.024000,-0.728000,1.132000,-0.404000,-2.347000,-4.410000,-4.321000,0.006000,1.373000,1.946000
1.240000,0.185000,-1.055000,-0.712000,1.147000,-0.435000,-2.265000,-4.255000,-4.200000,-0.080000,1.365000,1.930000
1.225000,0.156000,-1.068000,-0.690000,1.147000,-0.456000,-2.200000,-4.127000,-4.107000,-0.239000,1.353000,1.913000
1.206000,0.134000,-1.072000,-0.670000,1.139000,-0.469000,-2.137000,-3.989000,-3.975000,-0.461000,1.344000,1.906000
1.182000,0.118000,-1.065000,-0.650000,1.123000,-0.473000,-2.059000,-3.827000,-3.818000,-0.695000,1.335000,1.902000
1.170000,0.090000,-1.080000,-0.630000,1.125000,-0.495000,-1.975000,-3.659000,-3.676000,-0.922000,1.321000,1.901000
1.165000,0.035000,-1.130000,-0.600000,1.147000,-0.547000,-1.895000,-3.495000,-3.540000,-1.150000,1.315000,1.915000
1.113000,-0.020000,-1.134000,-0.546000,1.123000,-0.577000,-1.799000,-3.309000,-3.380000,-1.357000,1.338000,1.935000
1.109000,-0.043000,-1.153000,-0.533000,1.132000,-0.598000,-1.706000,-3.108000,-3.185000,-1.545000,1.365000,1.953000
1.105000,-0.045000,-1.150000,-0.530000,1.128000,-0.597000,-1.613000,-2.886000,-2.958000,-1.755000,1.398000,1.966000
1.065000,-0.037000,-1.102000,-0.514000,1.084000,-0.569000,-1.515000,-2.661000,-2.722000,-1.960000,1.431000,1.979000
1.040000,-0.035000,-1.075000,-0.502000,1.058000,-0.555000,-1.425000,-2.470000,-2.525000,-2.090000,1.435000,1.985000
1.033000,-0.073000,-1.106000,-0.480000,1.069000,-0.589000,-1.356000,-2.323000,-2.398000,-2.166000,1.404000,1.954000
1.010000,-0.081000,-1.092000,-0.464000,1.051000,-0.586000,-1.252000,-2.151000,-2.240000,-2.216000,1.373000,1.921000
0.950000,-0.089000,-1.039000,-0.430000,0.995000,-0.563000,-1.149000,-1.961000,-2.066000,-2.284000,1.347000,1.887000
0.898000,-0.124000,-1.023000,-0.387000,0.961000,-0.573000,-1.078000,-1.780000,-1.903000,-2.370000,1.325000,1.852000
0.890000,-0.150000,-1.040000,-0.370000,0.965000,-0.595000,-1.000000,-1.595000,-1.720000,-2.435000,1.300000,1.820000
0.849000,-0.147000,-0.996000,-0.351000,0.923000,-0.571000,-0.897000,-1.403000,-1.536000,-2.489000,1.256000,1.769000
0.798000,-0.141000,-0.939000,-0.329000,0.869000,-0.540000,-0.828000,-1.287000,-1.426000,-2.598000,1.217000,1.716000
0.770000,-0.140000,-0.910000,-0.315000,0.840000,-0.525000,-0.782000,-1.177000,-1.332000,-2.710000,1.164000,1.660000
0.765000,-0.139000,-0.904000,-0.312000,0.835000,-0.521000,-0.714000,-1.027000,-1.200000,-2.781000,1.083000,1.583000
0.755000,-0.135000,-0.890000,-0.310000,0.823000,-0.512000,-0.625000,-0.880000,-1.060000,-2.835000,0.995000,1.485000
0.712000,-0.132000,-0.843000,-0.290000,0.778000,-0.487000,-0.560000,-0.737000,-0.938000,-2.876000,0.914000,1.386000
0.669000,-0.125000,-0.794000,-0.272000,0.731000,-0.460000,-0.496000,-0.622000,-0.832000,-2.911000,0.801000,1.274000
0.599000,-0.146000,-0.744000,-0.226000,0.671000,-0.445000,-0.421000,-0.497000,-0.725000,-2.918000,0.653000,1.126000
0.520000,-0.173000,-0.692000,-0.173000,0.606000,-0.432000,-0.339000,-0.349000,-0.604000,-2.910000,0.525000,0.986000
0.480000,-0.165000,-0.645000,-0.157000,0.563000,-0.405000,-0.260000,-0.220000,-0.485000,-2.900000,0.445000,0.890000
0.433000,-0.164000,-0.597000,-0.134000,0.516000,-0.381000,-0.195000,-0.112000,-0.393000,-2.834000,0.339000,0.766000
0.382000,-0.166000,-0.548000,-0.108000,0.466000,-0.357000,-0.134000,0.000000,-0.297000,-2.765000,0.228000,0.653000
0.341000,-0.163000,-0.504000,-0.089000,0.423000,-0.333000,-0.078000,0.089000,-0.226000,-2.671000,0.122000,0.559000
0.305000,-0.160000,-0.465000,-0.072000,0.385000,-0.312000,-0.028000,0.159000,-0.176000,-2.553000,0.020000,0.457000
0.270000,-0.160000,-0.430000,-0.055000,0.350000,-0.295000,0.020000,0.245000,-0.110000,-2.455000,-0.075000,0.340000
0.251000,-0.157000,-0.408000,-0.047000,0.330000,-0.282000,0.062000,0.321000,-0.048000,-2.355000,-0.169000,0.233000
0.215000,-0.183000,-0.398000,-0.015000,0.306000,-0.290000,0.090000,0.370000,-0.001000,-2.253000,-0.278000,0.115000
0.150000,-0.209000,-0.359000,0.030000,0.254000,-0.284000,0.157000,0.461000,0.074000,-2.128000,-0.357000,0.031000
0.087000,-0.208000,-0.295000,0.060000,0.191000,-0.251000,0.233000,0.571000,0.155000,-1.967000,-0.419000,-0.036000
0.045000,-0.195000,-0.240000,0.075000,0.143000,-0.217000,0.270000,0.635000,0.205000,-1.790000,-0.495000,-0.120000
-0.010000,-0.187000,-0.176000,0.098000,0.084000,-0.181000,0.348000,0.734000,0.291000,-1.637000,-0.513000,-0.138000
-0.067000,-0.180000,-0.113000,0.124000,0.024000,-0.146000,0.392000,0.793000,0.348000,-1.559000,-0.534000,-0.159000
-0.108000,-0.169000,-0.061000,0.139000,-0.023000,-0.115000,0.424000,0.847000,0.399000,-1.474000,-0.562000,-0.187000
-0.137000,-0.158000,-0.021000,0.147000,-0.058000,-0.089000,0.462000,0.914000,0.467000,-1.368000,-0.570000,-0.204000
-0.170000,-0.150000,0.020000,0.160000,-0.095000,-0.065000,0.485000,0.965000,0.530000,-1.290000,-0.565000,-0.215000
-0.206000,-0.142000,0.064000,0.174000,-0.135000,-0.039000,0.522000,1.031000,0.587000,-1.177000,-0.565000,-0.220000
-0.205000,-0.136000,0.069000,0.170000,-0.137000,-0.034000,0.542000,1.076000,0.639000,-1.051000,-0.562000,-0.220000
-0.204000,-0.135000,0.070000,0.169000,-0.136000,-0.032000,0.564000,1.121000,0.690000,-0.966000,-0.559000,-0.220000
-0.234000,-0.135000,0.099000,0.185000,-0.166000,-0.018000,0.598000,1.179000,0.735000,-0.918000,-0.560000,-0.220000
-0.285000,-0.135000,0.150000,0.210000,-0.217000,0.007000,0.625000,1.225000,0.775000,-0.860000,-0.560000,-0.220000
-0.350000,-0.135000,0.215000,0.242000,-0.282000,0.040000,0.646000,1.259000,0.813000,-0.789000,-0.556000,-0.220000
-0.360000,-0.135000,0.225000,0.247000,-0.292000,0.045000,0.658000,1.279000,0.829000,-0.715000,-0.555000,-0.220000
-0.343000,-0.135000,0.208000,0.239000,-0.275000,0.036000,0.674000,1.304000,0.846000,-0.648000,-0.553000,-0.220000
-0.349000,-0.135000,0.214000,0.242000,-0.281000,0.039000,0.685000,1.321000,0.869000,-0.592000,-0.550000,-0.220000
-0.375000,-0.135000,0.240000,0.255000,-0.307000,0.052000,0.685000,1.325000,0.885000,-0.530000,-0.550000,-0.220000
-0.399000,-0.135000,0.264000,0.267000,-0.331000,0.064000,0.710000,1.361000,0.914000,-0.437000,-0.548000,-0.220000
-0.384000,-0.135000,0.249000,0.259000,-0.316000,0.057000,0.715000,1.385000,0.932000,-0.367000,-0.564000,-0.218000
-0.331000,-0.135000,0.197000,0.233000,-0.264000,0.031000,0.706000,1.395000,0.937000,-0.311000,-0.584000,-0.228000
-0.334000,-0.135000,0.199000,0.234000,-0.266000,0.032000,0.715000,1.418000,0.959000,-0.260000,-0.590000,-0.241000
-0.415000,-0.135000,0.280000,0.275000,-0.347000,0.072000,0.740000,1.455000,1.000000,-0.230000,-0.585000,-0.235000
-0.407000,-0.131000,0.276000,0.269000,-0.342000,0.073000,0.756000,1.475000,1.012000,-0.202000,-0.584000,-0.234000
-0.394000,-0.130000,0.264000,0.261000,-0.329000,0.067000,0.772000,1.497000,1.029000,-0.176000,-0.589000,-0.238000
-0.394000,-0.130000,0.264000,0.262000,-0.329000,0.067000,0.773000,1.507000,1.034000,-0.155000,-0.604000,-0.258000
-0.388000,-0.130000,0.258000,0.259000,-0.323000,0.064000,0.782000,1.523000,1.050000,-0.125000,-0.616000,-0.267000
-0.385000,-0.130000,0.255000,0.257000,-0.320000,0.062000,0.815000,1.565000,1.100000,-0.075000,-0.615000,-0.250000
-0.395000,-0.130000,0.265000,0.262000,-0.330000,0.067000,0.814000,1.581000,1.108000,-0.031000,-0.615000,-0.274000
-0.420000,-0.130000,0.290000,0.275000,-0.355000,0.080000,0.832000,1.607000,1.132000,0.018000,-0.615000,-0.286000
-0.431000,-0.130000,0.301000,0.280000,-0.366000,0.085000,0.834000,1.624000,1.148000,0.072000,-0.632000,-0.302000
-0.415000,-0.130000,0.285000,0.272000,-0.350000,0.077000,0.829000,1.637000,1.156000,0.122000,-0.653000,-0.321000
-0.410000,-0.130000,0.280000,0.270000,-0.345000,0.075000,0.860000,1.675000,1.190000,0.165000,-0.655000,-0.315000
-0.457000,-0.130000,0.327000,0.294000,-0.392000,0.099000,0.867000,1.690000,1.206000,0.208000,-0.655000,-0.332000
-0.494000,-0.130000,0.364000,0.312000,-0.429000,0.117000,0.889000,1.720000,1.231000,0.256000,-0.656000,-0.330000
-0.499000,-0.130000,0.369000,0.314000,-0.434000,0.119000,0.901000,1.740000,1.254000,0.301000,-0.667000,-0.341000
-0.495000,-0.130000,0.365000,0.312000,-0.430000,0.117000,0.903000,1.750000,1.270000,0.339000,-0.675000,-0.362000
-0.500000,-0.135000,0.365000,0.317000,-0.432000,0.115000,0.925000,1.780000,1.295000,0.375000,-0.675000,-0.360000
-0.503000,-0.148000,0.355000,0.325000,-0.429000,0.103000,0.926000,1.793000,1.311000,0.412000,-0.691000,-0.384000
-0.515000,-0.146000,0.369000,0.330000,-0.442000,0.111000,0.929000,1.805000,1.330000,0.437000,-0.702000,-0.400000
-0.520000,-0.135000,0.385000,0.327000,-0.453000,0.125000,0.942000,1.826000,1.349000,0.451000,-0.710000,-0.412000
-0.513000,-0.129000,0.384000,0.321000,-0.449000,0.127000,0.951000,1.844000,1.364000,0.464000,-0.724000,-0.429000
-0.510000,-0.125000,0.385000,0.317000,-0.447000,0.130000,0.950000,1.855000,1.380000,0.475000,-0.740000,-0.445000
-0.508000,-0.117000,0.391000,0.313000,-0.449000,0.136000,0.957000,1.867000,1.392000,0.473000,-0.748000,-0.458000
-0.492000,-0.108000,0.383000,0.300000,-0.437000,0.137000,0.969000,1.878000,1.403000,0.493000,-0.757000,-0.464000
-0.518000,-0.103000,0.415000,0.310000,-0.466000,0.156000,0.981000,1.895000,1.421000,0.509000,-0.759000,-0.464000
-0.559000,-0.099000,0.460000,0.328000,-0.509000,0.180000,0.992000,1.914000,1.446000,0.503000,-0.754000,-0.466000
-0.545000,-0.095000,0.450000,0.320000,-0.497000,0.177000,1.000000,1.925000,1.465000,0.505000,-0.755000,-0.475000
-0.545000,-0.095000,0.450000,0.320000,-0.497000,0.177000,1.007000,1.936000,1.480000,0.534000,-0.755000,-0.480000
-0.539000,-0.092000,0.447000,0.315000,-0.492000,0.177000,1.023000,1.955000,1.506000,0.545000,-0.755000,-0.480000
-0.536000,-0.089000,0.447000,0.312000,-0.491000,0.178000,1.031000,1.971000,1.529000,0.549000,-0.755000,-0.482000
-0.531000,-0.090000,0.441000,0.310000,-0.486000,0.175000,1.023000,1.975000,1.535000,0.554000,-0.763000,-0.494000
-0.525000,-0.090000,0.435000,0.307000,-0.480000,0.172000,1.025000,1.980000,1.540000,0.555000,-0.775000,-0.510000
-0.575000,-0.086000,0.489000,0.330000,-0.532000,0.201000,1.047000,1.993000,1.565000,0.584000,-0.768000,-0.506000
-0.588000,-0.085000,0.503000,0.336000,-0.545000,0.209000,1.046000,1.990000,1.570000,0.591000,-0.761000,-0.505000
-0.576000,-0.083000,0.492000,0.329000,-0.534000,0.204000,1.037000,1.982000,1.562000,0.595000,-0.758000,-0.503000
-0.575000,-0.079000,0.496000,0.327000,-0.536000,0.208000,1.034000,1.979000,1.569000,0.605000,-0.754000,-0.500000
-0.575000,-0.080000,0.495000,0.327000,-0.535000,0.207000,1.030000,1.975000,1.590000,0.605000,-0.750000,-0.500000
-0.572000,-0.081000,0.491000,0.326000,-0.531000,0.205000,1.026000,1.967000,1.594000,0.626000,-0.746000,-0.496000
-0.564000,-0.075000,0.489000,0.319000,-0.527000,0.207000,1.022000,1.961000,1.601000,0.633000,-0.740000,-0.492000
-0.556000,-0.066000,0.491000,0.311000,-0.523000,0.212000,1.019000,1.959000,1.605000,0.643000,-0.745000,-0.502000
-0.547000,-0.058000,0.489000,0.303000,-0.518000,0.215000,1.012000,1.953000,1.599000,0.656000,-0.748000,-0.508000
-0.535000,-0.050000,0.485000,0.292000,-0.510000,0.217000,1.000000,1.940000,1.595000,0.655000,-0.730000,-0.490000
-0.527000,-0.042000,0.484000,0.284000,-0.505000,0.221000,0.992000,1.928000,1.591000,0.667000,-0.718000,-0.478000
-0.523000,-0.034000,0.489000,0.278000,-0.506000,0.227000,0.981000,1.916000,1.587000,0.673000,-0.703000,-0.466000
-0.532000,-0.028000,0.504000,0.279000,-0.518000,0.238000,0.971000,1.905000,1.583000,0.679000,-0.689000,-0.454000
-0.540000,-0.024000,0.516000,0.281000,-0.527000,0.246000,0.962000,1.889000,1.579000,0.694000,-0.676000,-0.442000
-0.525000,-0.020000,0.505000,0.272000,-0.515000,0.242000,0.950000,1.860000,1.575000,0.705000,-0.660000,-0.430000
-0.508000,-0.016000,0.492000,0.261000,-0.500000,0.238000,0.942000,1.836000,1.563000,0.705000,-0.644000,-0.422000
-0.535000,-0.012000,0.523000,0.273000,-0.529000,0.255000,0.931000,1.810000,1.550000,0.710000,-0.627000,-0.410000
-0.551000,-0.008000,0.543000,0.280000,-0.547000,0.267000,0.919000,1.780000,1.541000,0.719000,-0.615000,-0.402000
-0.537000,-0.004000,0.534000,0.270000,-0.535000,0.265000,0.907000,1.755000,1.533000,0.728000,-0.599000,-0.390000
-0.535000,0.000000,0.535000,0.267000,-0.535000,0.267000,0.895000,1.740000,1.520000,0.740000,-0.565000,-0.360000
-0.532000,-0.001000,0.531000,0.267000,-0.532000,0.265000,0.889000,1.727000,1.507000,0.749000,-0.532000,-0.331000
-0.519000,0.011000,0.530000,0.254000,-0.525000,0.271000,0.865000,1.687000,1.500000,0.754000,-0.511000,-0.314000
-0.501000,0.027000,0.528000,0.237000,-0.515000,0.278000,0.837000,1.636000,1.485000,0.769000,-0.501000,-0.306000
-0.487000,0.038000,0.525000,0.224000,-0.507000,0.281000,0.815000,1.596000,1.459000,0.789000,-0.483000,-0.288000
-0.475000,0.050000,0.525000,0.212000,-0.500000,0.287000,0.795000,1.565000,1.435000,0.800000,-0.445000,-0.255000
-0.450000,0.063000,0.514000,0.193000,-0.482000,0.288000,0.780000,1.534000,1.407000,0.803000,-0.412000,-0.226000
-0.436000,0.065000,0.501000,0.185000,-0.469000,0.283000,0.758000,1.495000,1.379000,0.817000,-0.386000,-0.201000
-0.420000,0.069000,0.489000,0.175000,-0.455000,0.279000,0.733000,1.455000,1.349000,0.828000,-0.364000,-0.181000
-0.393000,0.084000,0.477000,0.154000,-0.435000,0.280000,0.709000,1.414000,1.318000,0.824000,-0.338000,-0.158000
-0.370000,0.095000,0.465000,0.137000,-0.418000,0.280000,0.685000,1.370000,1.290000,0.825000,-0.305000,-0.125000
-0.371000,0.086000,0.457000,0.142000,-0.414000,0.271000,0.666000,1.331000,1.258000,0.845000,-0.273000,-0.093000
-0.386000,0.063000,0.449000,0.161000,-0.417000,0.255000,0.639000,1.284000,1.227000,0.855000,-0.238000,-0.061000
-0.356000,0.087000,0.443000,0.134000,-0.400000,0.265000,0.613000,1.238000,1.189000,0.854000,-0.203000,-0.030000
-0.308000,0.130000,0.439000,0.089000,-0.374000,0.284000,0.588000,1.193000,1.144000,0.856000,-0.173000,-0.004000
-0.310000,0.120000,0.430000,0.095000,-0.370000,0.275000,0.555000,1.140000,1.105000,0.860000,-0.145000,0.020000
-0.309000,0.113000,0.421000,0.098000,-0.365000,0.267000,0.527000,1.092000,1.073000,0.859000,-0.121000,0.046000
-0.287000,0.131000,0.418000,0.078000,-0.353000,0.274000,0.496000,1.041000,1.042000,0.871000,-0.099000,0.051000
-0.267000,0.141000,0.408000,0.063000,-0.338000,0.274000,0.465000,0.990000,1.007000,0.886000,-0.082000,0.069000
-0.257000,0.133000,0.391000,0.062000,-0.325000,0.262000,0.439000,0.944000,0.972000,0.890000,-0.065000,0.102000
-0.245000,0.130000,0.375000,0.057000,-0.310000,0.252000,0.415000,0.900000,0.940000,0.885000,-0.040000,0.120000
-0.233000,0.126000,0.359000,0.053000,-0.296000,0.242000,0.396000,0.856000,0.904000,0.885000,-0.016000,0.147000
-0.223000,0.123000,0.346000,0.050000,-0.285000,0.234000,0.369000,0.809000,0.869000,0.882000,0.008000,0.181000
-0.202000,0.131000,0.334000,0.035000,-0.268000,0.232000,0.342000,0.763000,0.826000,0.880000,0.033000,0.203000
-0.174000,0.149000,0.323000,0.012000,-0.249000,0.236000,0.320000,0.719000,0.770000,0.879000,0.046000,0.204000
-0.155000,0.160000,0.315000,-0.003000,-0.235000,0.237000,0.300000,0.675000,0.720000,0.875000,0.050000,0.210000
-0.146000,0.157000,0.303000,-0.005000,-0.225000,0.229000,0.280000,0.635000,0.698000,0.875000,0.085000,0.246000
-0.143000,0.151000,0.294000,-0.004000,-0.219000,0.223000,0.258000,0.595000,0.682000,0.872000,0.115000,0.272000
-0.133000,0.150000,0.283000,-0.009000,-0.208000,0.217000,0.232000,0.554000,0.654000,0.870000,0.118000,0.273000
-0.117000,0.149000,0.266000,-0.016000,-0.191000,0.207000,0.210000,0.516000,0.616000,0.869000,0.117000,0.272000
-0.105000,0.145000,0.250000,-0.020000,-0.178000,0.197000,0.195000,0.485000,0.580000,0.865000,0.130000,0.285000
-0.089000,0.145000,0.234000,-0.028000,-0.162000,0.189000,0.179000,0.458000,0.548000,0.866000,0.133000,0.292000
-0.075000,0.142000,0.217000,-0.033000,-0.146000,0.179000,0.163000,0.424000,0.517000,0.857000,0.151000,0.311000
-0.065000,0.140000,0.205000,-0.037000,-0.135000,0.173000,0.147000,0.386000,0.481000,0.846000,0.162000,0.321000
-0.059000,0.140000,0.198000,-0.040000,-0.129000,0.169000,0.131000,0.353000,0.440000,0.837000,0.152000,0.313000
-0.055000,0.135000,0.190000,-0.040000,-0.123000,0.162000,0.120000,0.330000,0.405000,0.825000,0.150000,0.310000
-0.051000,0.130000,0.182000,-0.039000,-0.117000,0.156000,0.112000,0.305000,0.388000,0.817000,0.175000,0.310000
-0.044000,0.130000,0.174000,-0.043000,-0.109000,0.152000,0.104000,0.290000,0.373000,0.806000,0.180000,0.307000
-0.038000,0.128000,0.166000,-0.045000,-0.102000,0.147000,0.096000,0.279000,0.357000,0.796000,0.172000,0.305000
-0.034000,0.125000,0.159000,-0.045000,-0.097000,0.141000,0.088000,0.267000,0.341000,0.787000,0.169000,0.305000
-0.030000,0.125000,0.155000,-0.048000,-0.093000,0.140000,0.080000,0.255000,0.325000,0.770000,0.165000,0.300000
-0.027000,0.121000,0.147000,-0.048000,-0.087000,0.134000,0.072000,0.243000,0.309000,0.758000,0.165000,0.295000
-0.018000,0.120000,0.138000,-0.051000,-0.078000,0.129000,0.066000,0.231000,0.293000,0.743000,0.163000,0.295000
-0.014000,0.119000,0.133000,-0.052000,-0.074000,0.125000,0.065000,0.219000,0.277000,0.729000,0.157000,0.293000
-0.015000,0.114000,0.128000,-0.050000,-0.072000,0.121000,0.065000,0.208000,0.261000,0.715000,0.155000,0.290000
-0.010000,0.110000,0.120000,-0.050000,-0.065000,0.115000,0.065000,0.200000,0.250000,0.690000,0.155000,0.290000
-0.005000,0.106000,0.112000,-0.050000,-0.059000,0.108000,0.061000,0.188000,0.242000,0.666000,0.151000,0.282000
-0.005000,0.101000,0.107000,-0.048000,-0.056000,0.104000,0.060000,0.176000,0.234000,0.644000,0.146000,0.274000
-0.003000,0.100000,0.103000,-0.049000,-0.053000,0.101000,0.060000,0.165000,0.226000,0.627000,0.145000,0.266000
0.000000,0.099000,0.100000,-0.049000,-0.050000,0.100000,0.060000,0.159000,0.218000,0.610000,0.144000,0.258000
-0.005000,0.095000,0.100000,-0.045000,-0.053000,0.097000,0.060000,0.155000,0.210000,0.590000,0.135000,0.250000
-0.005000,0.091000,0.096000,-0.043000,-0.050000,0.093000,0.056000,0.155000,0.202000,0.570000,0.131000,0.242000
-0.008000,0.087000,0.095000,-0.040000,-0.052000,0.091000,0.055000,0.155000,0.194000,0.547000,0.128000,0.232000
-0.011000,0.083000,0.093000,-0.036000,-0.052000,0.088000,0.055000,0.155000,0.187000,0.523000,0.121000,0.234000
-0.010000,0.080000,0.089000,-0.035000,-0.049000,0.085000,0.055000,0.154000,0.185000,0.498000,0.114000,0.239000
-0.010000,0.080000,0.090000,-0.035000,-0.050000,0.085000,0.055000,0.150000,0.185000,0.470000,0.110000,0.225000
-0.015000,0.076000,0.091000,-0.030000,-0.053000,0.083000,0.051000,0.150000,0.185000,0.446000,0.106000,0.217000
-0.012000,0.075000,0.087000,-0.032000,-0.050000,0.081000,0.049000,0.150000,0.186000,0.422000,0.102000,0.206000
-0.012000,0.073000,0.085000,-0.031000,-0.049000,0.079000,0.051000,0.150000,0.183000,0.398000,0.098000,0.196000
-0.015000,0.069000,0.084000,-0.028000,-0.049000,0.076000,0.049000,0.149000,0.180000,0.375000,0.094000,0.187000
-0.010000,0.070000,0.080000,-0.030000,-0.045000,0.075000,0.045000,0.145000,0.180000,0.355000,0.090000,0.175000
-0.010000,0.070000,0.080000,-0.030000,-0.045000,0.075000,0.045000,0.145000,0.180000,0.339000,0.090000,0.166000
-0.010000,0.067000,0.077000,-0.029000,-0.044000,0.072000,0.045000,0.145000,0.181000,0.323000,0.088000,0.162000
-0.010000,0.064000,0.074000,-0.028000,-0.043000,0.069000,0.045000,0.145000,0.178000,0.307000,0.082000,0.158000
-0.010000,0.065000,0.076000,-0.028000,-0.043000,0.070000,0.044000,0.145000,0.175000,0.291000,0.080000,0.154000
-0.010000,0.065000,0.075000,-0.028000,-0.043000,0.070000,0.040000,0.145000,0.175000,0.275000,0.080000,0.150000
-0.006000,0.061000,0.067000,-0.028000,-0.037000,0.063000,0.040000,0.141000,0.175000,0.259000,0.076000,0.146000
-0.003000,0.059000,0.062000,-0.029000,-0.032000,0.061000,0.040000,0.140000,0.175000,0.243000,0.071000,0.141000
0.004000,0.061000,0.056000,-0.032000,-0.026000,0.058000,0.040000,0.140000,0.175000,0.229000,0.070000,0.140000
0.010000,0.059000,0.049000,-0.035000,-0.019000,0.054000,0.040000,0.140000,0.174000,0.217000,0.069000,0.139000
0.010000,0.055000,0.045000,-0.033000,-0.018000,0.050000,0.040000,0.140000,0.170000,0.205000,0.060000,0.130000
0.018000,0.055000,0.037000,-0.037000,-0.010000,0.046000,0.040000,0.136000,0.170000,0.193000,0.056000,0.126000
0.023000,0.056000,0.033000,-0.040000,-0.006000,0.044000,0.040000,0.135000,0.170000,0.184000,0.052000,0.122000
0.029000,0.051000,0.022000,-0.041000,0.003000,0.037000,0.040000,0.135000,0.170000,0.176000,0.048000,0.118000
0.044000,0.043000,-0.001000,-0.044000,0.022000,0.021000,0.040000,0.135000,0.169000,0.168000,0.044000,0.114000
0.055000,0.040000,-0.015000,-0.047000,0.035000,0.012000,0.040000,0.135000,0.165000,0.160000,0.040000,0.110000
0.037000,0.036000,-0.001000,-0.037000,0.018000,0.017000,0.039000,0.134000,0.165000,0.152000,0.036000,0.106000
0.011000,0.032000,0.021000,-0.022000,-0.005000,0.026000,0.047000,0.144000,0.165000,0.144000,0.032000,0.102000
0.005000,0.028000,0.022000,-0.017000,-0.009000,0.024000,0.048000,0.153000,0.165000,0.136000,0.029000,0.098000
0.001000,0.043000,0.042000,-0.022000,-0.021000,0.042000,0.047000,0.157000,0.165000,0.128000,0.030000,0.095000
-0.020000,0.080000,0.100000,-0.030000,-0.060000,0.090000,0.060000,0.165000,0.165000,0.125000,0.030000,0.095000
-0.013000,0.086000,0.099000,-0.037000,-0.056000,0.092000,0.065000,0.166000,0.164000,0.125000,0.026000,0.091000
-0.009000,0.084000,0.093000,-0.038000,-0.051000,0.089000,0.064000,0.163000,0.170000,0.122000,0.025000,0.090000
-0.010000,0.085000,0.096000,-0.038000,-0.054000,0.090000,0.069000,0.173000,0.180000,0.120000,0.025000,0.088000
-0.010000,0.085000,0.095000,-0.038000,-0.053000,0.090000,0.076000,0.187000,0.186000,0.119000,0.025000,0.085000
-0.010000,0.085000,0.095000,-0.038000,-0.053000,0.090000,0.075000,0.185000,0.185000,0.115000,0.025000,0.085000
-0.010000,0.085000,0.095000,-0.038000,-0.053000,0.090000,0.075000,0.185000,0.185000,0.115000,0.021000,0.081000
-0.010000,0.085000,0.095000,-0.038000,-0.053000,0.090000,0.076000,0.186000,0.186000,0.112000,0.020000,0.076000
-0.009000,0.085000,0.094000,-0.038000,-0.052000,0.089000,0.073000,0.182000,0.183000,0.109000,0.020000,0.075000
-0.021000,0.085000,0.106000,-0.032000,-0.064000,0.095000,0.079000,0.190000,0.189000,0.110000,0.020000,0.074000
-0.050000,0.085000,0.135000,-0.018000,-0.093000,0.110000,0.105000,0.215000,0.210000,0.110000,0.020000,0.070000
-0.047000,0.085000,0.133000,-0.019000,-0.090000,0.108000,0.118000,0.220000,0.219000,0.106000,0.016000,0.070000
-0.042000,0.084000,0.126000,-0.021000,-0.085000,0.105000,0.125000,0.225000,0.223000,0.105000,0.014000,0.067000
-0.036000,0.087000,0.123000,-0.026000,-0.080000,0.105000,0.123000,0.234000,0.227000,0.103000,0.016000,0.065000
-0.030000,0.089000,0.119000,-0.030000,-0.074000,0.104000,0.130000,0.251000,0.240000,0.100000,0.014000,0.064000
-0.030000,0.090000,0.120000,-0.030000,-0.075000,0.105000,0.155000,0.275000,0.260000,0.100000,0.010000,0.060000
-0.021000,0.111000,0.131000,-0.046000,-0.076000,0.121000,0.152000,0.276000,0.266000,0.096000,0.010000,0.060000
-0.028000,0.117000,0.145000,-0.045000,-0.087000,0.131000,0.148000,0.274000,0.263000,0.095000,0.010000,0.057000
-0.040000,0.113000,0.153000,-0.037000,-0.097000,0.133000,0.153000,0.277000,0.271000,0.093000,0.010000,0.054000
-0.056000,0.117000,0.173000,-0.031000,-0.115000,0.145000,0.163000,0.289000,0.280000,0.089000,0.009000,0.055000
-0.080000,0.125000,0.205000,-0.023000,-0.143000,0.165000,0.170000,0.300000,0.270000,0.090000,0.005000,0.055000
-0.078000,0.121000,0.199000,-0.022000,-0.138000,0.160000,0.159000,0.285000,0.262000,0.090000,0.005000,0.051000
-0.069000,0.119000,0.188000,-0.026000,-0.128000,0.153000,0.145000,0.271000,0.254000,0.087000,0.005000,0.049000
-0.061000,0.120000,0.181000,-0.030000,-0.121000,0.150000,0.136000,0.258000,0.246000,0.084000,0.005000,0.051000
-0.053000,0.120000,0.173000,-0.034000,-0.113000,0.146000,0.127000,0.241000,0.238000,0.085000,0.004000,0.049000
-0.045000,0.120000,0.165000,-0.038000,-0.105000,0.142000,0.115000,0.230000,0.230000,0.085000,0.000000,0.045000
-0.037000,0.120000,0.157000,-0.042000,-0.097000,0.138000,0.102000,0.222000,0.226000,0.085000,-0.004000,0.045000
-0.029000,0.120000,0.149000,-0.046000,-0.089000,0.134000,0.094000,0.214000,0.222000,0.085000,-0.008000,0.046000
-0.023000,0.120000,0.143000,-0.049000,-0.083000,0.131000,0.084000,0.208000,0.218000,0.085000,-0.012000,0.043000
-0.019000,0.120000,0.139000,-0.051000,-0.079000,0.129000,0.073000,0.203000,0.214000,0.085000,-0.016000,0.040000
-0.015000,0.120000,0.135000,-0.053000,-0.075000,0.127000,0.065000,0.195000,0.210000,0.085000,-0.020000,0.040000
-0.012000,0.120000,0.132000,-0.054000,-0.072000,0.126000,0.057000,0.187000,0.210000,0.085000,-0.025000,0.036000
-0.001000,0.120000,0.121000,-0.060000,-0.061000,0.120000,0.049000,0.182000,0.208000,0.086000,-0.023000,0.034000
-0.023000,0.120000,0.143000,-0.049000,-0.083000,0.131000,0.041000,0.177000,0.202000,0.096000,-0.018000,0.036000
-0.052000,0.120000,0.172000,-0.034000,-0.112000,0.146000,0.033000,0.168000,0.200000,0.098000,-0.014000,0.034000
-0.040000,0.120000,0.160000,-0.040000,-0.100000,0.140000,0.025000,0.160000,0.200000,0.090000,-0.015000,0.030000
-0.036000,0.120000,0.156000,-0.042000,-0.096000,0.137000,0.021000,0.152000,0.196000,0.115000,-0.036000,0.030000
-0.028000,0.121000,0.149000,-0.047000,-0.089000,0.134000,0.020000,0.144000,0.191000,0.122000,-0.039000,0.031000
-0.026000,0.117000,0.143000,-0.046000,-0.085000,0.129000,0.021000,0.136000,0.190000,0.123000,-0.034000,0.028000
-0.039000,0.099000,0.138000,-0.030000,-0.089000,0.118000,0.019000,0.127000,0.189000,0.131000,-0.035000,0.025000
-0.040000,0.090000,0.130000,-0.025000,-0.085000,0.110000,0.015000,0.125000,0.185000,0.135000,-0.035000,0.025000
0.002000,0.128000,0.127000,-0.065000,-0.063000,0.127000,0.015000,0.146000,0.181000,0.155000,-0.035000,0.026000
0.014000,0.131000,0.116000,-0.073000,-0.051000,0.124000,0.016000,0.150000,0.177000,0.166000,-0.035000,0.022000
0.008000,0.114000,0.105000,-0.061000,-0.048000,0.110000,0.013000,0.142000,0.175000,0.164000,-0.035000,0.020000
0.011000,0.109000,0.098000,-0.060000,-0.044000,0.103000,0.010000,0.139000,0.174000,0.167000,-0.035000,0.019000
0.010000,0.100000,0.090000,-0.055000,-0.040000,0.095000,0.010000,0.135000,0.170000,0.180000,-0.035000,0.015000
0.006000,0.088000,0.082000,-0.047000,-0.038000,0.084000,0.010000,0.131000,0.166000,0.190000,-0.031000,0.015000
0.004000,0.079000,0.074000,-0.041000,-0.036000,0.076000,0.010000,0.126000,0.165000,0.185000,-0.030000,0.012000
0.006000,0.071000,0.065000,-0.039000,-0.030000,0.068000,0.012000,0.125000,0.164000,0.175000,-0.030000,0.009000
0.003000,0.063000,0.060000,-0.033000,-0.029000,0.061000,0.016000,0.124000,0.159000,0.169000,-0.030000,0.010000
-0.005000,0.055000,0.060000,-0.025000,-0.033000,0.057000,0.025000,0.125000,0.155000,0.165000,-0.030000,0.010000
-0.007000,0.051000,0.058000,-0.022000,-0.032000,0.054000,0.048000,0.145000,0.155000,0.157000,-0.030000,0.006000
-0.028000,0.048000,0.076000,-0.010000,-0.052000,0.062000,0.073000,0.158000,0.153000,0.148000,-0.029000,0.005000
-0.045000,0.041000,0.086000,0.001000,-0.066000,0.063000,0.081000,0.161000,0.147000,0.143000,-0.032000,0.003000
-0.046000,0.034000,0.079000,0.006000,-0.063000,0.056000,0.082000,0.167000,0.145000,0.139000,-0.027000,0.000000
-0.050000,0.030000,0.080000,0.010000,-0.065000,0.055000,0.095000,0.175000,0.145000,0.135000,-0.020000,0.000000
-0.050000,0.026000,0.076000,0.011000,-0.063000,0.051000,0.092000,0.172000,0.141000,0.135000,-0.045000,-0.004000
-0.053000,0.022000,0.075000,0.015000,-0.064000,0.048000,0.089000,0.166000,0.140000,0.136000,-0.050000,-0.006000
-0.056000,0.018000,0.073000,0.019000,-0.065000,0.045000,0.091000,0.165000,0.139000,0.133000,-0.043000,-0.005000
-0.055000,0.015000,0.069000,0.020000,-0.063000,0.042000,0.089000,0.164000,0.134000,0.130000,-0.046000,-0.006000
-0.055000,0.015000,0.070000,0.020000,-0.063000,0.042000,0.085000,0.160000,0.130000,0.130000,-0.045000,-0.010000
-0.059000,0.011000,0.071000,0.024000,-0.065000,0.041000,0.085000,0.160000,0.130000,0.130000,-0.041000,-0.014000
-0.060000,0.006000,0.067000,0.027000,-0.064000,0.037000,0.086000,0.158000,0.127000,0.127000,-0.040000,-0.018000
-0.060000,0.005000,0.065000,0.027000,-0.063000,0.035000,0.083000,0.152000,0.125000,0.124000,-0.040000,-0.022000
-0.060000,0.004000,0.064000,0.027000,-0.062000,0.034000,0.080000,0.150000,0.124000,0.125000,-0.041000,-0.026000
-0.060000,0.000000,0.060000,0.030000,-0.060000,0.030000,0.080000,0.150000,0.120000,0.125000,-0.050000,-0.030000
-0.064000,-0.004000,0.060000,0.034000,-0.062000,0.028000,0.080000,0.146000,0.120000,0.121000,-0.059000,-0.035000
-0.066000,-0.008000,0.057000,0.037000,-0.061000,0.024000,0.081000,0.145000,0.117000,0.119000,-0.058000,-0.032000
-0.064000,-0.010000,0.054000,0.037000,-0.059000,0.022000,0.078000,0.143000,0.114000,0.121000,-0.054000,-0.029000
-0.066000,-0.011000,0.055000,0.038000,-0.060000,0.022000,0.084000,0.139000,0.115000,0.119000,-0.055000,-0.030000
-0.070000,-0.015000,0.055000,0.042000,-0.062000,0.020000,0.105000,0.140000,0.115000,0.115000,-0.055000,-0.030000
-0.070000,-0.019000,0.051000,0.045000,-0.060000,0.016000,0.102000,0.140000,0.111000,0.115000,-0.051000,-0.026000
-0.069000,-0.020000,0.049000,0.045000,-0.060000,0.015000,0.099000,0.137000,0.109000,0.116000,-0.050000,-0.025000
-0.072000,-0.021000,0.051000,0.047000,-0.061000,0.014000,0.101000,0.134000,0.111000,0.113000,-0.050000,-0.025000
-0.075000,-0.026000,0.049000,0.051000,-0.062000,0.011000,0.099000,0.135000,0.109000,0.110000,-0.050000,-0.025000
-0.075000,-0.030000,0.045000,0.052000,-0.060000,0.007000,0.095000,0.135000,0.105000,0.110000,-0.050000,-0.025000
-0.075000,-0.030000,0.045000,0.052000,-0.060000,0.007000,0.095000,0.131000,0.105000,0.110000,-0.046000,-0.021000
-0.074000,-0.028000,0.046000,0.050000,-0.059000,0.009000,0.096000,0.129000,0.106000,0.107000,-0.045000,-0.020000
-0.064000,-0.021000,0.043000,0.042000,-0.053000,0.011000,0.093000,0.131000,0.103000,0.105000,-0.045000,-0.020000
-0.071000,-0.032000,0.039000,0.052000,-0.055000,0.003000,0.090000,0.129000,0.100000,0.105000,-0.045000,-0.020000
-0.105000,-0.065000,0.040000,0.085000,-0.072000,-0.012000,0.090000,0.125000,0.100000,0.105000,-0.045000,-0.020000
-0.104000,-0.063000,0.041000,0.083000,-0.072000,-0.011000,0.090000,0.125000,0.096000,0.105000,-0.041000,-0.016000
-0.091000,-0.056000,0.035000,0.074000,-0.063000,-0.010000,0.087000,0.126000,0.094000,0.102000,-0.039000,-0.014000
-0.110000,-0.053000,0.057000,0.081000,-0.083000,0.002000,0.084000,0.123000,0.096000,0.099000,-0.041000,-0.016000
-0.130000,-0.050000,0.081000,0.090000,-0.106000,0.015000,0.085000,0.120000,0.094000,0.100000,-0.039000,-0.014000
-0.110000,-0.050000,0.060000,0.080000,-0.085000,0.005000,0.085000,0.120000,0.090000,0.100000,-0.035000,-0.010000
-0.094000,-0.046000,0.048000,0.070000,-0.070000,0.001000,0.081000,0.120000,0.090000,0.096000,-0.035000,-0.010000
-0.075000,-0.041000,0.033000,0.057000,-0.054000,-0.004000,0.079000,0.117000,0.091000,0.094000,-0.035000,-0.010000
-0.058000,-0.040000,0.018000,0.049000,-0.039000,-0.010000,0.081000,0.114000,0.088000,0.096000,-0.035000,-0.010000
-0.046000,-0.039000,0.007000,0.043000,-0.027000,-0.016000,0.079000,0.115000,0.085000,0.094000,-0.034000,-0.009000
-0.030000,-0.035000,-0.005000,0.033000,-0.012000,-0.020000,0.075000,0.115000,0.085000,0.090000,-0.030000,-0.005000
-0.018000,-0.031000,-0.013000,0.025000,-0.002000,-0.021000,0.075000,0.107000,0.085000,0.090000,-0.030000,-0.005000
-0.008000,-0.030000,-0.022000,0.020000,0.007000,-0.026000,0.073000,0.100000,0.085000,0.091000,-0.030000,-0.005000
-0.004000,-0.029000,-0.024000,0.017000,0.010000,-0.026000,0.081000,0.105000,0.085000,0.088000,-0.031000,-0.006000
-0.005000,-0.024000,-0.019000,0.015000,0.007000,-0.021000,0.091000,0.126000,0.085000,0.085000,-0.029000,-0.004000
-0.005000,-0.020000,-0.015000,0.013000,0.005000,-0.017000,0.095000,0.170000,0.105000,0.085000,-0.020000,0.005000
-0.005000,-0.016000,-0.011000,0.011000,0.003000,-0.013000,0.121000,0.259000,0.175000,0.085000,-0.012000,0.013000
-0.005000,-0.012000,-0.007000,0.009000,0.001000,-0.009000,0.124000,0.327000,0.212000,0.082000,-0.004000,0.021000
-0.006000,-0.008000,-0.002000,0.007000,-0.002000,-0.004000,0.121000,0.373000,0.249000,0.079000,0.005000,0.029000
-0.004000,-0.005000,-0.001000,0.004000,-0.001000,-0.002000,0.116000,0.397000,0.291000,0.080000,0.011000,0.037000
-0.005000,0.000000,0.005000,0.002000,-0.005000,0.002000,0.110000,0.390000,0.300000,0.080000,0.020000,0.045000
-0.031000,0.016000,0.047000,0.007000,-0.039000,0.031000,0.171000,0.392000,0.318000,0.076000,0.050000,0.053000
-0.067000,0.029000,0.096000,0.019000,-0.082000,0.062000,0.201000,0.360000,0.307000,0.074000,0.055000,0.059000
-0.067000,0.043000,0.110000,0.012000,-0.089000,0.076000,0.182000,0.228000,0.237000,0.076000,0.048000,0.060000
-0.040000,0.058000,0.098000,-0.009000,-0.069000,0.077000,0.154000,-0.003000,0.125000,0.074000,0.051000,0.060000
-0.025000,0.070000,0.095000,-0.023000,-0.060000,0.082000,0.125000,-0.280000,-0.005000,0.070000,0.050000,0.060000
-0.002000,0.084000,0.087000,-0.042000,-0.045000,0.086000,0.064000,-0.597000,-0.165000,0.070000,0.048000,0.058000
-0.005000,0.077000,0.082000,-0.036000,-0.044000,0.079000,-0.050000,-0.965000,-0.351000,0.070000,0.070000,0.079000
0.008000,0.085000,0.077000,-0.046000,-0.035000,0.081000,-0.161000,-1.306000,-0.534000,0.070000,0.113000,0.123000
0.059000,0.126000,0.067000,-0.093000,-0.004000,0.096000,-0.273000,-1.642000,-0.737000,0.071000,0.154000,0.163000
0.105000,0.170000,0.065000,-0.138000,0.020000,0.117000,-0.415000,-2.060000,-1.005000,0.075000,0.195000,0.200000
0.109000,0.214000,0.105000,-0.162000,0.001000,0.159000,-0.535000,-2.510000,-1.317000,0.075000,0.270000,0.282000
0.098000,0.256000,0.158000,-0.177000,-0.031000,0.207000,-0.707000,-3.011000,-1.691000,0.075000,0.343000,0.366000
0.160000,0.290000,0.130000,-0.225000,0.014000,0.210000,-0.927000,-3.505000,-2.070000,0.075000,0.405000,0.430000
0.241000,0.289000,0.048000,-0.265000,0.096000,0.169000,-1.123000,-3.929000,-2.423000,0.075000,0.465000,0.491000
0.250000,0.245000,-0.005000,-0.247000,0.127000,0.120000,-1.285000,-4.290000,-2.770000,0.075000,0.530000,0.560000
0.301000,0.206000,-0.094000,-0.254000,0.198000,0.056000,-1.501000,-4.626000,-3.098000,0.075000,0.608000,0.634000
0.380000,0.186000,-0.193000,-0.283000,0.286000,-0.003000,-1.736000,-4.924000,-3.399000,0.075000,0.697000,0.724000
0.444000,0.159000,-0.285000,-0.302000,0.364000,-0.062000,-1.959000,-5.188000,-3.708000,0.075000,0.763000,0.795000
0.537000,0.166000,-0.371000,-0.351000,0.454000,-0.102000,-2.128000,-5.391000,-3.984000,0.076000,0.833000,0.869000
0.680000,0.215000,-0.465000,-0.447000,0.572000,-0.125000,-2.230000,-5.505000,-4.165000,0.075000,0.960000,0.995000
0.758000,0.180000,-0.578000,-0.469000,0.668000,-0.199000,-2.351000,-5.576000,-4.316000,0.070000,1.095000,1.117000
0.839000,0.200000,-0.639000,-0.519000,0.739000,-0.220000,-2.485000,-5.620000,-4.442000,0.110000,1.201000,1.223000
0.943000,0.237000,-0.706000,-0.589000,0.824000,-0.234000,-2.596000,-5.616000,-4.528000,0.133000,1.304000,1.329000
1.035000,0.251000,-0.785000,-0.643000,0.909000,-0.266000,-2.671000,-5.590000,-4.600000,0.135000,1.400000,1.427000
1.095000,0.285000,-0.810000,-0.690000,0.952000,-0.262000,-2.710000,-5.570000,-4.680000,0.170000,1.465000,1.500000
1.131000,0.314000,-0.817000,-0.722000,0.974000,-0.252000,-2.711000,-5.515000,-4.720000,0.188000,1.522000,1.563000
1.174000,0.338000,-0.836000,-0.756000,1.005000,-0.248000,-2.714000,-5.459000,-4.770000,0.225000,1.528000,1.596000
1.210000,0.344000,-0.866000,-0.777000,1.037000,-0.260000,-2.694000,-5.395000,-4.811000,0.239000,1.516000,1.598000
1.230000,0.333000,-0.898000,-0.781000,1.063000,-0.282000,-2.649000,-5.287000,-4.802000,0.222000,1.505000,1.588000
1.240000,0.325000,-0.915000,-0.782000,1.077000,-0.295000,-2.610000,-5.140000,-4.755000,0.215000,1.475000,1.585000
1.216000,0.316000,-0.900000,-0.766000,1.058000,-0.292000,-2.562000,-5.021000,-4.717000,0.187000,1.450000,1.581000
1.199000,0.314000,-0.885000,-0.756000,1.042000,-0.286000,-2.519000,-4.912000,-4.654000,0.164000,1.434000,1.580000
1.174000,0.299000,-0.875000,-0.737000,1.025000,-0.288000,-2.464000,-4.764000,-4.544000,0.126000,1.429000,1.563000
1.163000,0.275000,-0.888000,-0.719000,1.026000,-0.307000,-2.400000,-4.605000,-4.432000,0.073000,1.411000,1.525000
1.210000,0.250000,-0.960000,-0.730000,1.085000,-0.355000,-2.340000,-4.475000,-4.355000,0.020000,1.355000,1.495000
1.258000,0.192000,-1.066000,-0.724000,1.161000,-0.437000,-2.259000,-4.317000,-4.252000,-0.085000,1.298000,1.490000
1.238000,0.128000,-1.110000,-0.682000,1.173000,-0.491000,-2.194000,-4.186000,-4.148000,-0.210000,1.286000,1.487000
1.216000,0.091000,-1.125000,-0.654000,1.170000,-0.517000,-2.148000,-4.071000,-4.052000,-0.391000,1.291000,1.485000
1.218000,0.076000,-1.142000,-0.647000,1.180000,-0.533000,-2.084000,-3.923000,-3.928000,-0.624000,1.290000,1.485000
1.190000,0.055000,-1.135000,-0.622000,1.162000,-0.540000,-1.980000,-3.735000,-3.760000,-0.855000,1.290000,1.480000
1.150000,0.020000,-1.130000,-0.585000,1.140000,-0.555000,-1.882000,-3.549000,-3.606000,-1.085000,1.290000,1.476000
1.113000,-0.019000,-1.133000,-0.547000,1.123000,-0.576000,-1.799000,-3.380000,-3.459000,-1.299000,1.294000,1.474000
1.108000,-0.045000,-1.152000,-0.532000,1.131000,-0.598000,-1.719000,-3.202000,-3.292000,-1.500000,1.310000,1.477000
1.104000,-0.050000,-1.154000,-0.527000,1.129000,-0.602000,-1.625000,-2.987000,-3.074000,-1.710000,1.337000,1.481000
1.055000,-0.045000,-1.100000,-0.505000,1.078000,-0.572000,-1.520000,-2.750000,-2.820000,-1.910000,1.365000,1.490000
1.009000,-0.041000,-1.049000,-0.484000,1.030000,-0.545000,-1.428000,-2.538000,-2.609000,-2.028000,1.385000,1.510000
0.981000,-0.074000,-1.054000,-0.453000,1.018000,-0.564000,-1.335000,-2.360000,-2.447000,-2.115000,1.367000,1.490000
0.958000,-0.092000,-1.050000,-0.433000,1.004000,-0.571000,-1.248000,-2.203000,-2.304000,-2.205000,1.335000,1.453000
0.908000,-0.103000,-1.011000,-0.403000,0.960000,-0.556000,-1.171000,-2.043000,-2.157000,-2.272000,1.308000,1.422000
0.845000,-0.140000,-0.985000,-0.352000,0.915000,-0.562000,-1.090000,-1.855000,-1.990000,-2.310000,1.280000,1.385000
0.839000,-0.130000,-0.968000,-0.354000,0.903000,-0.548000,-1.000000,-1.650000,-1.794000,-2.386000,1.257000,1.350000
0.800000,-0.156000,-0.957000,-0.322000,0.879000,-0.556000,-0.929000,-1.498000,-1.644000,-2.454000,1.222000,1.305000
0.763000,-0.178000,-0.941000,-0.292000,0.853000,-0.560000,-0.856000,-1.352000,-1.508000,-2.553000,1.179000,1.257000
0.759000,-0.169000,-0.928000,-0.295000,0.844000,-0.548000,-0.776000,-1.193000,-1.359000,-2.679000,1.141000,1.215000
0.745000,-0.170000,-0.915000,-0.287000,0.830000,-0.542000,-0.705000,-1.055000,-1.225000,-2.770000,1.090000,1.160000
0.706000,-0.166000,-0.872000,-0.270000,0.790000,-0.519000,-0.624000,-0.907000,-1.089000,-2.839000,1.003000,1.067000
0.664000,-0.162000,-0.826000,-0.250000,0.745000,-0.494000,-0.555000,-0.767000,-0.954000,-2.896000,0.917000,0.960000
0.612000,-0.173000,-0.784000,-0.219000,0.698000,-0.479000,-0.495000,-0.647000,-0.846000,-2.909000,0.812000,0.847000
0.559000,-0.187000,-0.746000,-0.186000,0.653000,-0.466000,-0.426000,-0.520000,-0.748000,-2.891000,0.674000,0.714000
0.525000,-0.185000,-0.710000,-0.170000,0.618000,-0.447000,-0.345000,-0.375000,-0.630000,-2.880000,0.535000,0.565000
0.485000,-0.185000,-0.670000,-0.150000,0.578000,-0.427000,-0.280000,-0.253000,-0.526000,-2.867000,0.416000,0.439000
0.449000,-0.185000,-0.634000,-0.132000,0.542000,-0.410000,-0.217000,-0.139000,-0.417000,-2.862000,0.322000,0.325000
0.406000,-0.185000,-0.591000,-0.110000,0.499000,-0.388000,-0.154000,-0.019000,-0.306000,-2.820000,0.222000,0.217000
0.351000,-0.185000,-0.536000,-0.083000,0.444000,-0.360000,-0.096000,0.080000,-0.224000,-2.741000,0.106000,0.114000
0.300000,-0.185000,-0.485000,-0.057000,0.393000,-0.335000,-0.040000,0.150000,-0.170000,-2.660000,0.000000,0.010000
0.255000,-0.185000,-0.440000,-0.035000,0.348000,-0.312000,0.015000,0.250000,-0.085000,-2.541000,-0.086000,-0.091000
0.216000,-0.185000,-0.400000,-0.016000,0.309000,-0.292000,0.075000,0.340000,-0.017000,-2.426000,-0.162000,-0.186000
0.172000,-0.186000,-0.358000,0.007000,0.265000,-0.272000,0.116000,0.405000,0.039000,-2.327000,-0.239000,-0.270000
0.132000,-0.184000,-0.315000,0.026000,0.224000,-0.249000,0.152000,0.468000,0.092000,-2.221000,-0.329000,-0.360000
0.095000,-0.180000,-0.275000,0.043000,0.185000,-0.227000,0.215000,0.555000,0.145000,-2.080000,-0.420000,-0.460000
0.027000,-0.193000,-0.219000,0.083000,0.124000,-0.206000,0.280000,0.649000,0.230000,-1.895000,-0.470000,-0.519000
-0.029000,-0.194000,-0.165000,0.112000,0.068000,-0.179000,0.336000,0.724000,0.295000,-1.733000,-0.511000,-0.562000
-0.072000,-0.187000,-0.116000,0.129000,0.022000,-0.152000,0.381000,0.786000,0.347000,-1.618000,-0.545000,-0.591000
-0.125000,-0.193000,-0.068000,0.159000,-0.028000,-0.131000,0.429000,0.861000,0.422000,-1.527000,-0.562000,-0.602000
-0.180000,-0.205000,-0.025000,0.193000,-0.077000,-0.115000,0.485000,0.945000,0.510000,-1.440000,-0.565000,-0.605000
-0.205000,-0.194000,0.011000,0.200000,-0.108000,-0.091000,0.515000,0.998000,0.568000,-1.360000,-0.565000,-0.605000
-0.226000,-0.180000,0.046000,0.203000,-0.136000,-0.067000,0.537000,1.052000,0.621000,-1.244000,-0.565000,-0.605000
-0.240000,-0.169000,0.071000,0.204000,-0.156000,-0.048000,0.565000,1.105000,0.677000,-1.139000,-0.565000,-0.605000
-0.265000,-0.157000,0.107000,0.211000,-0.186000,-0.025000,0.581000,1.143000,0.718000,-1.059000,-0.565000,-0.605000
-0.305000,-0.150000,0.155000,0.227000,-0.230000,0.002000,0.580000,1.170000,0.740000,-0.965000,-0.565000,-0.605000
-0.301000,-0.146000,0.155000,0.223000,-0.228000,0.005000,0.606000,1.209000,0.769000,-0.879000,-0.565000,-0.605000
-0.316000,-0.145000,0.171000,0.230000,-0.243000,0.013000,0.642000,1.256000,0.819000,-0.809000,-0.565000,-0.605000
-0.370000,-0.145000,0.225000,0.257000,-0.297000,0.040000,0.678000,1.302000,0.865000,-0.737000,-0.565000,-0.605000
-0.409000,-0.145000,0.264000,0.277000,-0.336000,0.059000,0.696000,1.329000,0.889000,-0.662000,-0.565000,-0.605000
-0.400000,-0.145000,0.255000,0.272000,-0.327000,0.055000,0.685000,1.330000,0.895000,-0.600000,-0.565000,-0.605000
-0.395000,-0.145000,0.250000,0.270000,-0.322000,0.052000,0.678000,1.327000,0.897000,-0.540000,-0.565000,-0.605000
-0.392000,-0.145000,0.247000,0.268000,-0.319000,0.051000,0.697000,1.351000,0.918000,-0.477000,-0.562000,-0.605000
-0.389000,-0.145000,0.243000,0.267000,-0.315000,0.049000,0.703000,1.372000,0.938000,-0.415000,-0.560000,-0.605000
-0.383000,-0.144000,0.239000,0.263000,-0.310000,0.047000,0.704000,1.394000,0.957000,-0.354000,-0.559000,-0.605000
-0.375000,-0.140000,0.235000,0.257000,-0.305000,0.047000,0.735000,1.440000,0.990000,-0.295000,-0.555000,-0.605000
-0.375000,-0.140000,0.235000,0.257000,-0.305000,0.047000,0.745000,1.466000,1.012000,-0.250000,-0.570000,-0.603000
-0.343000,-0.140000,0.203000,0.242000,-0.273000,0.032000,0.746000,1.478000,1.020000,-0.207000,-0.589000,-0.618000
-0.365000,-0.140000,0.225000,0.252000,-0.295000,0.042000,0.760000,1.496000,1.033000,-0.164000,-0.595000,-0.624000
-0.424000,-0.140000,0.283000,0.281000,-0.354000,0.071000,0.787000,1.530000,1.065000,-0.126000,-0.588000,-0.612000
-0.420000,-0.140000,0.280000,0.280000,-0.350000,0.070000,0.810000,1.565000,1.100000,-0.090000,-0.585000,-0.610000
-0.415000,-0.140000,0.275000,0.278000,-0.345000,0.068000,0.820000,1.570000,1.109000,-0.050000,-0.600000,-0.630000
-0.449000,-0.141000,0.308000,0.294000,-0.379000,0.083000,0.816000,1.574000,1.120000,-0.011000,-0.616000,-0.645000
-0.468000,-0.138000,0.330000,0.302000,-0.399000,0.095000,0.818000,1.604000,1.141000,0.035000,-0.623000,-0.655000
-0.459000,-0.135000,0.324000,0.296000,-0.391000,0.095000,0.835000,1.643000,1.167000,0.088000,-0.626000,-0.661000
-0.460000,-0.135000,0.325000,0.297000,-0.392000,0.095000,0.845000,1.660000,1.185000,0.140000,-0.635000,-0.670000
-0.460000,-0.135000,0.325000,0.297000,-0.392000,0.095000,0.834000,1.666000,1.183000,0.205000,-0.661000,-0.700000
-0.460000,-0.135000,0.325000,0.297000,-0.392000,0.095000,0.854000,1.689000,1.207000,0.255000,-0.666000,-0.703000
-0.459000,-0.135000,0.324000,0.297000,-0.391000,0.095000,0.878000,1.719000,1.237000,0.296000,-0.668000,-0.705000
-0.461000,-0.135000,0.326000,0.298000,-0.393000,0.096000,0.888000,1.739000,1.255000,0.342000,-0.677000,-0.725000
-0.460000,-0.135000,0.325000,0.297000,-0.392000,0.095000,0.905000,1.750000,1.275000,0.380000,-0.685000,-0.735000
-0.449000,-0.135000,0.314000,0.292000,-0.381000,0.089000,0.916000,1.757000,1.292000,0.383000,-0.696000,-0.728000
-0.503000,-0.136000,0.367000,0.319000,-0.435000,0.116000,0.939000,1.805000,1.334000,0.405000,-0.679000,-0.716000
-0.531000,-0.133000,0.398000,0.331000,-0.464000,0.132000,0.955000,1.827000,1.351000,0.446000,-0.686000,-0.736000
-0.497000,-0.130000,0.367000,0.313000,-0.432000,0.119000,0.954000,1.823000,1.347000,0.483000,-0.713000,-0.771000
-0.490000,-0.130000,0.360000,0.310000,-0.425000,0.115000,0.955000,1.860000,1.375000,0.500000,-0.705000,-0.775000
-0.526000,-0.130000,0.395000,0.328000,-0.461000,0.132000,0.979000,1.894000,1.412000,0.497000,-0.704000,-0.772000
-0.550000,-0.127000,0.423000,0.338000,-0.486000,0.148000,0.997000,1.914000,1.434000,0.488000,-0.707000,-0.765000
-0.543000,-0.124000,0.419000,0.333000,-0.480000,0.147000,1.001000,1.924000,1.431000,0.499000,-0.731000,-0.787000
-0.519000,-0.126000,0.393000,0.322000,-0.455000,0.133000,1.000000,1.925000,1.434000,0.517000,-0.758000,-0.819000
-0.500000,-0.125000,0.375000,0.312000,-0.437000,0.125000,1.000000,1.925000,1.460000,0.520000,-0.755000,-0.815000
-0.509000,-0.117000,0.392000,0.313000,-0.450000,0.138000,1.008000,1.936000,1.476000,0.544000,-0.755000,-0.815000
-0.569000,-0.112000,0.457000,0.340000,-0.513000,0.172000,1.016000,1.950000,1.493000,0.559000,-0.753000,-0.812000
-0.601000,-0.106000,0.495000,0.353000,-0.548000,0.194000,1.023000,1.957000,1.502000,0.559000,-0.763000,-0.825000
-0.587000,-0.099000,0.489000,0.343000,-0.538000,0.195000,1.025000,1.963000,1.509000,0.563000,-0.776000,-0.842000
-0.585000,-0.095000,0.490000,0.340000,-0.537000,0.197000,1.025000,1.980000,1.530000,0.585000,-0.770000,-0.835000
-0.578000,-0.088000,0.490000,0.333000,-0.534000,0.201000,1.033000,1.992000,1.546000,0.611000,-0.765000,-0.831000
-0.567000,-0.078000,0.490000,0.322000,-0.528000,0.206000,1.036000,2.002000,1.561000,0.617000,-0.765000,-0.827000
-0.583000,-0.092000,0.491000,0.337000,-0.537000,0.200000,1.034000,2.004000,1.565000,0.613000,-0.764000,-0.825000
-0.600000,-0.111000,0.488000,0.355000,-0.544000,0.188000,1.037000,1.999000,1.568000,0.618000,-0.759000,-0.825000
-0.590000,-0.100000,0.490000,0.345000,-0.540000,0.195000,1.045000,1.995000,1.585000,0.635000,-0.755000,-0.820000
-0.615000,-0.092000,0.524000,0.354000,-0.570000,0.216000,1.037000,1.991000,1.589000,0.646000,-0.756000,-0.816000
-0.614000,-0.084000,0.530000,0.349000,-0.572000,0.223000,1.032000,1.987000,1.598000,0.634000,-0.747000,-0.815000
-0.600000,-0.076000,0.524000,0.337000,-0.562000,0.223000,1.026000,1.983000,1.611000,0.637000,-0.735000,-0.814000
-0.593000,-0.068000,0.524000,0.330000,-0.559000,0.228000,1.019000,1.980000,1.615000,0.660000,-0.728000,-0.809000
-0.580000,-0.060000,0.520000,0.320000,-0.550000,0.230000,1.015000,1.975000,1.610000,0.670000,-0.720000,-0.805000
-0.572000,-0.052000,0.520000,0.312000,-0.546000,0.234000,1.007000,1.959000,1.606000,0.679000,-0.708000,-0.806000
-0.564000,-0.047000,0.517000,0.305000,-0.540000,0.235000,0.999000,1.945000,1.602000,0.683000,-0.698000,-0.794000
-0.558000,-0.043000,0.515000,0.300000,-0.536000,0.236000,1.007000,1.934000,1.598000,0.706000,-0.692000,-0.779000
-0.553000,-0.039000,0.514000,0.296000,-0.534000,0.237000,1.014000,1.922000,1.594000,0.734000,-0.682000,-0.766000
-0.545000,-0.035000,0.510000,0.290000,-0.527000,0.237000,0.995000,1.910000,1.590000,0.730000,-0.665000,-0.750000
-0.541000,-0.031000,0.510000,0.286000,-0.525000,0.239000,0.983000,1.894000,1.591000,0.727000,-0.649000,-0.738000
-0.535000,-0.026000,0.509000,0.280000,-0.521000,0.241000,0.971000,1.880000,1.579000,0.748000,-0.632000,-0.723000
-0.526000,-0.026000,0.500000,0.275000,-0.512000,0.237000,0.960000,1.855000,1.563000,0.767000,-0.620000,-0.710000
-0.536000,-0.022000,0.514000,0.279000,-0.524000,0.246000,0.945000,1.823000,1.552000,0.770000,-0.605000,-0.695000
-0.560000,-0.005000,0.555000,0.282000,-0.557000,0.275000,0.925000,1.795000,1.540000,0.770000,-0.580000,-0.670000
-0.541000,0.008000,0.550000,0.266000,-0.545000,0.279000,0.909000,1.759000,1.529000,0.770000,-0.560000,-0.650000
-0.524000,0.013000,0.537000,0.255000,-0.531000,0.274000,0.888000,1.723000,1.511000,0.774000,-0.539000,-0.629000
-0.498000,0.036000,0.533000,0.231000,-0.516000,0.284000,0.863000,1.686000,1.490000,0.790000,-0.523000,-0.613000
-0.473000,0.055000,0.528000,0.209000,-0.501000,0.291000,0.839000,1.645000,1.469000,0.800000,-0.504000,-0.594000
-0.475000,0.045000,0.520000,0.215000,-0.498000,0.282000,0.820000,1.605000,1.445000,0.795000,-0.475000,-0.565000
-0.450000,0.062000,0.512000,0.194000,-0.481000,0.286000,0.805000,1.569000,1.426000,0.810000,-0.451000,-0.541000
-0.447000,0.060000,0.507000,0.193000,-0.477000,0.283000,0.782000,1.534000,1.399000,0.825000,-0.427000,-0.517000
-0.462000,0.039000,0.502000,0.211000,-0.482000,0.270000,0.760000,1.495000,1.373000,0.836000,-0.404000,-0.494000
-0.445000,0.048000,0.493000,0.198000,-0.469000,0.270000,0.739000,1.456000,1.348000,0.839000,-0.378000,-0.467000
-0.395000,0.090000,0.485000,0.152000,-0.440000,0.287000,0.710000,1.420000,1.315000,0.835000,-0.345000,-0.435000
-0.389000,0.088000,0.477000,0.150000,-0.433000,0.282000,0.686000,1.380000,1.287000,0.855000,-0.313000,-0.407000
-0.385000,0.084000,0.469000,0.150000,-0.428000,0.276000,0.664000,1.342000,1.259000,0.868000,-0.281000,-0.377000
-0.376000,0.084000,0.461000,0.146000,-0.419000,0.272000,0.648000,1.294000,1.232000,0.873000,-0.249000,-0.344000
-0.375000,0.078000,0.453000,0.148000,-0.414000,0.265000,0.629000,1.235000,1.202000,0.883000,-0.218000,-0.313000
-0.365000,0.080000,0.445000,0.142000,-0.405000,0.262000,0.600000,1.180000,1.165000,0.895000,-0.190000,-0.285000
-0.324000,0.105000,0.429000,0.109000,-0.376000,0.267000,0.577000,1.131000,1.130000,0.892000,-0.162000,-0.261000
-0.304000,0.112000,0.416000,0.096000,-0.360000,0.264000,0.541000,1.088000,1.085000,0.887000,-0.138000,-0.239000
-0.290000,0.112000,0.402000,0.089000,-0.346000,0.257000,0.500000,1.040000,1.037000,0.882000,-0.123000,-0.223000
-0.264000,0.122000,0.386000,0.071000,-0.325000,0.254000,0.468000,0.986000,0.995000,0.890000,-0.103000,-0.204000
-0.250000,0.125000,0.375000,0.062000,-0.313000,0.250000,0.445000,0.935000,0.960000,0.915000,-0.070000,-0.170000
-0.244000,0.123000,0.367000,0.060000,-0.306000,0.245000,0.421000,0.891000,0.929000,0.913000,-0.041000,-0.137000
-0.222000,0.137000,0.359000,0.042000,-0.291000,0.248000,0.395000,0.847000,0.888000,0.906000,-0.019000,-0.111000
-0.204000,0.147000,0.351000,0.028000,-0.278000,0.249000,0.365000,0.804000,0.844000,0.919000,-0.002000,-0.090000
-0.199000,0.144000,0.343000,0.027000,-0.271000,0.244000,0.340000,0.766000,0.806000,0.930000,0.015000,-0.069000
-0.190000,0.145000,0.335000,0.022000,-0.263000,0.240000,0.325000,0.730000,0.775000,0.920000,0.040000,-0.045000
-0.173000,0.154000,0.327000,0.009000,-0.250000,0.240000,0.314000,0.679000,0.748000,0.915000,0.071000,-0.020000
-0.167000,0.153000,0.320000,0.006000,-0.243000,0.236000,0.293000,0.623000,0.711000,0.913000,0.072000,-0.002000
-0.160000,0.148000,0.308000,0.006000,-0.234000,0.227000,0.269000,0.583000,0.671000,0.906000,0.079000,0.011000
-0.147000,0.144000,0.291000,0.001000,-0.219000,0.217000,0.251000,0.559000,0.636000,0.899000,0.106000,0.023000
-0.135000,0.140000,0.275000,-0.003000,-0.205000,0.207000,0.235000,0.530000,0.600000,0.895000,0.120000,0.035000
-0.123000,0.136000,0.259000,-0.007000,-0.192000,0.198000,0.219000,0.494000,0.568000,0.891000,0.132000,0.047000
-0.110000,0.132000,0.242000,-0.011000,-0.176000,0.187000,0.203000,0.461000,0.536000,0.884000,0.142000,0.060000
-0.102000,0.128000,0.230000,-0.013000,-0.166000,0.179000,0.187000,0.426000,0.503000,0.875000,0.146000,0.069000
-0.099000,0.124000,0.223000,-0.013000,-0.162000,0.174000,0.172000,0.385000,0.473000,0.869000,0.144000,0.069000
-0.095000,0.120000,0.215000,-0.013000,-0.155000,0.167000,0.160000,0.350000,0.450000,0.865000,0.145000,0.070000
-0.091000,0.116000,0.207000,-0.013000,-0.150000,0.161000,0.148000,0.325000,0.426000,0.857000,0.167000,0.087000
-0.084000,0.115000,0.199000,-0.016000,-0.142000,0.157000,0.139000,0.304000,0.402000,0.848000,0.166000,0.086000
-0.078000,0.113000,0.191000,-0.018000,-0.135000,0.152000,0.130000,0.288000,0.378000,0.844000,0.157000,0.077000
-0.073000,0.110000,0.183000,-0.019000,-0.128000,0.146000,0.117000,0.277000,0.354000,0.836000,0.155000,0.074000
-0.065000,0.110000,0.175000,-0.023000,-0.120000,0.142000,0.105000,0.265000,0.335000,0.815000,0.150000,0.070000
-0.060000,0.106000,0.167000,-0.024000,-0.114000,0.136000,0.097000,0.257000,0.320000,0.795000,0.142000,0.062000
-0.060000,0.101000,0.162000,-0.021000,-0.111000,0.132000,0.091000,0.247000,0.295000,0.777000,0.137000,0.057000
-0.058000,0.100000,0.159000,-0.021000,-0.108000,0.129000,0.090000,0.234000,0.266000,0.765000,0.133000,0.053000
-0.054000,0.099000,0.153000,-0.023000,-0.104000,0.126000,0.090000,0.223000,0.247000,0.749000,0.129000,0.049000
-0.050000,0.095000,0.145000,-0.023000,-0.098000,0.120000,0.090000,0.215000,0.240000,0.720000,0.125000,0.045000
-0.045000,0.096000,0.141000,-0.025000,-0.093000,0.118000,0.086000,0.207000,0.232000,0.695000,0.125000,0.045000
-0.048000,0.089000,0.138000,-0.021000,-0.093000,0.113000,0.084000,0.199000,0.227000,0.677000,0.122000,0.046000
-0.049000,0.082000,0.131000,-0.017000,-0.090000,0.107000,0.086000,0.191000,0.222000,0.662000,0.120000,0.043000
-0.044000,0.079000,0.123000,-0.018000,-0.083000,0.101000,0.084000,0.183000,0.213000,0.646000,0.119000,0.039000
-0.040000,0.075000,0.115000,-0.018000,-0.078000,0.095000,0.080000,0.175000,0.205000,0.630000,0.115000,0.040000
-0.036000,0.071000,0.107000,-0.018000,-0.072000,0.089000,0.080000,0.167000,0.201000,0.620000,0.116000,0.041000
-0.032000,0.067000,0.099000,-0.018000,-0.066000,0.083000,0.081000,0.161000,0.197000,0.590000,0.109000,0.035000
-0.027000,0.064000,0.091000,-0.019000,-0.059000,0.077000,0.078000,0.160000,0.195000,0.552000,0.102000,0.025000
-0.026000,0.058000,0.083000,-0.016000,-0.054000,0.070000,0.075000,0.160000,0.194000,0.525000,0.099000,0.019000
-0.030000,0.045000,0.075000,-0.008000,-0.053000,0.060000,0.075000,0.160000,0.190000,0.510000,0.095000,0.015000
-0.030000,0.037000,0.067000,-0.004000,-0.049000,0.052000,0.075000,0.160000,0.190000,0.495000,0.087000,0.007000
-0.032000,0.029000,0.061000,0.002000,-0.047000,0.045000,0.072000,0.160000,0.191000,0.472000,0.081000,-0.002000
-0.038000,0.022000,0.059000,0.008000,-0.049000,0.040000,0.069000,0.160000,0.188000,0.450000,0.079000,-0.006000
-0.040000,0.012000,0.052000,0.014000,-0.046000,0.032000,0.070000,0.160000,0.185000,0.430000,0.073000,-0.013000
-0.035000,0.015000,0.050000,0.010000,-0.043000,0.032000,0.070000,0.160000,0.185000,0.405000,0.065000,-0.030000
-0.022000,0.070000,0.092000,-0.024000,-0.057000,0.081000,0.066000,0.160000,0.185000,0.381000,0.061000,-0.035000
-0.018000,0.083000,0.101000,-0.033000,-0.060000,0.092000,0.064000,0.160000,0.182000,0.359000,0.057000,-0.034000
-0.022000,0.071000,0.093000,-0.025000,-0.058000,0.082000,0.066000,0.160000,0.179000,0.342000,0.053000,-0.039000
-0.026000,0.069000,0.095000,-0.022000,-0.061000,0.082000,0.064000,0.160000,0.180000,0.326000,0.049000,-0.045000
-0.030000,0.065000,0.095000,-0.018000,-0.063000,0.080000,0.060000,0.160000,0.180000,0.310000,0.045000,-0.040000
-0.034000,0.061000,0.095000,-0.014000,-0.064000,0.078000,0.060000,0.160000,0.176000,0.294000,0.041000,-0.038000
-0.038000,0.057000,0.095000,-0.010000,-0.067000,0.076000,0.060000,0.160000,0.175000,0.278000,0.037000,-0.053000
-0.040000,0.055000,0.095000,-0.008000,-0.068000,0.075000,0.060000,0.160000,0.173000,0.264000,0.033000,-0.062000
-0.040000,0.055000,0.095000,-0.008000,-0.068000,0.075000,0.061000,0.160000,0.169000,0.252000,0.029000,-0.060000
-0.040000,0.055000,0.095000,-0.008000,-0.068000,0.075000,0.065000,0.160000,0.170000,0.240000,0.025000,-0.060000
-0.036000,0.055000,0.091000,-0.010000,-0.064000,0.072000,0.065000,0.160000,0.170000,0.232000,0.021000,-0.062000
-0.035000,0.055000,0.090000,-0.010000,-0.063000,0.072000,0.065000,0.160000,0.167000,0.221000,0.016000,-0.081000
-0.035000,0.055000,0.090000,-0.010000,-0.063000,0.072000,0.064000,0.160000,0.164000,0.211000,0.015000,-0.093000
-0.035000,0.055000,0.090000,-0.010000,-0.063000,0.072000,0.066000,0.160000,0.165000,0.202000,0.014000,-0.089000
-0.035000,0.055000,0.090000,-0.010000,-0.063000,0.072000,0.075000,0.160000,0.165000,0.190000,0.010000,-0.090000
-0.035000,0.055000,0.090000,-0.010000,-0.063000,0.072000,0.080000,0.160000,0.161000,0.182000,0.006000,-0.091000
-0.035000,0.055000,0.090000,-0.010000,-0.063000,0.072000,0.080000,0.160000,0.160000,0.174000,0.002000,-0.088000
-0.035000,0.055000,0.090000,-0.010000,-0.063000,0.072000,0.080000,0.160000,0.160000,0.168000,-0.002000,-0.098000
-0.034000,0.055000,0.089000,-0.010000,-0.062000,0.072000,0.081000,0.160000,0.160000,0.163000,-0.006000,-0.112000
-0.030000,0.055000,0.085000,-0.013000,-0.058000,0.070000,0.080000,0.160000,0.160000,0.155000,-0.010000,-0.110000
-0.030000,0.055000,0.085000,-0.013000,-0.058000,0.070000,0.070000,0.156000,0.160000,0.151000,-0.014000,-0.110000
-0.030000,0.055000,0.085000,-0.013000,-0.058000,0.070000,0.082000,0.155000,0.160000,0.144000,-0.016000,-0.110000
-0.030000,0.055000,0.085000,-0.013000,-0.058000,0.070000,0.091000,0.155000,0.160000,0.138000,-0.013000,-0.110000
-0.030000,0.055000,0.085000,-0.013000,-0.058000,0.070000,0.084000,0.155000,0.160000,0.134000,-0.019000,-0.110000
-0.030000,0.055000,0.085000,-0.013000,-0.058000,0.070000,0.080000,0.155000,0.160000,0.130000,-0.035000,-0.110000
-0.030000,0.055000,0.085000,-0.013000,-0.058000,0.070000,0.077000,0.161000,0.159000,0.130000,-0.032000,-0.110000
-0.030000,0.055000,0.085000,-0.013000,-0.058000,0.070000,0.099000,0.184000,0.170000,0.131000,-0.029000,-0.113000
-0.030000,0.055000,0.085000,-0.013000,-0.058000,0.070000,0.111000,0.200000,0.174000,0.128000,-0.031000,-0.116000
-0.029000,0.055000,0.084000,-0.013000,-0.057000,0.070000,0.104000,0.200000,0.170000,0.125000,-0.029000,-0.115000
-0.025000,0.055000,0.080000,-0.015000,-0.053000,0.067000,0.105000,0.200000,0.170000,0.125000,-0.030000,-0.120000
-0.021000,0.055000,0.076000,-0.017000,-0.049000,0.066000,0.100000,0.201000,0.164000,0.125000,-0.047000,-0.137000
-0.015000,0.055000,0.070000,-0.020000,-0.043000,0.062000,0.110000,0.198000,0.179000,0.126000,-0.049000,-0.138000
-0.021000,0.055000,0.076000,-0.017000,-0.049000,0.065000,0.130000,0.209000,0.197000,0.123000,-0.044000,-0.134000
-0.048000,0.055000,0.103000,-0.004000,-0.076000,0.079000,0.142000,0.229000,0.208000,0.120000,-0.045000,-0.135000
-0.075000,0.055000,0.130000,0.010000,-0.103000,0.092000,0.145000,0.235000,0.220000,0.120000,-0.045000,-0.135000
-0.072000,0.055000,0.127000,0.008000,-0.100000,0.091000,0.156000,0.242000,0.219000,0.120000,-0.045000,-0.135000
-0.068000,0.055000,0.123000,0.006000,-0.096000,0.089000,0.170000,0.260000,0.231000,0.120000,-0.045000,-0.132000
-0.074000,0.057000,0.131000,0.008000,-0.103000,0.094000,0.176000,0.277000,0.247000,0.118000,-0.045000,-0.129000
-0.081000,0.079000,0.160000,0.001000,-0.120000,0.119000,0.174000,0.280000,0.249000,0.115000,-0.045000,-0.130000
-0.080000,0.115000,0.195000,-0.018000,-0.138000,0.155000,0.175000,0.280000,0.245000,0.115000,-0.045000,-0.130000
-0.076000,0.113000,0.189000,-0.019000,-0.132000,0.150000,0.185000,0.294000,0.258000,0.115000,-0.045000,-0.130000
-0.072000,0.109000,0.181000,-0.018000,-0.126000,0.144000,0.177000,0.288000,0.256000,0.112000,-0.045000,-0.131000
-0.068000,0.110000,0.178000,-0.021000,-0.123000,0.144000,0.165000,0.275000,0.247000,0.110000,-0.045000,-0.128000
-0.064000,0.110000,0.174000,-0.024000,-0.119000,0.142000,0.158000,0.267000,0.243000,0.110000,-0.045000,-0.125000
-0.060000,0.110000,0.170000,-0.025000,-0.115000,0.140000,0.150000,0.255000,0.235000,0.110000,-0.045000,-0.125000
-0.060000,0.106000,0.166000,-0.023000,-0.114000,0.136000,0.142000,0.247000,0.231000,0.110000,-0.045000,-0.125000
-0.057000,0.105000,0.162000,-0.024000,-0.110000,0.133000,0.134000,0.236000,0.224000,0.107000,-0.045000,-0.125000
-0.053000,0.105000,0.158000,-0.026000,-0.106000,0.131000,0.126000,0.225000,0.217000,0.104000,-0.046000,-0.126000
-0.049000,0.105000,0.154000,-0.029000,-0.102000,0.130000,0.118000,0.219000,0.214000,0.105000,-0.042000,-0.123000
-0.045000,0.105000,0.150000,-0.030000,-0.098000,0.127000,0.110000,0.215000,0.210000,0.105000,-0.035000,-0.120000
-0.045000,0.101000,0.146000,-0.028000,-0.096000,0.123000,0.106000,0.211000,0.206000,0.105000,-0.054000,-0.136000
-0.042000,0.100000,0.142000,-0.029000,-0.092000,0.120000,0.103000,0.207000,0.205000,0.108000,-0.072000,-0.149000
-0.039000,0.100000,0.139000,-0.031000,-0.089000,0.119000,0.096000,0.203000,0.203000,0.110000,-0.074000,-0.149000
-0.032000,0.100000,0.132000,-0.034000,-0.082000,0.115000,0.089000,0.199000,0.200000,0.110000,-0.069000,-0.144000
-0.030000,0.100000,0.130000,-0.035000,-0.080000,0.115000,0.085000,0.195000,0.200000,0.110000,-0.070000,-0.145000
-0.064000,0.100000,0.164000,-0.018000,-0.114000,0.132000,0.082000,0.191000,0.196000,0.109000,-0.070000,-0.145000
-0.068000,0.097000,0.165000,-0.015000,-0.117000,0.131000,0.074000,0.187000,0.195000,0.114000,-0.070000,-0.145000
-0.055000,0.094000,0.149000,-0.021000,-0.102000,0.122000,0.068000,0.185000,0.194000,0.114000,-0.068000,-0.145000
-0.048000,0.095000,0.143000,-0.024000,-0.096000,0.119000,0.063000,0.185000,0.189000,0.118000,-0.065000,-0.145000
-0.040000,0.095000,0.135000,-0.028000,-0.088000,0.115000,0.055000,0.185000,0.185000,0.135000,-0.065000,-0.145000
-0.032000,0.095000,0.127000,-0.032000,-0.080000,0.111000,0.051000,0.185000,0.185000,0.149000,-0.065000,-0.145000
-0.027000,0.092000,0.119000,-0.033000,-0.073000,0.105000,0.044000,0.185000,0.182000,0.150000,-0.066000,-0.142000
-0.023000,0.089000,0.112000,-0.034000,-0.067000,0.100000,0.037000,0.185000,0.180000,0.154000,-0.063000,-0.139000
-0.011000,0.090000,0.101000,-0.040000,-0.056000,0.095000,0.034000,0.185000,0.179000,0.169000,-0.060000,-0.140000
0.000000,0.090000,0.090000,-0.045000,-0.045000,0.090000,0.030000,0.185000,0.175000,0.180000,-0.060000,-0.140000
-0.021000,0.090000,0.111000,-0.035000,-0.066000,0.100000,0.026000,0.181000,0.175000,0.180000,-0.060000,-0.140000
-0.023000,0.091000,0.115000,-0.034000,-0.069000,0.103000,0.022000,0.180000,0.172000,0.181000,-0.060000,-0.140000
-0.022000,0.085000,0.107000,-0.032000,-0.065000,0.096000,0.018000,0.180000,0.170000,0.176000,-0.060000,-0.140000
-0.032000,0.072000,0.104000,-0.021000,-0.068000,0.088000,0.014000,0.180000,0.169000,0.178000,-0.059000,-0.140000
-0.035000,0.065000,0.100000,-0.015000,-0.068000,0.082000,0.020000,0.180000,0.165000,0.195000,-0.055000,-0.140000
-0.043000,0.058000,0.100000,-0.007000,-0.072000,0.078000,0.054000,0.180000,0.165000,0.192000,-0.055000,-0.136000
-0.052000,0.046000,0.098000,0.003000,-0.075000,0.071000,0.062000,0.180000,0.166000,0.187000,-0.055000,-0.135000
-0.057000,0.035000,0.092000,0.010000,-0.075000,0.064000,0.064000,0.180000,0.163000,0.183000,-0.055000,-0.135000
-0.062000,0.028000,0.090000,0.017000,-0.076000,0.059000,0.078000,0.179000,0.160000,0.180000,-0.054000,-0.135000
-0.070000,0.020000,0.090000,0.025000,-0.080000,0.055000,0.085000,0.175000,0.160000,0.180000,-0.050000,-0.135000
-0.075000,0.012000,0.086000,0.031000,-0.080000,0.049000,0.085000,0.175000,0.160000,0.176000,-0.050000,-0.135000
-0.075000,0.007000,0.081000,0.034000,-0.078000,0.043000,0.084000,0.175000,0.157000,0.171000,-0.050000,-0.135000
-0.076000,0.004000,0.080000,0.037000,-0.079000,0.041000,0.089000,0.175000,0.154000,0.170000,-0.050000,-0.135000
-0.081000,-0.002000,0.079000,0.041000,-0.080000,0.039000,0.096000,0.175000,0.155000,0.169000,-0.050000,-0.135000
-0.085000,-0.010000,0.075000,0.047000,-0.080000,0.032000,0.095000,0.175000,0.155000,0.165000,-0.050000,-0.135000
-0.085000,-0.014000,0.071000,0.049000,-0.078000,0.028000,0.094000,0.175000,0.151000,0.161000,-0.054000,-0.131000
-0.086000,-0.019000,0.067000,0.052000,-0.076000,0.024000,0.100000,0.175000,0.149000,0.159000,-0.055000,-0.129000
-0.082000,-0.019000,0.063000,0.050000,-0.073000,0.022000,0.110000,0.175000,0.151000,0.164000,-0.055000,-0.131000
-0.081000,-0.022000,0.059000,0.052000,-0.070000,0.018000,0.115000,0.174000,0.149000,0.170000,-0.054000,-0.129000
-0.090000,-0.035000,0.055000,0.062000,-0.072000,0.010000,0.110000,0.170000,0.145000,0.165000,-0.055000,-0.125000
-0.090000,-0.039000,0.051000,0.065000,-0.071000,0.006000,0.110000,0.170000,0.145000,0.161000,-0.065000,-0.125000
-0.091000,-0.044000,0.047000,0.067000,-0.069000,0.002000,0.111000,0.167000,0.142000,0.157000,-0.057000,-0.123000
-0.102000,-0.059000,0.043000,0.080000,-0.073000,-0.008000,0.108000,0.165000,0.140000,0.155000,-0.062000,-0.133000
-0.110000,-0.071000,0.039000,0.090000,-0.074000,-0.016000,0.105000,0.164000,0.139000,0.154000,-0.076000,-0.146000
-0.100000,-0.065000,0.035000,0.082000,-0.067000,-0.015000,0.105000,0.160000,0.135000,0.150000,-0.070000,-0.140000
-0.095000,-0.065000,0.031000,0.080000,-0.062000,-0.017000,0.105000,0.160000,0.135000,0.146000,-0.070000,-0.139000
-0.093000,-0.063000,0.030000,0.078000,-0.061000,-0.016000,0.106000,0.157000,0.132000,0.145000,-0.070000,-0.141000
-0.086000,-0.057000,0.029000,0.071000,-0.057000,-0.014000,0.117000,0.155000,0.130000,0.144000,-0.070000,-0.138000
-0.088000,-0.064000,0.024000,0.076000,-0.056000,-0.020000,0.125000,0.154000,0.129000,0.139000,-0.069000,-0.135000
-0.105000,-0.085000,0.020000,0.095000,-0.062000,-0.032000,0.120000,0.150000,0.125000,0.135000,-0.065000,-0.135000
-0.098000,-0.082000,0.016000,0.090000,-0.057000,-0.032000,0.120000,0.150000,0.125000,0.135000,-0.065000,-0.135000
-0.090000,-0.079000,0.011000,0.084000,-0.051000,-0.034000,0.117000,0.147000,0.122000,0.132000,-0.065000,-0.136000
-0.091000,-0.081000,0.010000,0.086000,-0.051000,-0.035000,0.114000,0.145000,0.120000,0.129000,-0.065000,-0.133000
-0.088000,-0.079000,0.009000,0.083000,-0.048000,-0.035000,0.115000,0.144000,0.119000,0.130000,-0.064000,-0.130000
-0.075000,-0.075000,0.000000,0.075000,-0.037000,-0.037000,0.115000,0.140000,0.115000,0.130000,-0.060000,-0.130000
-0.067000,-0.075000,-0.008000,0.071000,-0.029000,-0.041000,0.111000,0.140000,0.115000,0.126000,-0.060000,-0.130000
-0.060000,-0.076000,-0.016000,0.068000,-0.021000,-0.045000,0.110000,0.137000,0.112000,0.124000,-0.060000,-0.130000
-0.049000,-0.073000,-0.024000,0.061000,-0.012000,-0.048000,0.108000,0.135000,0.110000,0.126000,-0.060000,-0.128000
-0.038000,-0.070000,-0.032000,0.053000,-0.003000,-0.051000,0.104000,0.134000,0.109000,0.124000,-0.060000,-0.125000
-0.030000,-0.070000,-0.040000,0.050000,0.005000,-0.055000,0.105000,0.130000,0.105000,0.120000,-0.060000,-0.125000
-0.025000,-0.070000,-0.045000,0.048000,0.010000,-0.057000,0.106000,0.130000,0.105000,0.120000,-0.056000,-0.125000
-0.028000,-0.067000,-0.039000,0.048000,0.006000,-0.053000,0.102000,0.131000,0.106000,0.121000,-0.055000,-0.122000
-0.032000,-0.064000,-0.033000,0.048000,0.001000,-0.048000,0.100000,0.128000,0.103000,0.118000,-0.055000,-0.120000
-0.037000,-0.065000,-0.028000,0.051000,-0.004000,-0.046000,0.099000,0.125000,0.100000,0.115000,-0.055000,-0.120000
-0.045000,-0.065000,-0.020000,0.055000,-0.012000,-0.042000,0.095000,0.125000,0.100000,0.115000,-0.055000,-0.120000
-0.044000,-0.061000,-0.016000,0.053000,-0.014000,-0.038000,0.095000,0.121000,0.096000,0.115000,-0.051000,-0.120000
-0.051000,-0.059000,-0.008000,0.056000,-0.022000,-0.033000,0.096000,0.119000,0.095000,0.112000,-0.050000,-0.117000
-0.055000,-0.061000,-0.005000,0.058000,-0.025000,-0.033000,0.093000,0.121000,0.095000,0.109000,-0.050000,-0.115000
-0.066000,-0.059000,0.006000,0.062000,-0.036000,-0.026000,0.090000,0.119000,0.095000,0.110000,-0.050000,-0.115000
-0.090000,-0.055000,0.035000,0.072000,-0.062000,-0.010000,0.090000,0.115000,0.095000,0.110000,-0.050000,-0.115000
-0.083000,-0.055000,0.028000,0.068000,-0.055000,-0.013000,0.089000,0.114000,0.095000,0.106000,-0.051000,-0.116000
-0.077000,-0.056000,0.021000,0.066000,-0.048000,-0.017000,0.096000,0.120000,0.099000,0.104000,-0.044000,-0.109000
-0.070000,-0.053000,0.016000,0.062000,-0.043000,-0.018000,0.100000,0.148000,0.117000,0.106000,-0.038000,-0.103000
-0.058000,-0.049000,0.009000,0.053000,-0.033000,-0.020000,0.110000,0.225000,0.167000,0.104000,-0.033000,-0.098000
-0.050000,-0.045000,0.005000,0.047000,-0.027000,-0.020000,0.145000,0.340000,0.245000,0.100000,-0.025000,-0.090000
-0.038000,-0.041000,-0.003000,0.040000,-0.018000,-0.021000,0.173000,0.412000,0.298000,0.100000,-0.021000,-0.086000
-0.026000,-0.037000,-0.011000,0.032000,-0.007000,-0.024000,0.169000,0.421000,0.314000,0.100000,-0.014000,-0.079000
-0.030000,-0.032000,-0.003000,0.031000,-0.013000,-0.017000,0.170000,0.412000,0.332000,0.100000,-0.008000,-0.073000
-0.051000,-0.030000,0.021000,0.040000,-0.036000,-0.004000,0.198000,0.408000,0.335000,0.099000,-0.003000,-0.068000
-0.065000,-0.030000,0.035000,0.047000,-0.050000,0.002000,0.220000,0.370000,0.295000,0.095000,0.010000,-0.055000
-0.051000,-0.015000,0.036000,0.033000,-0.043000,0.011000,0.201000,0.245000,0.264000,0.095000,0.018000,-0.043000
-0.065000,0.002000,0.067000,0.031000,-0.066000,0.034000,0.182000,0.035000,0.180000,0.095000,0.029000,-0.031000
-0.076000,0.019000,0.095000,0.027000,-0.085000,0.057000,0.167000,-0.222000,0.057000,0.095000,0.040000,-0.020000
-0.079000,0.031000,0.110000,0.024000,-0.095000,0.070000,0.115000,-0.539000,-0.100000,0.094000,0.046000,-0.006000
-0.085000,0.045000,0.130000,0.020000,-0.108000,0.087000,0.005000,-0.920000,-0.300000,0.090000,0.050000,0.010000
-0.016000,0.103000,0.119000,-0.044000,-0.068000,0.111000,-0.116000,-1.256000,-0.495000,0.090000,0.072000,0.021000
0.022000,0.131000,0.109000,-0.077000,-0.044000,0.120000,-0.230000,-1.614000,-0.706000,0.090000,0.109000,0.049000
0.045000,0.144000,0.099000,-0.095000,-0.028000,0.121000,-0.358000,-2.013000,-0.955000,0.090000,0.167000,0.108000
0.085000,0.173000,0.088000,-0.129000,-0.002000,0.130000,-0.508000,-2.466000,-1.274000,0.090000,0.228000,0.175000
0.130000,0.210000,0.080000,-0.170000,0.025000,0.145000,-0.680000,-2.985000,-1.660000,0.090000,0.280000,0.235000
0.184000,0.246000,0.062000,-0.215000,0.061000,0.154000,-0.902000,-3.487000,-2.027000,0.086000,0.364000,0.323000
0.181000,0.242000,0.060000,-0.212000,0.060000,0.151000,-1.090000,-3.905000,-2.374000,0.085000,0.435000,0.402000
0.219000,0.221000,0.002000,-0.220000,0.109000,0.111000,-1.253000,-4.271000,-2.715000,0.085000,0.500000,0.468000
0.317000,0.205000,-0.112000,-0.261000,0.214000,0.047000,-1.448000,-4.602000,-3.038000,0.085000,0.581000,0.547000
0.395000,0.185000,-0.210000,-0.290000,0.302000,-0.012000,-1.680000,-4.890000,-3.345000,0.085000,0.660000,0.635000
0.494000,0.169000,-0.324000,-0.331000,0.409000,-0.077000,-1.901000,-5.177000,-3.672000,0.086000,0.720000,0.696000
0.560000,0.149000,-0.411000,-0.355000,0.485000,-0.130000,-2.080000,-5.392000,-3.958000,0.082000,0.787000,0.762000
0.618000,0.119000,-0.499000,-0.368000,0.558000,-0.189000,-2.223000,-5.536000,-4.176000,0.080000,0.881000,0.855000
0.731000,0.116000,-0.615000,-0.423000,0.673000,-0.249000,-2.352000,-5.628000,-4.335000,0.078000,1.001000,0.970000
0.870000,0.155000,-0.715000,-0.512000,0.792000,-0.280000,-2.470000,-5.660000,-4.440000,0.080000,1.135000,1.100000
0.924000,0.172000,-0.752000,-0.547000,0.838000,-0.290000,-2.550000,-5.640000,-4.494000,0.125000,1.271000,1.239000
0.989000,0.228000,-0.761000,-0.608000,0.875000,-0.266000,-2.633000,-5.627000,-4.574000,0.179000,1.369000,1.345000
1.049000,0.276000,-0.772000,-0.662000,0.910000,-0.247000,-2.678000,-5.589000,-4.641000,0.200000,1.439000,1.422000
1.086000,0.279000,-0.807000,-0.682000,0.947000,-0.263000,-2.673000,-5.517000,-4.674000,0.211000,1.489000,1.483000
1.135000,0.275000,-0.860000,-0.705000,0.997000,-0.292000,-2.670000,-5.460000,-4.725000,0.240000,1.500000,1.515000
1.166000,0.275000,-0.891000,-0.720000,1.028000,-0.308000,-2.669000,-5.414000,-4.789000,0.229000,1.473000,1.504000
1.211000,0.276000,-0.935000,-0.743000,1.072000,-0.329000,-2.638000,-5.307000,-4.777000,0.218000,1.446000,1.493000
1.238000,0.272000,-0.965000,-0.755000,1.101000,-0.347000,-2.595000,-5.162000,-4.740000,0.209000,1.423000,1.486000
1.242000,0.280000,-0.962000,-0.760000,1.102000,-0.341000,-2.553000,-5.038000,-4.710000,0.199000,1.399000,1.478000
1.240000,0.295000,-0.945000,-0.767000,1.092000,-0.325000,-2.500000,-4.935000,-4.645000,0.190000,1.380000,1.470000
1.192000,0.261000,-0.931000,-0.726000,1.061000,-0.335000,-2.453000,-4.794000,-4.543000,0.139000,1.363000,1.462000
1.163000,0.225000,-0.937000,-0.694000,1.050000,-0.356000,-2.390000,-4.635000,-4.428000,0.090000,1.351000,1.454000
1.159000,0.191000,-0.968000,-0.675000,1.064000,-0.388000,-2.308000,-4.477000,-4.312000,0.032000,1.338000,1.446000
1.152000,0.150000,-1.002000,-0.651000,1.077000,-0.425000,-2.224000,-4.321000,-4.196000,-0.053000,1.321000,1.438000
1.145000,0.115000,-1.030000,-0.630000,1.087000,-0.457000,-2.150000,-4.170000,-4.085000,-0.175000,1.305000,1.430000
1.163000,0.083000,-1.080000,-0.623000,1.121000,-0.498000,-2.093000,-4.043000,-3.982000,-0.379000,1.289000,1.422000
1.158000,0.052000,-1.106000,-0.605000,1.132000,-0.527000,-2.040000,-3.901000,-3.867000,-0.597000,1.272000,1.414000
1.162000,0.017000,-1.145000,-0.590000,1.153000,-0.564000,-1.977000,-3.751000,-3.743000,-0.818000,1.262000,1.406000
1.148000,-0.019000,-1.166000,-0.564000,1.157000,-0.593000,-1.899000,-3.593000,-3.601000,-1.046000,1.258000,1.397000
1.090000,-0.050000,-1.140000,-0.520000,1.115000,-0.595000,-1.805000,-3.410000,-3.430000,-1.260000,1.255000,1.390000
1.113000,-0.075000,-1.187000,-0.518000,1.150000,-0.631000,-1.702000,-3.215000,-3.253000,-1.472000,1.274000,1.395000
1.083000,-0.092000,-1.175000,-0.495000,1.129000,-0.633000,-1.626000,-3.011000,-3.046000,-1.683000,1.295000,1.390000
1.026000,-0.093000,-1.120000,-0.466000,1.074000,-0.607000,-1.529000,-2.779000,-2.794000,-1.882000,1.334000,1.413000
1.009000,-0.082000,-1.090000,-0.463000,1.050000,-0.586000,-1.407000,-2.546000,-2.551000,-2.037000,1.359000,1.434000
1.000000,-0.080000,-1.080000,-0.460000,1.040000,-0.580000,-1.315000,-2.365000,-2.385000,-2.135000,1.325000,1.400000
0.954000,-0.114000,-1.068000,-0.419000,1.012000,-0.591000,-1.244000,-2.218000,-2.267000,-2.213000,1.301000,1.373000
0.905000,-0.151000,-1.056000,-0.377000,0.980000,-0.603000,-1.162000,-2.052000,-2.117000,-2.241000,1.269000,1.334000
0.884000,-0.161000,-1.045000,-0.361000,0.964000,-0.603000,-1.082000,-1.866000,-1.944000,-2.286000,1.219000,1.286000
0.868000,-0.162000,-1.030000,-0.353000,0.949000,-0.595000,-1.004000,-1.678000,-1.771000,-2.362000,1.196000,1.246000
0.830000,-0.175000,-1.005000,-0.327000,0.918000,-0.590000,-0.915000,-1.500000,-1.595000,-2.425000,1.210000,1.220000
0.798000,-0.183000,-0.981000,-0.307000,0.890000,-0.582000,-0.835000,-1.342000,-1.440000,-2.520000,1.164000,1.194000
0.764000,-0.189000,-0.954000,-0.287000,0.859000,-0.571000,-0.755000,-1.197000,-1.308000,-2.647000,1.119000,1.146000
0.740000,-0.189000,-0.929000,-0.276000,0.834000,-0.559000,-0.691000,-1.068000,-1.182000,-2.750000,1.058000,1.068000
0.709000,-0.193000,-0.902000,-0.258000,0.805000,-0.548000,-0.625000,-0.931000,-1.053000,-2.815000,0.960000,0.969000
0.655000,-0.210000,-0.865000,-0.222000,0.760000,-0.537000,-0.530000,-0.760000,-0.915000,-2.870000,0.870000,0.875000
0.620000,-0.210000,-0.830000,-0.205000,0.725000,-0.520000,-0.448000,-0.606000,-0.768000,-2.903000,0.801000,0.797000
0.570000,-0.212000,-0.782000,-0.179000,0.676000,-0.497000,-0.383000,-0.500000,-0.684000,-2.892000,0.659000,0.655000
0.527000,-0.203000,-0.730000,-0.161000,0.629000,-0.466000,-0.329000,-0.387000,-0.601000,-2.873000,0.491000,0.477000
0.477000,-0.205000,-0.682000,-0.136000,0.580000,-0.443000,-0.267000,-0.253000,-0.480000,-2.851000,0.378000,0.345000
0.395000,-0.235000,-0.630000,-0.080000,0.513000,-0.432000,-0.190000,-0.135000,-0.365000,-2.800000,0.305000,0.265000
0.349000,-0.232000,-0.581000,-0.058000,0.465000,-0.407000,-0.133000,-0.013000,-0.259000,-2.758000,0.203000,0.154000
0.308000,-0.229000,-0.537000,-0.039000,0.423000,-0.382000,-0.079000,0.083000,-0.173000,-2.694000,0.094000,0.044000
0.262000,-0.231000,-0.493000,-0.015000,0.377000,-0.362000,-0.021000,0.156000,-0.111000,-2.601000,-0.015000,-0.067000
0.220000,-0.229000,-0.449000,0.004000,0.335000,-0.339000,0.041000,0.238000,-0.046000,-2.509000,-0.111000,-0.175000
0.185000,-0.225000,-0.410000,0.020000,0.298000,-0.317000,0.100000,0.335000,0.035000,-2.425000,-0.185000,-0.265000
0.150000,-0.225000,-0.375000,0.038000,0.263000,-0.300000,0.145000,0.408000,0.098000,-2.305000,-0.263000,-0.349000
0.105000,-0.226000,-0.330000,0.061000,0.218000,-0.278000,0.184000,0.479000,0.139000,-2.193000,-0.354000,-0.435000
0.057000,-0.223000,-0.280000,0.084000,0.169000,-0.251000,0.229000,0.550000,0.187000,-2.066000,-0.444000,-0.527000
0.015000,-0.220000,-0.235000,0.103000,0.125000,-0.227000,0.294000,0.634000,0.260000,-1.893000,-0.506000,-0.597000
-0.015000,-0.220000,-0.205000,0.118000,0.095000,-0.212000,0.365000,0.725000,0.335000,-1.710000,-0.535000,-0.625000
-0.040000,-0.220000,-0.180000,0.131000,0.070000,-0.199000,0.393000,0.776000,0.386000,-1.581000,-0.565000,-0.659000
-0.128000,-0.220000,-0.093000,0.174000,-0.017000,-0.156000,0.437000,0.848000,0.458000,-1.516000,-0.574000,-0.673000
-0.203000,-0.219000,-0.016000,0.211000,-0.093000,-0.117000,0.487000,0.926000,0.538000,-1.441000,-0.579000,-0.680000
-0.233000,-0.214000,0.019000,0.223000,-0.126000,-0.097000,0.525000,0.992000,0.606000,-1.342000,-0.585000,-0.684000
-0.275000,-0.210000,0.065000,0.242000,-0.170000,-0.072000,0.560000,1.055000,0.665000,-1.250000,-0.580000,-0.675000
-0.318000,-0.210000,0.108000,0.264000,-0.213000,-0.051000,0.576000,1.096000,0.706000,-1.129000,-0.580000,-0.671000
-0.330000,-0.207000,0.123000,0.268000,-0.226000,-0.041000,0.598000,1.137000,0.745000,-1.029000,-0.577000,-0.667000
-0.319000,-0.205000,0.114000,0.262000,-0.216000,-0.045000,0.619000,1.182000,0.782000,-0.953000,-0.574000,-0.663000
-0.335000,-0.205000,0.130000,0.269000,-0.232000,-0.037000,0.643000,1.226000,0.821000,-0.883000,-0.575000,-0.659000
-0.365000,-0.200000,0.165000,0.282000,-0.265000,-0.017000,0.670000,1.260000,0.860000,-0.815000,-0.575000,-0.655000
-0.319000,-0.195000,0.123000,0.257000,-0.221000,-0.035000,0.669000,1.276000,0.867000,-0.741000,-0.571000,-0.651000
-0.354000,-0.195000,0.158000,0.274000,-0.255000,-0.018000,0.687000,1.300000,0.892000,-0.652000,-0.570000,-0.647000
-0.409000,-0.193000,0.216000,0.300000,-0.312000,0.011000,0.722000,1.342000,0.940000,-0.577000,-0.568000,-0.644000
-0.416000,-0.190000,0.226000,0.303000,-0.321000,0.018000,0.734000,1.366000,0.967000,-0.529000,-0.565000,-0.646000
-0.420000,-0.190000,0.230000,0.305000,-0.325000,0.020000,0.725000,1.365000,0.965000,-0.475000,-0.565000,-0.645000
-0.412000,-0.182000,0.230000,0.297000,-0.321000,0.024000,0.750000,1.402000,0.995000,-0.394000,-0.562000,-0.642000
-0.408000,-0.177000,0.231000,0.292000,-0.319000,0.027000,0.752000,1.416000,0.996000,-0.333000,-0.587000,-0.667000
-0.415000,-0.171000,0.244000,0.292000,-0.329000,0.036000,0.758000,1.436000,1.008000,-0.284000,-0.602000,-0.682000
-0.420000,-0.164000,0.256000,0.291000,-0.337000,0.046000,0.777000,1.471000,1.041000,-0.233000,-0.593000,-0.674000
-0.400000,-0.160000,0.240000,0.280000,-0.320000,0.040000,0.775000,1.480000,1.050000,-0.190000,-0.590000,-0.675000
-0.370000,-0.152000,0.219000,0.261000,-0.295000,0.033000,0.788000,1.500000,1.066000,-0.150000,-0.586000,-0.672000
-0.428000,-0.147000,0.281000,0.287000,-0.354000,0.067000,0.819000,1.546000,1.111000,-0.114000,-0.582000,-0.667000
-0.463000,-0.143000,0.320000,0.303000,-0.391000,0.089000,0.832000,1.571000,1.136000,-0.088000,-0.594000,-0.679000
-0.434000,-0.140000,0.294000,0.287000,-0.364000,0.077000,0.832000,1.572000,1.136000,-0.054000,-0.613000,-0.698000
-0.425000,-0.140000,0.285000,0.282000,-0.355000,0.072000,0.850000,1.595000,1.155000,0.000000,-0.620000,-0.705000
-0.410000,-0.136000,0.275000,0.273000,-0.342000,0.069000,0.862000,1.624000,1.180000,0.049000,-0.632000,-0.717000
-0.391000,-0.136000,0.255000,0.263000,-0.322000,0.059000,0.875000,1.646000,1.195000,0.089000,-0.641000,-0.729000
-0.417000,-0.131000,0.287000,0.274000,-0.352000,0.078000,0.881000,1.665000,1.207000,0.134000,-0.650000,-0.741000
-0.470000,-0.134000,0.335000,0.302000,-0.402000,0.100000,0.881000,1.685000,1.224000,0.189000,-0.664000,-0.753000
-0.480000,-0.160000,0.320000,0.320000,-0.400000,0.080000,0.890000,1.705000,1.245000,0.245000,-0.675000,-0.765000
-0.470000,-0.161000,0.309000,0.316000,-0.390000,0.074000,0.907000,1.731000,1.270000,0.294000,-0.678000,-0.772000
-0.480000,-0.159000,0.320000,0.319000,-0.400000,0.081000,0.913000,1.740000,1.283000,0.334000,-0.692000,-0.791000
-0.499000,-0.160000,0.339000,0.330000,-0.419000,0.089000,0.923000,1.757000,1.302000,0.364000,-0.703000,-0.803000
-0.513000,-0.160000,0.353000,0.337000,-0.433000,0.097000,0.946000,1.786000,1.332000,0.392000,-0.699000,-0.798000
-0.520000,-0.160000,0.360000,0.340000,-0.440000,0.100000,0.960000,1.800000,1.350000,0.425000,-0.700000,-0.800000
-0.516000,-0.160000,0.356000,0.338000,-0.436000,0.098000,0.955000,1.806000,1.352000,0.460000,-0.721000,-0.820000
-0.515000,-0.160000,0.355000,0.337000,-0.435000,0.097000,0.967000,1.832000,1.373000,0.469000,-0.731000,-0.831000
-0.515000,-0.160000,0.355000,0.337000,-0.435000,0.097000,0.975000,1.850000,1.392000,0.476000,-0.743000,-0.842000
-0.516000,-0.160000,0.356000,0.337000,-0.436000,0.097000,0.978000,1.860000,1.405000,0.504000,-0.757000,-0.859000
-0.515000,-0.160000,0.355000,0.337000,-0.435000,0.097000,0.995000,1.885000,1.425000,0.530000,-0.760000,-0.865000
-0.505000,-0.160000,0.345000,0.332000,-0.425000,0.092000,0.993000,1.887000,1.431000,0.516000,-0.760000,-0.861000
-0.553000,-0.160000,0.393000,0.357000,-0.473000,0.117000,1.014000,1.914000,1.462000,0.531000,-0.760000,-0.859000
-0.586000,-0.160000,0.426000,0.373000,-0.506000,0.133000,1.024000,1.937000,1.489000,0.536000,-0.760000,-0.860000
-0.564000,-0.160000,0.404000,0.362000,-0.484000,0.122000,1.023000,1.942000,1.499000,0.534000,-0.760000,-0.859000
-0.560000,-0.160000,0.400000,0.360000,-0.480000,0.120000,1.050000,1.960000,1.525000,0.565000,-0.760000,-0.860000
-0.598000,-0.160000,0.438000,0.379000,-0.518000,0.139000,1.064000,1.982000,1.551000,0.566000,-0.759000,-0.872000
-0.603000,-0.160000,0.443000,0.381000,-0.523000,0.141000,1.065000,1.985000,1.559000,0.573000,-0.769000,-0.881000
-0.592000,-0.160000,0.432000,0.376000,-0.512000,0.136000,1.066000,1.992000,1.562000,0.598000,-0.777000,-0.890000
-0.588000,-0.160000,0.428000,0.374000,-0.508000,0.134000,1.063000,1.999000,1.565000,0.618000,-0.775000,-0.895000
-0.585000,-0.160000,0.425000,0.372000,-0.505000,0.132000,1.055000,1.990000,1.570000,0.620000,-0.775000,-0.890000
-0.614000,-0.160000,0.455000,0.387000,-0.534000,0.147000,1.072000,2.007000,1.596000,0.619000,-0.775000,-0.890000
-0.621000,-0.162000,0.459000,0.391000,-0.540000,0.148000,1.074000,2.006000,1.597000,0.628000,-0.773000,-0.888000
-0.608000,-0.153000,0.455000,0.380000,-0.531000,0.150000,1.067000,1.997000,1.586000,0.640000,-0.782000,-0.899000
-0.580000,-0.136000,0.444000,0.358000,-0.512000,0.154000,1.064000,1.994000,1.586000,0.646000,-0.789000,-0.910000
-0.545000,-0.125000,0.420000,0.335000,-0.482000,0.147000,1.060000,1.990000,1.600000,0.650000,-0.775000,-0.895000
-0.564000,-0.109000,0.455000,0.337000,-0.509000,0.173000,1.056000,1.982000,1.630000,0.652000,-0.767000,-0.886000
-0.607000,-0.095000,0.512000,0.351000,-0.560000,0.208000,1.051000,1.976000,1.634000,0.668000,-0.756000,-0.880000
-0.620000,-0.086000,0.534000,0.353000,-0.577000,0.224000,1.050000,1.974000,1.629000,0.675000,-0.746000,-0.869000
-0.600000,-0.078000,0.522000,0.338000,-0.561000,0.221000,1.049000,1.967000,1.630000,0.679000,-0.737000,-0.857000
-0.595000,-0.070000,0.525000,0.332000,-0.560000,0.227000,1.040000,1.950000,1.630000,0.705000,-0.725000,-0.850000
-0.625000,-0.062000,0.563000,0.344000,-0.594000,0.251000,1.032000,1.934000,1.644000,0.714000,-0.718000,-0.843000
-0.625000,-0.054000,0.571000,0.339000,-0.598000,0.258000,1.024000,1.918000,1.638000,0.718000,-0.703000,-0.828000
-0.607000,-0.046000,0.562000,0.326000,-0.584000,0.258000,1.016000,1.902000,1.625000,0.721000,-0.689000,-0.813000
-0.598000,-0.039000,0.559000,0.318000,-0.579000,0.260000,1.008000,1.885000,1.618000,0.719000,-0.676000,-0.802000
-0.590000,-0.035000,0.555000,0.312000,-0.572000,0.260000,1.000000,1.865000,1.610000,0.720000,-0.660000,-0.790000
-0.582000,-0.031000,0.551000,0.306000,-0.566000,0.260000,0.998000,1.846000,1.603000,0.732000,-0.648000,-0.778000
-0.577000,-0.026000,0.550000,0.302000,-0.563000,0.261000,0.978000,1.816000,1.583000,0.739000,-0.636000,-0.766000
-0.573000,-0.025000,0.549000,0.299000,-0.560000,0.261000,0.954000,1.786000,1.559000,0.757000,-0.626000,-0.755000
-0.568000,-0.025000,0.544000,0.296000,-0.556000,0.260000,0.936000,1.757000,1.541000,0.779000,-0.609000,-0.739000
-0.560000,-0.020000,0.540000,0.290000,-0.550000,0.260000,0.920000,1.720000,1.525000,0.785000,-0.575000,-0.710000
-0.552000,-0.015000,0.536000,0.283000,-0.543000,0.260000,0.904000,1.688000,1.509000,0.797000,-0.547000,-0.686000
-0.547000,-0.016000,0.531000,0.281000,-0.538000,0.257000,0.888000,1.655000,1.493000,0.810000,-0.517000,-0.657000
-0.542000,-0.012000,0.531000,0.277000,-0.536000,0.259000,0.873000,1.627000,1.478000,0.819000,-0.482000,-0.622000
-0.531000,-0.003000,0.528000,0.267000,-0.529000,0.262000,0.853000,1.595000,1.458000,0.827000,-0.455000,-0.595000
-0.515000,0.000000,0.515000,0.257000,-0.515000,0.257000,0.820000,1.545000,1.425000,0.830000,-0.445000,-0.585000
-0.503000,0.004000,0.507000,0.249000,-0.505000,0.255000,0.791000,1.496000,1.393000,0.828000,-0.435000,-0.575000
-0.489000,0.011000,0.499000,0.238000,-0.494000,0.255000,0.769000,1.454000,1.363000,0.843000,-0.407000,-0.547000
-0.472000,0.019000,0.491000,0.226000,-0.482000,0.255000,0.751000,1.418000,1.338000,0.849000,-0.376000,-0.516000
-0.465000,0.018000,0.483000,0.223000,-0.474000,0.250000,0.729000,1.379000,1.313000,0.838000,-0.347000,-0.487000
-0.450000,0.025000,0.475000,0.212000,-0.463000,0.250000,0.705000,1.335000,1.285000,0.835000,-0.310000,-0.450000
-0.388000,0.079000,0.467000,0.154000,-0.428000,0.273000,0.681000,1.296000,1.258000,0.841000,-0.277000,-0.417000
-0.361000,0.095000,0.456000,0.133000,-0.409000,0.276000,0.654000,1.246000,1.220000,0.866000,-0.249000,-0.389000
-0.355000,0.088000,0.443000,0.133000,-0.399000,0.266000,0.628000,1.196000,1.182000,0.887000,-0.220000,-0.362000
-0.342000,0.090000,0.433000,0.125000,-0.388000,0.261000,0.602000,1.146000,1.144000,0.890000,-0.195000,-0.341000
-0.335000,0.090000,0.425000,0.122000,-0.380000,0.257000,0.565000,1.085000,1.095000,0.890000,-0.185000,-0.330000
-0.323000,0.090000,0.413000,0.117000,-0.368000,0.252000,0.528000,1.023000,1.050000,0.896000,-0.175000,-0.321000
-0.310000,0.090000,0.400000,0.110000,-0.355000,0.245000,0.503000,0.981000,1.015000,0.914000,-0.145000,-0.287000
-0.301000,0.090000,0.391000,0.105000,-0.346000,0.240000,0.488000,0.949000,0.985000,0.920000,-0.107000,-0.245000
-0.292000,0.090000,0.382000,0.100000,-0.337000,0.235000,0.469000,0.909000,0.950000,0.914000,-0.079000,-0.213000
-0.275000,0.090000,0.365000,0.092000,-0.320000,0.227000,0.440000,0.860000,0.910000,0.915000,-0.055000,-0.190000
-0.259000,0.090000,0.349000,0.084000,-0.304000,0.219000,0.411000,0.812000,0.874000,0.911000,-0.030000,-0.166000
-0.242000,0.091000,0.333000,0.075000,-0.287000,0.211000,0.387000,0.765000,0.836000,0.909000,-0.012000,-0.145000
-0.230000,0.088000,0.319000,0.071000,-0.274000,0.203000,0.362000,0.715000,0.794000,0.911000,0.002000,-0.125000
-0.214000,0.093000,0.307000,0.060000,-0.260000,0.200000,0.341000,0.671000,0.757000,0.909000,0.020000,-0.105000
-0.195000,0.100000,0.295000,0.047000,-0.245000,0.197000,0.330000,0.640000,0.730000,0.905000,0.045000,-0.090000
-0.207000,0.076000,0.283000,0.065000,-0.245000,0.179000,0.320000,0.609000,0.708000,0.905000,0.074000,-0.078000
-0.176000,0.095000,0.270000,0.040000,-0.223000,0.182000,0.295000,0.571000,0.669000,0.902000,0.057000,-0.063000
-0.149000,0.113000,0.261000,0.017000,-0.205000,0.187000,0.267000,0.529000,0.623000,0.899000,0.064000,-0.048000
-0.148000,0.104000,0.252000,0.022000,-0.201000,0.178000,0.245000,0.491000,0.587000,0.901000,0.099000,-0.038000
-0.135000,0.105000,0.240000,0.015000,-0.188000,0.172000,0.230000,0.460000,0.560000,0.900000,0.100000,-0.035000
-0.131000,0.101000,0.232000,0.015000,-0.182000,0.167000,0.218000,0.432000,0.536000,0.888000,0.121000,-0.035000
-0.121000,0.100000,0.221000,0.010000,-0.171000,0.160000,0.206000,0.404000,0.510000,0.879000,0.122000,-0.032000
-0.113000,0.098000,0.211000,0.007000,-0.162000,0.154000,0.194000,0.377000,0.480000,0.869000,0.127000,-0.029000
-0.108000,0.095000,0.202000,0.006000,-0.155000,0.148000,0.182000,0.355000,0.454000,0.858000,0.149000,-0.030000
-0.095000,0.095000,0.190000,0.000000,-0.143000,0.142000,0.170000,0.335000,0.435000,0.850000,0.155000,-0.030000
-0.091000,0.091000,0.182000,0.000000,-0.136000,0.136000,0.158000,0.319000,0.420000,0.838000,0.147000,-0.026000
-0.084000,0.090000,0.174000,-0.003000,-0.129000,0.132000,0.149000,0.298000,0.392000,0.830000,0.141000,-0.024000
-0.078000,0.088000,0.166000,-0.005000,-0.122000,0.127000,0.140000,0.272000,0.359000,0.817000,0.139000,-0.026000
-0.073000,0.085000,0.158000,-0.006000,-0.116000,0.121000,0.127000,0.251000,0.335000,0.802000,0.133000,-0.024000
-0.065000,0.085000,0.150000,-0.010000,-0.108000,0.117000,0.115000,0.240000,0.320000,0.790000,0.125000,-0.020000
-0.061000,0.081000,0.142000,-0.010000,-0.102000,0.111000,0.107000,0.232000,0.308000,0.763000,0.121000,-0.020000
-0.053000,0.080000,0.133000,-0.013000,-0.093000,0.107000,0.101000,0.221000,0.293000,0.736000,0.118000,-0.021000
-0.050000,0.078000,0.128000,-0.014000,-0.089000,0.103000,0.100000,0.211000,0.278000,0.716000,0.111000,-0.018000
-0.049000,0.075000,0.123000,-0.014000,-0.086000,0.099000,0.100000,0.202000,0.268000,0.702000,0.113000,-0.015000
-0.040000,0.075000,0.115000,-0.018000,-0.078000,0.095000,0.100000,0.190000,0.260000,0.690000,0.125000,-0.015000
-0.040000,0.071000,0.111000,-0.015000,-0.075000,0.091000,0.100000,0.182000,0.252000,0.670000,0.114000,-0.013000
-0.037000,0.071000,0.108000,-0.017000,-0.072000,0.089000,0.101000,0.176000,0.244000,0.650000,0.103000,-0.030000
-0.035000,0.067000,0.101000,-0.017000,-0.068000,0.083000,0.098000,0.175000,0.236000,0.628000,0.097000,-0.043000
-0.035000,0.059000,0.094000,-0.012000,-0.064000,0.076000,0.095000,0.175000,0.228000,0.604000,0.087000,-0.047000
-0.035000,0.055000,0.090000,-0.010000,-0.063000,0.072000,0.095000,0.175000,0.220000,0.585000,0.075000,-0.060000
-0.039000,0.047000,0.086000,-0.004000,-0.063000,0.066000,0.095000,0.171000,0.212000,0.568000,0.067000,-0.059000
-0.039000,0.042000,0.082000,-0.002000,-0.061000,0.062000,0.095000,0.169000,0.206000,0.557000,0.056000,-0.069000
-0.043000,0.036000,0.080000,0.004000,-0.061000,0.058000,0.095000,0.171000,0.205000,0.538000,0.061000,-0.077000
-0.052000,0.029000,0.080000,0.012000,-0.066000,0.054000,0.095000,0.169000,0.205000,0.507000,0.070000,-0.075000
-0.055000,0.025000,0.080000,0.015000,-0.068000,0.052000,0.095000,0.165000,0.205000,0.480000,0.060000,-0.075000
-0.059000,0.021000,0.080000,0.019000,-0.069000,0.051000,0.091000,0.165000,0.201000,0.460000,0.056000,-0.074000
-0.064000,0.016000,0.080000,0.024000,-0.072000,0.048000,0.090000,0.166000,0.199000,0.440000,0.052000,-0.084000
-0.065000,0.015000,0.080000,0.025000,-0.073000,0.047000,0.090000,0.163000,0.201000,0.419000,0.048000,-0.093000
-0.066000,0.014000,0.080000,0.026000,-0.073000,0.047000,0.090000,0.160000,0.199000,0.401000,0.044000,-0.097000
-0.070000,0.010000,0.080000,0.030000,-0.075000,0.045000,0.090000,0.160000,0.195000,0.385000,0.040000,-0.105000
-0.070000,0.010000,0.080000,0.030000,-0.075000,0.045000,0.090000,0.160000,0.195000,0.365000,0.036000,-0.105000
-0.073000,0.007000,0.080000,0.033000,-0.077000,0.043000,0.087000,0.157000,0.196000,0.349000,0.029000,-0.104000
-0.076000,0.005000,0.080000,0.036000,-0.079000,0.042000,0.084000,0.154000,0.193000,0.327000,0.022000,-0.106000
-0.075000,0.005000,0.079000,0.035000,-0.077000,0.041000,0.085000,0.155000,0.190000,0.298000,0.019000,-0.112000
-0.075000,0.000000,0.075000,0.037000,-0.075000,0.037000,0.085000,0.155000,0.190000,0.275000,0.015000,-0.120000
-0.079000,-0.005000,0.075000,0.041000,-0.077000,0.035000,0.085000,0.151000,0.190000,0.263000,0.011000,-0.128000
-0.080000,-0.005000,0.075000,0.042000,-0.077000,0.035000,0.085000,0.149000,0.187000,0.251000,0.007000,-0.134000
-0.082000,-0.007000,0.075000,0.044000,-0.078000,0.034000,0.085000,0.151000,0.184000,0.241000,0.003000,-0.134000
-0.085000,-0.010000,0.075000,0.047000,-0.080000,0.032000,0.084000,0.149000,0.185000,0.232000,-0.001000,-0.137000
-0.085000,-0.010000,0.075000,0.047000,-0.080000,0.032000,0.080000,0.145000,0.185000,0.220000,-0.005000,-0.150000
-0.089000,-0.014000,0.075000,0.051000,-0.081000,0.030000,0.080000,0.145000,0.181000,0.208000,-0.009000,-0.155000
-0.092000,-0.017000,0.076000,0.054000,-0.083000,0.029000,0.080000,0.145000,0.179000,0.199000,-0.013000,-0.155000
-0.083000,-0.010000,0.073000,0.046000,-0.078000,0.031000,0.080000,0.145000,0.181000,0.191000,-0.017000,-0.155000
-0.084000,-0.015000,0.070000,0.050000,-0.077000,0.027000,0.080000,0.145000,0.179000,0.184000,-0.021000,-0.154000
-0.110000,-0.040000,0.070000,0.075000,-0.090000,0.015000,0.080000,0.145000,0.175000,0.180000,-0.025000,-0.155000
-0.107000,-0.037000,0.070000,0.072000,-0.088000,0.016000,0.078000,0.143000,0.175000,0.172000,-0.027000,-0.165000
-0.104000,-0.034000,0.070000,0.069000,-0.086000,0.017000,0.092000,0.161000,0.175000,0.167000,-0.015000,-0.153000
-0.105000,-0.035000,0.070000,0.070000,-0.087000,0.017000,0.104000,0.172000,0.175000,0.161000,-0.027000,-0.161000
-0.105000,-0.035000,0.070000,0.070000,-0.087000,0.017000,0.105000,0.162000,0.175000,0.154000,-0.054000,-0.188000
-0.105000,-0.035000,0.070000,0.070000,-0.087000,0.017000,0.105000,0.160000,0.175000,0.150000,-0.055000,-0.185000
-0.101000,-0.031000,0.070000,0.066000,-0.086000,0.020000,0.105000,0.177000,0.175000,0.146000,-0.055000,-0.185000
-0.096000,-0.030000,0.067000,0.063000,-0.082000,0.018000,0.107000,0.179000,0.175000,0.144000,-0.055000,-0.185000
-0.095000,-0.030000,0.064000,0.062000,-0.080000,0.017000,0.100000,0.174000,0.175000,0.146000,-0.055000,-0.185000
-0.095000,-0.030000,0.065000,0.062000,-0.080000,0.017000,0.097000,0.175000,0.175000,0.144000,-0.055000,-0.185000
-0.095000,-0.030000,0.065000,0.062000,-0.080000,0.017000,0.115000,0.175000,0.175000,0.140000,-0.055000,-0.185000
-0.095000,-0.030000,0.065000,0.062000,-0.080000,0.017000,0.120000,0.175000,0.175000,0.140000,-0.055000,-0.185000
-0.092000,-0.027000,0.065000,0.059000,-0.078000,0.019000,0.118000,0.178000,0.176000,0.141000,-0.058000,-0.185000
-0.089000,-0.024000,0.065000,0.056000,-0.077000,0.020000,0.125000,0.198000,0.186000,0.138000,-0.061000,-0.185000
-0.090000,-0.025000,0.065000,0.057000,-0.077000,0.020000,0.137000,0.217000,0.196000,0.135000,-0.060000,-0.185000
-0.090000,-0.025000,0.065000,0.057000,-0.077000,0.020000,0.140000,0.215000,0.195000,0.135000,-0.060000,-0.185000
-0.090000,-0.025000,0.065000,0.057000,-0.077000,0.020000,0.140000,0.215000,0.195000,0.135000,-0.060000,-0.186000
-0.088000,-0.026000,0.062000,0.057000,-0.075000,0.018000,0.141000,0.216000,0.196000,0.132000,-0.059000,-0.180000
-0.080000,-0.022000,0.058000,0.051000,-0.068000,0.018000,0.137000,0.213000,0.193000,0.129000,-0.064000,-0.186000
-0.067000,-0.013000,0.055000,0.040000,-0.060000,0.021000,0.145000,0.219000,0.200000,0.130000,-0.070000,-0.196000
-0.070000,-0.005000,0.065000,0.037000,-0.067000,0.030000,0.165000,0.235000,0.220000,0.130000,-0.065000,-0.190000
-0.102000,0.003000,0.105000,0.049000,-0.104000,0.054000,0.155000,0.233000,0.214000,0.126000,-0.061000,-0.190000
-0.124000,0.011000,0.134000,0.056000,-0.130000,0.072000,0.172000,0.255000,0.231000,0.124000,-0.057000,-0.190000
-0.122000,0.020000,0.141000,0.051000,-0.132000,0.080000,0.189000,0.277000,0.239000,0.126000,-0.053000,-0.190000
-0.114000,0.026000,0.140000,0.044000,-0.127000,0.082000,0.184000,0.282000,0.238000,0.124000,-0.049000,-0.189000
-0.105000,0.035000,0.140000,0.035000,-0.123000,0.087000,0.185000,0.290000,0.260000,0.120000,-0.045000,-0.185000
-0.079000,0.061000,0.141000,0.009000,-0.110000,0.100000,0.186000,0.283000,0.257000,0.120000,-0.043000,-0.185000
-0.078000,0.060000,0.137000,0.009000,-0.108000,0.098000,0.183000,0.273000,0.252000,0.121000,-0.055000,-0.185000
-0.107000,0.042000,0.149000,0.032000,-0.128000,0.096000,0.193000,0.285000,0.262000,0.118000,-0.060000,-0.185000
-0.126000,0.033000,0.159000,0.046000,-0.143000,0.096000,0.205000,0.300000,0.270000,0.115000,-0.053000,-0.184000
-0.115000,0.020000,0.135000,0.047000,-0.125000,0.077000,0.195000,0.285000,0.260000,0.115000,-0.055000,-0.180000
-0.106000,0.003000,0.109000,0.051000,-0.108000,0.056000,0.187000,0.273000,0.251000,0.115000,-0.077000,-0.180000
-0.070000,0.066000,0.136000,0.002000,-0.103000,0.101000,0.179000,0.261000,0.247000,0.114000,-0.072000,-0.180000
-0.070000,0.108000,0.178000,-0.019000,-0.125000,0.143000,0.173000,0.249000,0.242000,0.117000,-0.051000,-0.180000
-0.097000,0.093000,0.189000,0.002000,-0.144000,0.141000,0.159000,0.237000,0.233000,0.120000,-0.045000,-0.180000
-0.080000,0.095000,0.175000,-0.008000,-0.128000,0.135000,0.125000,0.225000,0.225000,0.120000,-0.060000,-0.180000
-0.071000,0.091000,0.162000,-0.010000,-0.117000,0.127000,0.095000,0.217000,0.221000,0.120000,-0.086000,-0.176000
-0.064000,0.090000,0.154000,-0.013000,-0.109000,0.122000,0.085000,0.206000,0.214000,0.120000,-0.089000,-0.175000
-0.056000,0.088000,0.145000,-0.016000,-0.101000,0.116000,0.084000,0.196000,0.206000,0.120000,-0.084000,-0.175000
-0.047000,0.084000,0.132000,-0.019000,-0.090000,0.108000,0.079000,0.187000,0.198000,0.120000,-0.085000,-0.175000
-0.035000,0.085000,0.120000,-0.025000,-0.078000,0.102000,0.075000,0.175000,0.190000,0.120000,-0.085000,-0.175000
-0.025000,0.086000,0.111000,-0.030000,-0.069000,0.098000,0.071000,0.167000,0.182000,0.124000,-0.085000,-0.171000
-0.029000,0.082000,0.111000,-0.026000,-0.070000,0.096000,0.070000,0.161000,0.173000,0.125000,-0.086000,-0.170000
-0.026000,0.080000,0.106000,-0.027000,-0.066000,0.093000,0.069000,0.160000,0.168000,0.126000,-0.083000,-0.170000
-0.039000,0.079000,0.118000,-0.020000,-0.079000,0.099000,0.064000,0.160000,0.163000,0.124000,-0.080000,-0.170000
-0.080000,0.075000,0.155000,0.002000,-0.118000,0.115000,0.060000,0.160000,0.155000,0.125000,-0.080000,-0.170000
-0.066000,0.075000,0.141000,-0.005000,-0.104000,0.108000,0.056000,0.160000,0.151000,0.147000,-0.080000,-0.170000
-0.052000,0.072000,0.124000,-0.010000,-0.088000,0.098000,0.051000,0.160000,0.147000,0.143000,-0.080000,-0.167000
-0.045000,0.069000,0.114000,-0.012000,-0.080000,0.091000,0.050000,0.160000,0.143000,0.149000,-0.080000,-0.164000
-0.032000,0.071000,0.102000,-0.020000,-0.067000,0.086000,0.049000,0.160000,0.139000,0.174000,-0.080000,-0.165000
-0.020000,0.070000,0.090000,-0.025000,-0.055000,0.080000,0.045000,0.160000,0.135000,0.175000,-0.080000,-0.165000
-0.009000,0.058000,0.067000,-0.025000,-0.038000,0.062000,0.045000,0.160000,0.131000,0.174000,-0.076000,-0.165000
0.008000,0.049000,0.041000,-0.028000,-0.017000,0.045000,0.045000,0.160000,0.127000,0.179000,-0.075000,-0.167000
0.019000,0.039000,0.020000,-0.029000,-0.001000,0.029000,0.045000,0.160000,0.123000,0.179000,-0.075000,-0.175000
0.028000,0.028000,0.000000,-0.028000,0.014000,0.013000,0.045000,0.160000,0.119000,0.183000,-0.075000,-0.180000
0.035000,0.020000,-0.015000,-0.027000,0.025000,0.002000,0.045000,0.160000,0.115000,0.195000,-0.075000,-0.175000
0.012000,0.008000,-0.004000,-0.010000,0.007000,0.002000,0.045000,0.156000,0.111000,0.189000,-0.075000,-0.175000
-0.008000,-0.001000,0.007000,0.005000,-0.008000,0.002000,0.049000,0.155000,0.110000,0.177000,-0.072000,-0.175000
-0.023000,-0.009000,0.014000,0.016000,-0.018000,0.002000,0.063000,0.155000,0.109000,0.192000,-0.069000,-0.175000
-0.039000,-0.016000,0.022000,0.027000,-0.030000,0.002000,0.077000,0.155000,0.104000,0.210000,-0.070000,-0.175000
-0.050000,-0.020000,0.030000,0.035000,-0.040000,0.005000,0.080000,0.155000,0.100000,0.195000,-0.070000,-0.175000
-0.061000,-0.024000,0.038000,0.042000,-0.049000,0.007000,0.079000,0.155000,0.096000,0.186000,-0.070000,-0.175000
-0.078000,-0.031000,0.047000,0.054000,-0.062000,0.008000,0.087000,0.155000,0.091000,0.179000,-0.071000,-0.175000
-0.088000,-0.039000,0.049000,0.063000,-0.068000,0.005000,0.105000,0.155000,0.090000,0.171000,-0.068000,-0.175000
-0.083000,-0.039000,0.044000,0.060000,-0.064000,0.002000,0.116000,0.155000,0.089000,0.163000,-0.075000,-0.175000
-0.090000,-0.045000,0.045000,0.067000,-0.067000,0.000000,0.110000,0.155000,0.085000,0.155000,-0.095000,-0.175000
-0.137000,-0.092000,0.045000,0.114000,-0.091000,-0.023000,0.110000,0.155000,0.085000,0.145000,-0.085000,-0.175000
-0.147000,-0.101000,0.045000,0.124000,-0.096000,-0.028000,0.110000,0.155000,0.082000,0.151000,-0.071000,-0.175000
-0.136000,-0.093000,0.043000,0.115000,-0.089000,-0.025000,0.110000,0.155000,0.079000,0.154000,-0.073000,-0.175000
-0.134000,-0.095000,0.040000,0.114000,-0.086000,-0.027000,0.110000,0.154000,0.080000,0.150000,-0.090000,-0.175000
-0.130000,-0.090000,0.040000,0.110000,-0.085000,-0.025000,0.110000,0.150000,0.080000,0.150000,-0.105000,-0.175000
-0.130000,-0.090000,0.040000,0.110000,-0.085000,-0.025000,0.110000,0.150000,0.076000,0.146000,-0.098000,-0.175000
-0.127000,-0.087000,0.040000,0.107000,-0.083000,-0.023000,0.110000,0.147000,0.074000,0.145000,-0.089000,-0.175000
-0.125000,-0.085000,0.040000,0.105000,-0.082000,-0.022000,0.110000,0.144000,0.076000,0.143000,-0.095000,-0.174000
-0.123000,-0.084000,0.039000,0.104000,-0.081000,-0.022000,0.110000,0.145000,0.074000,0.140000,-0.108000,-0.178000
-0.115000,-0.080000,0.035000,0.097000,-0.075000,-0.022000,0.110000,0.145000,0.070000,0.140000,-0.115000,-0.190000
-0.115000,-0.080000,0.035000,0.097000,-0.075000,-0.022000,0.110000,0.141000,0.070000,0.136000,-0.111000,-0.186000
-0.112000,-0.077000,0.035000,0.094000,-0.073000,-0.021000,0.111000,0.139000,0.071000,0.135000,-0.109000,-0.185000
-0.111000,-0.075000,0.036000,0.092000,-0.073000,-0.020000,0.108000,0.141000,0.068000,0.133000,-0.111000,-0.183000
-0.108000,-0.074000,0.034000,0.091000,-0.070000,-0.020000,0.105000,0.139000,0.065000,0.130000,-0.109000,-0.180000
-0.105000,-0.070000,0.035000,0.087000,-0.070000,-0.017000,0.105000,0.135000,0.065000,0.130000,-0.105000,-0.180000
-0.132000,-0.070000,0.062000,0.100000,-0.097000,-0.004000,0.105000,0.135000,0.061000,0.126000,-0.105000,-0.176000
-0.122000,-0.068000,0.054000,0.095000,-0.088000,-0.006000,0.105000,0.136000,0.059000,0.125000,-0.105000,-0.175000
-0.090000,-0.061000,0.029000,0.076000,-0.059000,-0.016000,0.105000,0.133000,0.061000,0.123000,-0.105000,-0.173000
-0.081000,-0.071000,0.010000,0.076000,-0.045000,-0.031000,0.105000,0.130000,0.059000,0.120000,-0.104000,-0.170000
-0.090000,-0.110000,-0.020000,0.100000,-0.035000,-0.065000,0.105000,0.130000,0.055000,0.120000,-0.100000,-0.170000
-0.081000,-0.134000,-0.053000,0.108000,-0.013000,-0.094000,0.105000,0.126000,0.055000,0.116000,-0.100000,-0.166000
-0.091000,-0.128000,-0.037000,0.110000,-0.027000,-0.082000,0.105000,0.124000,0.056000,0.115000,-0.100000,-0.165000
-0.120000,-0.115000,0.004000,0.118000,-0.062000,-0.055000,0.105000,0.126000,0.053000,0.113000,-0.100000,-0.163000
-0.127000,-0.107000,0.020000,0.117000,-0.074000,-0.044000,0.105000,0.124000,0.050000,0.110000,-0.099000,-0.160000
-0.110000,-0.095000,0.015000,0.102000,-0.062000,-0.040000,0.105000,0.120000,0.050000,0.110000,-0.095000,-0.160000
-0.119000,-0.087000,0.032000,0.103000,-0.075000,-0.027000,0.105000,0.120000,0.050000,0.106000,-0.095000,-0.156000
-0.105000,-0.076000,0.028000,0.090000,-0.066000,-0.024000,0.102000,0.121000,0.047000,0.105000,-0.096000,-0.155000
-0.079000,-0.064000,0.015000,0.072000,-0.047000,-0.025000,0.099000,0.118000,0.044000,0.103000,-0.093000,-0.154000
-0.068000,-0.060000,0.007000,0.064000,-0.037000,-0.026000,0.100000,0.115000,0.045000,0.099000,-0.090000,-0.149000
-0.060000,-0.065000,-0.005000,0.063000,-0.027000,-0.035000,0.100000,0.115000,0.045000,0.100000,-0.090000,-0.145000
-0.054000,-0.067000,-0.013000,0.061000,-0.021000,-0.040000,0.100000,0.115000,0.041000,0.101000,-0.090000,-0.141000
-0.063000,-0.086000,-0.024000,0.075000,-0.019000,-0.054000,0.100000,0.115000,0.040000,0.097000,-0.091000,-0.140000
-0.060000,-0.096000,-0.036000,0.078000,-0.012000,-0.065000,0.100000,0.114000,0.040000,0.095000,-0.088000,-0.139000
-0.049000,-0.089000,-0.040000,0.069000,-0.005000,-0.064000,0.100000,0.117000,0.040000,0.094000,-0.085000,-0.134000
-0.055000,-0.090000,-0.035000,0.073000,-0.010000,-0.062000,0.100000,0.125000,0.040000,0.090000,-0.085000,-0.130000
-0.055000,-0.091000,-0.035000,0.074000,-0.010000,-0.062000,0.100000,0.116000,0.039000,0.090000,-0.085000,-0.130000
-0.056000,-0.088000,-0.032000,0.072000,-0.012000,-0.060000,0.101000,0.126000,0.048000,0.087000,-0.086000,-0.128000
-0.068000,-0.098000,-0.030000,0.083000,-0.019000,-0.064000,0.097000,0.157000,0.063000,0.085000,-0.080000,-0.122000
-0.081000,-0.110000,-0.029000,0.096000,-0.026000,-0.070000,0.106000,0.232000,0.107000,0.084000,-0.067000,-0.120000
-0.075000,-0.100000,-0.025000,0.088000,-0.025000,-0.062000,0.145000,0.355000,0.195000,0.080000,-0.060000,-0.120000
-0.066000,-0.092000,-0.026000,0.079000,-0.020000,-0.058000,0.167000,0.412000,0.262000,0.080000,-0.052000,-0.104000
-0.067000,-0.084000,-0.017000,0.075000,-0.025000,-0.050000,0.143000,0.411000,0.271000,0.080000,-0.044000,-0.090000
-0.074000,-0.078000,-0.004000,0.075000,-0.035000,-0.040000,0.146000,0.402000,0.280000,0.082000,-0.036000,-0.079000
-0.073000,-0.065000,0.008000,0.068000,-0.040000,-0.028000,0.190000,0.398000,0.284000,0.085000,-0.028000,-0.067000
-0.055000,-0.035000,0.020000,0.045000,-0.037000,-0.007000,0.210000,0.355000,0.235000,0.085000,-0.020000,-0.055000
-0.037000,-0.005000,0.032000,0.021000,-0.035000,0.013000,0.191000,0.212000,0.200000,0.085000,-0.008000,-0.039000
-0.035000,0.007000,0.042000,0.014000,-0.039000,0.025000,0.169000,-0.024000,0.107000,0.085000,0.001000,-0.026000
-0.048000,0.014000,0.062000,0.017000,-0.055000,0.038000,0.148000,-0.299000,-0.029000,0.085000,0.009000,-0.014000
-0.063000,0.021000,0.084000,0.021000,-0.073000,0.053000,0.089000,-0.627000,-0.189000,0.085000,0.017000,-0.002000
-0.050000,0.040000,0.090000,0.005000,-0.070000,0.065000,-0.025000,-1.010000,-0.380000,0.085000,0.025000,0.010000
0.005000,0.092000,0.087000,-0.049000,-0.041000,0.089000,-0.145000,-1.332000,-0.566000,0.085000,0.047000,0.028000
0.021000,0.099000,0.078000,-0.060000,-0.029000,0.089000,-0.270000,-1.696000,-0.778000,0.085000,0.086000,0.068000
0.028000,0.118000,0.091000,-0.073000,-0.031000,0.104000,-0.400000,-2.109000,-1.035000,0.085000,0.152000,0.139000
0.067000,0.171000,0.104000,-0.120000,-0.019000,0.137000,-0.544000,-2.567000,-1.360000,0.085000,0.227000,0.218000
0.120000,0.205000,0.085000,-0.163000,0.017000,0.145000,-0.730000,-3.085000,-1.745000,0.085000,0.285000,0.285000
0.167000,0.237000,0.070000,-0.202000,0.048000,0.153000,-0.963000,-3.575000,-2.112000,0.085000,0.353000,0.353000
0.197000,0.232000,0.035000,-0.214000,0.081000,0.133000,-1.142000,-3.980000,-2.458000,0.085000,0.418000,0.420000
0.275000,0.211000,-0.064000,-0.242000,0.169000,0.073000,-1.324000,-4.353000,-2.805000,0.085000,0.467000,0.477000
0.392000,0.196000,-0.196000,-0.294000,0.294000,0.000000,-1.545000,-4.690000,-3.130000,0.085000,0.531000,0.547000
0.465000,0.180000,-0.285000,-0.322000,0.375000,-0.052000,-1.760000,-4.950000,-3.410000,0.085000,0.630000,0.645000
0.499000,0.167000,-0.332000,-0.333000,0.415000,-0.082000,-1.968000,-5.207000,-3.712000,0.089000,0.699000,0.722000
0.596000,0.159000,-0.438000,-0.377000,0.516000,-0.139000,-2.136000,-5.407000,-3.984000,0.090000,0.773000,0.803000
0.699000,0.151000,-0.548000,-0.425000,0.623000,-0.198000,-2.285000,-5.555000,-4.205000,0.091000,0.872000,0.900000
0.777000,0.142000,-0.635000,-0.460000,0.705000,-0.246000,-2.429000,-5.652000,-4.379000,0.088000,0.992000,1.016000
0.875000,0.140000,-0.735000,-0.507000,0.805000,-0.297000,-2.545000,-5.675000,-4.495000,0.090000,1.120000,1.145000
0.955000,0.166000,-0.788000,-0.560000,0.871000,-0.311000,-2.635000,-5.658000,-4.561000,0.141000,1.230000,1.258000
1.007000,0.200000,-0.808000,-0.603000,0.907000,-0.304000,-2.709000,-5.654000,-4.654000,0.186000,1.327000,1.362000
1.070000,0.245000,-0.826000,-0.657000,0.948000,-0.290000,-2.733000,-5.603000,-4.712000,0.195000,1.406000,1.452000
1.122000,0.270000,-0.851000,-0.696000,0.987000,-0.290000,-2.725000,-5.510000,-4.726000,0.207000,1.453000,1.511000
1.135000,0.260000,-0.875000,-0.697000,1.005000,-0.307000,-2.725000,-5.455000,-4.775000,0.250000,1.460000,1.530000
1.178000,0.285000,-0.893000,-0.731000,1.036000,-0.303000,-2.690000,-5.405000,-4.822000,0.266000,1.440000,1.519000
1.180000,0.285000,-0.895000,-0.732000,1.038000,-0.305000,-2.656000,-5.294000,-4.803000,0.258000,1.423000,1.509000
1.183000,0.268000,-0.915000,-0.725000,1.048000,-0.323000,-2.620000,-5.147000,-4.762000,0.255000,1.403000,1.499000
1.220000,0.257000,-0.963000,-0.738000,1.091000,-0.353000,-2.582000,-5.024000,-4.731000,0.243000,1.372000,1.488000
1.250000,0.245000,-1.005000,-0.747000,1.127000,-0.380000,-2.545000,-4.925000,-4.675000,0.205000,1.345000,1.480000
1.257000,0.240000,-1.017000,-0.749000,1.136000,-0.388000,-2.485000,-4.792000,-4.585000,0.175000,1.329000,1.468000
1.240000,0.202000,-1.038000,-0.721000,1.138000,-0.418000,-2.430000,-4.644000,-4.485000,0.118000,1.313000,1.458000
1.193000,0.152000,-1.042000,-0.672000,1.117000,-0.445000,-2.345000,-4.478000,-4.367000,0.042000,1.297000,1.454000
1.183000,0.109000,-1.074000,-0.645000,1.128000,-0.482000,-2.243000,-4.312000,-4.241000,-0.044000,1.281000,1.455000
1.225000,0.060000,-1.165000,-0.642000,1.195000,-0.552000,-2.180000,-4.175000,-4.135000,-0.175000,1.265000,1.455000
1.175000,0.009000,-1.166000,-0.592000,1.171000,-0.578000,-2.122000,-4.038000,-4.020000,-0.370000,1.260000,1.454000
1.138000,-0.015000,-1.154000,-0.561000,1.146000,-0.584000,-2.045000,-3.879000,-3.868000,-0.596000,1.260000,1.458000
1.132000,-0.025000,-1.157000,-0.553000,1.145000,-0.591000,-1.971000,-3.727000,-3.737000,-0.823000,1.260000,1.444000
1.131000,-0.039000,-1.170000,-0.545000,1.151000,-0.605000,-1.900000,-3.572000,-3.614000,-1.055000,1.260000,1.440000
1.140000,-0.055000,-1.195000,-0.542000,1.168000,-0.625000,-1.810000,-3.385000,-3.445000,-1.290000,1.260000,1.475000
1.143000,-0.065000,-1.208000,-0.538000,1.176000,-0.636000,-1.728000,-3.197000,-3.272000,-1.491000,1.269000,1.476000
1.082000,-0.092000,-1.174000,-0.494000,1.128000,-0.633000,-1.626000,-2.971000,-3.032000,-1.691000,1.303000,1.485000
1.008000,-0.111000,-1.118000,-0.448000,1.063000,-0.615000,-1.516000,-2.733000,-2.778000,-1.881000,1.343000,1.517000
0.976000,-0.109000,-1.085000,-0.433000,1.030000,-0.597000,-1.416000,-2.519000,-2.564000,-2.034000,1.352000,1.528000
0.965000,-0.115000,-1.080000,-0.425000,1.023000,-0.597000,-1.325000,-2.335000,-2.390000,-2.140000,1.325000,1.500000
0.932000,-0.146000,-1.078000,-0.392000,1.006000,-0.612000,-1.245000,-2.184000,-2.264000,-2.204000,1.301000,1.480000
0.880000,-0.176000,-1.056000,-0.352000,0.968000,-0.616000,-1.164000,-2.016000,-2.106000,-2.245000,1.271000,1.452000
0.836000,-0.190000,-1.026000,-0.324000,0.932000,-0.607000,-1.074000,-1.818000,-1.926000,-2.302000,1.240000,1.419000
0.817000,-0.189000,-1.006000,-0.314000,0.912000,-0.598000,-0.992000,-1.626000,-1.760000,-2.361000,1.213000,1.386000
0.805000,-0.190000,-0.995000,-0.307000,0.900000,-0.592000,-0.925000,-1.470000,-1.610000,-2.410000,1.185000,1.345000
0.776000,-0.207000,-0.984000,-0.285000,0.880000,-0.595000,-0.841000,-1.317000,-1.465000,-2.514000,1.158000,1.306000
0.759000,-0.210000,-0.969000,-0.274000,0.864000,-0.589000,-0.768000,-1.176000,-1.330000,-2.631000,1.117000,1.250000
0.750000,-0.215000,-0.965000,-0.267000,0.858000,-0.589000,-0.714000,-1.060000,-1.215000,-2.719000,1.029000,1.162000
0.727000,-0.218000,-0.945000,-0.254000,0.836000,-0.581000,-0.643000,-0.924000,-1.088000,-2.779000,0.921000,1.061000
0.680000,-0.200000,-0.880000,-0.240000,0.780000,-0.540000,-0.550000,-0.750000,-0.935000,-2.830000,0.835000,0.970000
0.631000,-0.188000,-0.818000,-0.221000,0.725000,-0.503000,-0.496000,-0.630000,-0.825000,-2.858000,0.730000,0.864000
0.590000,-0.178000,-0.768000,-0.206000,0.680000,-0.473000,-0.414000,-0.496000,-0.719000,-2.857000,0.604000,0.738000
0.514000,-0.208000,-0.721000,-0.152000,0.618000,-0.465000,-0.338000,-0.363000,-0.615000,-2.859000,0.463000,0.585000
0.422000,-0.251000,-0.673000,-0.085000,0.548000,-0.462000,-0.277000,-0.243000,-0.512000,-2.845000,0.349000,0.455000
0.375000,-0.250000,-0.625000,-0.062000,0.500000,-0.437000,-0.200000,-0.110000,-0.395000,-2.785000,0.275000,0.370000
0.331000,-0.250000,-0.581000,-0.041000,0.456000,-0.415000,-0.142000,0.002000,-0.299000,-2.736000,0.150000,0.237000
0.289000,-0.250000,-0.539000,-0.019000,0.414000,-0.395000,-0.092000,0.083000,-0.232000,-2.652000,0.047000,0.131000
0.252000,-0.250000,-0.502000,-0.001000,0.377000,-0.376000,-0.038000,0.145000,-0.179000,-2.535000,-0.071000,0.015000
0.215000,-0.250000,-0.465000,0.018000,0.340000,-0.357000,0.020000,0.223000,-0.109000,-2.433000,-0.186000,-0.103000
0.175000,-0.250000,-0.425000,0.038000,0.300000,-0.337000,0.070000,0.320000,-0.020000,-2.350000,-0.250000,-0.175000
0.136000,-0.250000,-0.386000,0.058000,0.261000,-0.318000,0.094000,0.383000,0.041000,-2.233000,-0.352000,-0.273000
0.090000,-0.248000,-0.337000,0.079000,0.214000,-0.292000,0.161000,0.468000,0.101000,-2.131000,-0.418000,-0.340000
0.040000,-0.243000,-0.283000,0.101000,0.162000,-0.262000,0.228000,0.555000,0.155000,-1.984000,-0.484000,-0.413000
-0.015000,-0.249000,-0.234000,0.132000,0.110000,-0.241000,0.273000,0.630000,0.204000,-1.789000,-0.560000,-0.497000
-0.070000,-0.265000,-0.195000,0.168000,0.063000,-0.230000,0.330000,0.710000,0.265000,-1.630000,-0.595000,-0.535000
-0.103000,-0.258000,-0.155000,0.181000,0.026000,-0.206000,0.379000,0.775000,0.328000,-1.508000,-0.615000,-0.550000
-0.129000,-0.248000,-0.119000,0.189000,-0.004000,-0.184000,0.424000,0.840000,0.398000,-1.436000,-0.636000,-0.574000
-0.149000,-0.241000,-0.093000,0.195000,-0.028000,-0.167000,0.464000,0.910000,0.472000,-1.365000,-0.652000,-0.589000
-0.173000,-0.233000,-0.060000,0.203000,-0.056000,-0.146000,0.490000,0.966000,0.532000,-1.262000,-0.663000,-0.592000
-0.215000,-0.225000,-0.010000,0.220000,-0.102000,-0.117000,0.505000,1.005000,0.575000,-1.150000,-0.675000,-0.600000
-0.251000,-0.217000,0.034000,0.234000,-0.142000,-0.091000,0.529000,1.062000,0.632000,-1.049000,-0.676000,-0.593000
-0.290000,-0.209000,0.081000,0.249000,-0.185000,-0.064000,0.554000,1.106000,0.677000,-0.956000,-0.675000,-0.584000
-0.360000,-0.202000,0.158000,0.281000,-0.259000,-0.022000,0.592000,1.163000,0.729000,-0.882000,-0.675000,-0.576000
-0.417000,-0.200000,0.217000,0.308000,-0.317000,0.009000,0.625000,1.220000,0.779000,-0.827000,-0.675000,-0.568000
-0.410000,-0.200000,0.210000,0.305000,-0.310000,0.005000,0.630000,1.240000,0.795000,-0.765000,-0.675000,-0.560000
-0.410000,-0.200000,0.209000,0.305000,-0.309000,0.004000,0.647000,1.261000,0.812000,-0.685000,-0.675000,-0.552000
-0.407000,-0.197000,0.210000,0.302000,-0.309000,0.006000,0.682000,1.303000,0.855000,-0.615000,-0.675000,-0.544000
-0.404000,-0.194000,0.210000,0.299000,-0.307000,0.007000,0.698000,1.326000,0.883000,-0.556000,-0.675000,-0.537000
-0.405000,-0.195000,0.210000,0.300000,-0.307000,0.007000,0.695000,1.326000,0.888000,-0.493000,-0.675000,-0.535000
-0.405000,-0.195000,0.210000,0.300000,-0.307000,0.007000,0.705000,1.350000,0.910000,-0.425000,-0.675000,-0.535000
-0.402000,-0.191000,0.211000,0.296000,-0.306000,0.010000,0.722000,1.393000,0.939000,-0.361000,-0.675000,-0.531000
-0.395000,-0.189000,0.205000,0.292000,-0.300000,0.008000,0.728000,1.404000,0.956000,-0.298000,-0.675000,-0.530000
-0.417000,-0.191000,0.227000,0.304000,-0.322000,0.018000,0.734000,1.415000,0.964000,-0.248000,-0.675000,-0.530000
-0.439000,-0.189000,0.250000,0.314000,-0.345000,0.030000,0.741000,1.439000,0.973000,-0.210000,-0.675000,-0.539000
-0.405000,-0.185000,0.220000,0.295000,-0.312000,0.017000,0.740000,1.450000,0.985000,-0.170000,-0.675000,-0.560000
-0.377000,-0.185000,0.192000,0.281000,-0.284000,0.004000,0.744000,1.472000,0.999000,-0.134000,-0.675000,-0.566000
-0.415000,-0.186000,0.230000,0.300000,-0.322000,0.022000,0.778000,1.508000,1.030000,-0.099000,-0.673000,-0.563000
-0.449000,-0.183000,0.266000,0.316000,-0.358000,0.041000,0.801000,1.536000,1.055000,-0.060000,-0.681000,-0.571000
-0.443000,-0.180000,0.263000,0.311000,-0.353000,0.041000,0.801000,1.548000,1.069000,-0.020000,-0.699000,-0.581000
-0.435000,-0.180000,0.255000,0.307000,-0.345000,0.037000,0.815000,1.565000,1.095000,0.020000,-0.710000,-0.580000
-0.428000,-0.180000,0.247000,0.304000,-0.338000,0.033000,0.826000,1.591000,1.123000,0.063000,-0.712000,-0.586000
-0.418000,-0.177000,0.241000,0.297000,-0.329000,0.032000,0.816000,1.595000,1.120000,0.111000,-0.733000,-0.608000
-0.464000,-0.174000,0.290000,0.319000,-0.376000,0.058000,0.827000,1.619000,1.134000,0.158000,-0.734000,-0.611000
-0.520000,-0.175000,0.345000,0.348000,-0.432000,0.084000,0.845000,1.655000,1.165000,0.209000,-0.728000,-0.609000
-0.500000,-0.175000,0.325000,0.337000,-0.412000,0.075000,0.840000,1.665000,1.175000,0.260000,-0.750000,-0.635000
-0.482000,-0.171000,0.312000,0.326000,-0.397000,0.071000,0.872000,1.702000,1.203000,0.284000,-0.737000,-0.622000
-0.473000,-0.170000,0.303000,0.321000,-0.388000,0.066000,0.888000,1.716000,1.221000,0.319000,-0.745000,-0.631000
-0.453000,-0.168000,0.285000,0.310000,-0.369000,0.058000,0.882000,1.718000,1.229000,0.357000,-0.775000,-0.658000
-0.449000,-0.165000,0.285000,0.307000,-0.367000,0.060000,0.889000,1.736000,1.247000,0.398000,-0.791000,-0.671000
-0.500000,-0.165000,0.335000,0.332000,-0.417000,0.085000,0.915000,1.765000,1.280000,0.455000,-0.785000,-0.665000
-0.565000,-0.161000,0.404000,0.362000,-0.485000,0.121000,0.933000,1.791000,1.306000,0.478000,-0.782000,-0.659000
-0.580000,-0.160000,0.420000,0.370000,-0.500000,0.130000,0.937000,1.798000,1.316000,0.486000,-0.801000,-0.668000
-0.572000,-0.159000,0.413000,0.365000,-0.493000,0.126000,0.932000,1.809000,1.327000,0.509000,-0.811000,-0.679000
-0.577000,-0.162000,0.415000,0.369000,-0.496000,0.126000,0.939000,1.838000,1.352000,0.534000,-0.803000,-0.680000
-0.590000,-0.175000,0.415000,0.382000,-0.502000,0.120000,0.960000,1.860000,1.375000,0.535000,-0.805000,-0.685000
-0.600000,-0.185000,0.415000,0.392000,-0.507000,0.115000,0.959000,1.863000,1.373000,0.534000,-0.827000,-0.706000
-0.595000,-0.180000,0.414000,0.387000,-0.504000,0.117000,0.974000,1.878000,1.394000,0.540000,-0.829000,-0.712000
-0.588000,-0.171000,0.417000,0.379000,-0.502000,0.123000,0.992000,1.901000,1.422000,0.551000,-0.825000,-0.709000
-0.583000,-0.172000,0.411000,0.377000,-0.497000,0.119000,1.004000,1.919000,1.440000,0.563000,-0.823000,-0.710000
-0.565000,-0.190000,0.375000,0.377000,-0.470000,0.092000,1.020000,1.930000,1.460000,0.570000,-0.820000,-0.710000
-0.543000,-0.209000,0.335000,0.376000,-0.439000,0.063000,1.017000,1.923000,1.466000,0.574000,-0.843000,-0.709000
-0.607000,-0.203000,0.404000,0.405000,-0.505000,0.101000,1.014000,1.912000,1.462000,0.580000,-0.862000,-0.720000
-0.641000,-0.190000,0.451000,0.415000,-0.546000,0.131000,1.015000,1.929000,1.474000,0.593000,-0.864000,-0.725000
-0.600000,-0.183000,0.417000,0.391000,-0.508000,0.117000,1.015000,1.952000,1.494000,0.608000,-0.859000,-0.719000
-0.585000,-0.175000,0.410000,0.380000,-0.497000,0.117000,1.015000,1.945000,1.500000,0.615000,-0.855000,-0.715000
-0.607000,-0.163000,0.444000,0.384000,-0.525000,0.140000,1.015000,1.941000,1.507000,0.618000,-0.851000,-0.711000
-0.639000,-0.154000,0.485000,0.396000,-0.562000,0.166000,1.012000,1.937000,1.520000,0.632000,-0.847000,-0.707000
-0.654000,-0.146000,0.508000,0.400000,-0.581000,0.181000,1.009000,1.933000,1.527000,0.629000,-0.843000,-0.703000
-0.647000,-0.138000,0.509000,0.392000,-0.578000,0.186000,1.010000,1.929000,1.533000,0.630000,-0.839000,-0.699000
-0.630000,-0.130000,0.500000,0.380000,-0.565000,0.185000,1.010000,1.925000,1.540000,0.660000,-0.840000,-0.700000
-0.617000,-0.126000,0.491000,0.372000,-0.554000,0.182000,1.010000,1.923000,1.529000,0.651000,-0.854000,-0.710000
-0.612000,-0.119000,0.493000,0.365000,-0.552000,0.187000,1.011000,1.939000,1.551000,0.667000,-0.846000,-0.700000
-0.622000,-0.113000,0.509000,0.368000,-0.566000,0.198000,1.005000,1.940000,1.566000,0.684000,-0.826000,-0.683000
-0.629000,-0.108000,0.521000,0.368000,-0.575000,0.206000,0.993000,1.921000,1.552000,0.678000,-0.811000,-0.671000
-0.615000,-0.100000,0.515000,0.357000,-0.565000,0.207000,0.985000,1.910000,1.545000,0.680000,-0.795000,-0.655000
-0.611000,-0.096000,0.515000,0.353000,-0.563000,0.209000,0.973000,1.886000,1.541000,0.700000,-0.783000,-0.643000
-0.601000,-0.089000,0.512000,0.345000,-0.556000,0.211000,0.964000,1.865000,1.535000,0.717000,-0.768000,-0.628000
-0.592000,-0.082000,0.509000,0.337000,-0.550000,0.213000,0.954000,1.845000,1.525000,0.718000,-0.754000,-0.615000
-0.590000,-0.079000,0.510000,0.335000,-0.550000,0.215000,0.943000,1.826000,1.519000,0.716000,-0.741000,-0.600000
-0.585000,-0.075000,0.510000,0.330000,-0.547000,0.217000,0.935000,1.810000,1.515000,0.730000,-0.720000,-0.575000
-0.573000,-0.067000,0.506000,0.319000,-0.539000,0.219000,0.919000,1.783000,1.503000,0.753000,-0.704000,-0.555000
-0.567000,-0.061000,0.505000,0.313000,-0.536000,0.222000,0.906000,1.753000,1.494000,0.751000,-0.688000,-0.535000
-0.562000,-0.058000,0.503000,0.310000,-0.532000,0.222000,0.892000,1.730000,1.486000,0.757000,-0.672000,-0.517000
-0.553000,-0.053000,0.499000,0.303000,-0.526000,0.223000,0.877000,1.717000,1.479000,0.780000,-0.655000,-0.501000
-0.545000,-0.045000,0.500000,0.295000,-0.522000,0.227000,0.865000,1.700000,1.470000,0.795000,-0.635000,-0.485000
-0.537000,-0.037000,0.501000,0.287000,-0.519000,0.231000,0.841000,1.661000,1.443000,0.813000,-0.619000,-0.470000
-0.526000,-0.029000,0.497000,0.277000,-0.511000,0.234000,0.820000,1.620000,1.413000,0.812000,-0.600000,-0.447000
-0.516000,-0.021000,0.495000,0.268000,-0.505000,0.237000,0.800000,1.580000,1.389000,0.798000,-0.581000,-0.426000
-0.507000,-0.013000,0.494000,0.260000,-0.500000,0.241000,0.781000,1.541000,1.371000,0.799000,-0.557000,-0.403000
-0.495000,-0.005000,0.490000,0.250000,-0.492000,0.242000,0.765000,1.505000,1.355000,0.820000,-0.520000,-0.365000
-0.488000,0.002000,0.490000,0.243000,-0.489000,0.245000,0.734000,1.457000,1.324000,0.824000,-0.487000,-0.328000
-0.472000,0.019000,0.491000,0.227000,-0.482000,0.254000,0.702000,1.411000,1.290000,0.833000,-0.461000,-0.298000
-0.464000,0.024000,0.488000,0.220000,-0.477000,0.256000,0.679000,1.371000,1.262000,0.845000,-0.440000,-0.273000
-0.473000,0.012000,0.484000,0.230000,-0.479000,0.248000,0.660000,1.338000,1.240000,0.852000,-0.410000,-0.240000
-0.475000,0.010000,0.485000,0.232000,-0.480000,0.247000,0.640000,1.305000,1.215000,0.860000,-0.360000,-0.190000
-0.453000,0.035000,0.488000,0.209000,-0.471000,0.261000,0.615000,1.257000,1.183000,0.857000,-0.313000,-0.143000
-0.416000,0.045000,0.461000,0.186000,-0.439000,0.252000,0.596000,1.213000,1.152000,0.850000,-0.296000,-0.122000
-0.374000,0.047000,0.421000,0.163000,-0.398000,0.234000,0.569000,1.162000,1.114000,0.870000,-0.294000,-0.118000
-0.355000,0.040000,0.395000,0.158000,-0.376000,0.217000,0.531000,1.100000,1.069000,0.890000,-0.279000,-0.104000
-0.360000,0.025000,0.385000,0.167000,-0.373000,0.205000,0.500000,1.045000,1.030000,0.880000,-0.245000,-0.070000
-0.319000,0.058000,0.377000,0.130000,-0.348000,0.218000,0.479000,1.004000,1.000000,0.896000,-0.213000,-0.038000
-0.305000,0.064000,0.370000,0.120000,-0.338000,0.217000,0.466000,0.970000,0.981000,0.900000,-0.182000,-0.005000
-0.311000,0.048000,0.359000,0.131000,-0.335000,0.204000,0.435000,0.923000,0.939000,0.890000,-0.146000,0.038000
-0.292000,0.055000,0.348000,0.119000,-0.320000,0.201000,0.382000,0.859000,0.874000,0.893000,-0.132000,0.059000
-0.255000,0.085000,0.340000,0.085000,-0.298000,0.212000,0.340000,0.800000,0.820000,0.910000,-0.150000,0.045000
-0.233000,0.099000,0.332000,0.067000,-0.283000,0.216000,0.322000,0.759000,0.787000,0.911000,-0.120000,0.075000
-0.224000,0.097000,0.321000,0.063000,-0.273000,0.209000,0.313000,0.724000,0.760000,0.909000,-0.086000,0.109000
-0.214000,0.095000,0.308000,0.059000,-0.262000,0.201000,0.294000,0.684000,0.728000,0.910000,-0.065000,0.130000
-0.204000,0.094000,0.298000,0.055000,-0.251000,0.196000,0.269000,0.639000,0.691000,0.909000,-0.045000,0.150000
-0.200000,0.090000,0.290000,0.055000,-0.245000,0.190000,0.250000,0.600000,0.655000,0.910000,-0.025000,0.170000
-0.188000,0.090000,0.278000,0.048000,-0.233000,0.184000,0.230000,0.564000,0.622000,0.919000,-0.008000,0.186000
-0.178000,0.087000,0.265000,0.046000,-0.222000,0.176000,0.210000,0.531000,0.595000,0.912000,0.004000,0.204000
-0.171000,0.085000,0.256000,0.043000,-0.214000,0.170000,0.191000,0.499000,0.563000,0.900000,0.018000,0.226000
-0.163000,0.084000,0.247000,0.039000,-0.206000,0.165000,0.177000,0.467000,0.525000,0.893000,0.033000,0.242000
-0.155000,0.080000,0.235000,0.037000,-0.195000,0.157000,0.165000,0.435000,0.490000,0.885000,0.045000,0.250000
-0.147000,0.080000,0.227000,0.033000,-0.187000,0.153000,0.153000,0.406000,0.462000,0.873000,0.061000,0.270000
-0.139000,0.081000,0.220000,0.029000,-0.179000,0.150000,0.141000,0.382000,0.434000,0.864000,0.073000,0.287000
-0.131000,0.078000,0.209000,0.026000,-0.170000,0.143000,0.127000,0.357000,0.407000,0.856000,0.074000,0.289000
-0.123000,0.075000,0.198000,0.024000,-0.161000,0.136000,0.111000,0.328000,0.384000,0.848000,0.069000,0.285000
-0.115000,0.075000,0.190000,0.020000,-0.153000,0.132000,0.095000,0.300000,0.360000,0.840000,0.065000,0.285000
-0.111000,0.071000,0.182000,0.020000,-0.147000,0.126000,0.079000,0.276000,0.332000,0.836000,0.061000,0.281000
-0.103000,0.070000,0.174000,0.017000,-0.138000,0.122000,0.065000,0.251000,0.306000,0.828000,0.056000,0.280000
-0.099000,0.068000,0.168000,0.015000,-0.134000,0.118000,0.055000,0.232000,0.286000,0.824000,0.055000,0.278000
-0.099000,0.065000,0.164000,0.017000,-0.132000,0.114000,0.049000,0.223000,0.271000,0.816000,0.054000,0.274000
-0.095000,0.065000,0.160000,0.015000,-0.128000,0.112000,0.045000,0.215000,0.255000,0.790000,0.050000,0.275000
-0.095000,0.061000,0.156000,0.017000,-0.126000,0.108000,0.041000,0.207000,0.239000,0.765000,0.046000,0.276000
-0.093000,0.059000,0.152000,0.017000,-0.122000,0.106000,0.034000,0.196000,0.222000,0.749000,0.042000,0.272000
-0.087000,0.061000,0.148000,0.013000,-0.118000,0.104000,0.027000,0.185000,0.210000,0.744000,0.037000,0.270000
-0.085000,0.059000,0.144000,0.013000,-0.115000,0.101000,0.024000,0.178000,0.203000,0.728000,0.035000,0.269000
-0.090000,0.050000,0.140000,0.020000,-0.115000,0.095000,0.020000,0.170000,0.195000,0.685000,0.035000,0.265000
-0.094000,0.042000,0.136000,0.026000,-0.115000,0.089000,0.016000,0.162000,0.187000,0.647000,0.027000,0.265000
-0.097000,0.034000,0.131000,0.031000,-0.114000,0.082000,0.015000,0.157000,0.179000,0.626000,0.021000,0.262000
-0.106000,0.026000,0.132000,0.040000,-0.119000,0.079000,0.015000,0.153000,0.171000,0.614000,0.018000,0.259000
-0.107000,0.018000,0.125000,0.044000,-0.116000,0.072000,0.015000,0.149000,0.163000,0.602000,0.014000,0.260000
-0.080000,0.010000,0.090000,0.035000,-0.085000,0.050000,0.015000,0.145000,0.155000,0.590000,0.010000,0.260000
-0.055000,0.002000,0.056000,0.027000,-0.056000,0.029000,0.015000,0.141000,0.147000,0.579000,0.006000,0.256000
-0.039000,-0.003000,0.036000,0.021000,-0.037000,0.016000,0.015000,0.137000,0.142000,0.558000,0.003000,0.252000
-0.018000,-0.007000,0.011000,0.012000,-0.014000,0.002000,0.015000,0.133000,0.136000,0.533000,-0.004000,0.248000
-0.014000,-0.010000,0.004000,0.012000,-0.009000,-0.003000,0.015000,0.130000,0.129000,0.509000,-0.011000,0.245000
-0.055000,-0.010000,0.045000,0.032000,-0.050000,0.017000,0.015000,0.130000,0.125000,0.485000,-0.015000,0.245000
-0.099000,-0.014000,0.085000,0.056000,-0.091000,0.035000,0.015000,0.130000,0.117000,0.465000,-0.019000,0.241000
-0.108000,-0.018000,0.090000,0.063000,-0.099000,0.035000,0.015000,0.131000,0.112000,0.447000,-0.023000,0.236000
-0.103000,-0.021000,0.082000,0.062000,-0.093000,0.030000,0.015000,0.128000,0.108000,0.434000,-0.027000,0.235000
-0.097000,-0.018000,0.079000,0.058000,-0.088000,0.031000,0.015000,0.125000,0.105000,0.421000,-0.031000,0.234000
-0.090000,-0.015000,0.075000,0.052000,-0.082000,0.030000,0.015000,0.125000,0.105000,0.400000,-0.035000,0.230000
-0.102000,-0.032000,0.071000,0.067000,-0.086000,0.019000,0.015000,0.125000,0.105000,0.380000,-0.034000,0.225000
-0.104000,-0.034000,0.070000,0.069000,-0.087000,0.018000,0.015000,0.125000,0.105000,0.358000,-0.043000,0.225000
-0.097000,-0.029000,0.069000,0.063000,-0.083000,0.020000,0.015000,0.125000,0.105000,0.332000,-0.054000,0.223000
-0.094000,-0.030000,0.064000,0.062000,-0.079000,0.016000,0.015000,0.124000,0.105000,0.310000,-0.062000,0.220000
-0.090000,-0.030000,0.060000,0.060000,-0.075000,0.015000,0.015000,0.120000,0.105000,0.295000,-0.070000,0.220000
-0.086000,-0.030000,0.056000,0.058000,-0.071000,0.013000,0.015000,0.120000,0.105000,0.283000,-0.066000,0.220000
-0.082000,-0.030000,0.051000,0.056000,-0.066000,0.010000,0.015000,0.120000,0.105000,0.268000,-0.065000,0.220000
-0.080000,-0.029000,0.051000,0.054000,-0.065000,0.011000,0.015000,0.120000,0.105000,0.253000,-0.064000,0.220000
-0.080000,-0.032000,0.048000,0.056000,-0.064000,0.008000,0.015000,0.119000,0.105000,0.243000,-0.068000,0.219000
-0.080000,-0.045000,0.035000,0.062000,-0.057000,-0.005000,0.015000,0.115000,0.105000,0.235000,-0.080000,0.215000
-0.081000,-0.054000,0.026000,0.067000,-0.053000,-0.014000,0.015000,0.115000,0.105000,0.227000,-0.077000,0.215000
-0.073000,-0.052000,0.020000,0.062000,-0.046000,-0.016000,0.015000,0.115000,0.102000,0.219000,-0.069000,0.215000
-0.057000,-0.049000,0.007000,0.052000,-0.032000,-0.020000,0.015000,0.116000,0.099000,0.211000,-0.078000,0.215000
-0.060000,-0.050000,0.010000,0.055000,-0.035000,-0.020000,0.015000,0.114000,0.100000,0.203000,-0.091000,0.215000
-0.100000,-0.050000,0.050000,0.075000,-0.075000,0.000000,0.015000,0.115000,0.100000,0.195000,-0.085000,0.215000
-0.136000,-0.050000,0.086000,0.093000,-0.111000,0.018000,0.015000,0.136000,0.100000,0.187000,-0.085000,0.215000
-0.140000,-0.050000,0.090000,0.095000,-0.115000,0.020000,0.015000,0.140000,0.100000,0.179000,-0.084000,0.212000
-0.132000,-0.050000,0.082000,0.090000,-0.107000,0.015000,0.016000,0.131000,0.100000,0.172000,-0.091000,0.209000
-0.130000,-0.050000,0.080000,0.090000,-0.105000,0.015000,0.022000,0.140000,0.100000,0.169000,-0.101000,0.210000
-0.130000,-0.050000,0.080000,0.090000,-0.105000,0.015000,0.030000,0.165000,0.100000,0.165000,-0.100000,0.210000
-0.126000,-0.050000,0.076000,0.087000,-0.101000,0.012000,0.034000,0.162000,0.100000,0.157000,-0.100000,0.210000
-0.125000,-0.050000,0.075000,0.087000,-0.100000,0.012000,0.042000,0.156000,0.100000,0.152000,-0.101000,0.211000
-0.124000,-0.050000,0.074000,0.087000,-0.099000,0.012000,0.044000,0.153000,0.100000,0.148000,-0.098000,0.208000
-0.119000,-0.050000,0.069000,0.084000,-0.094000,0.009000,0.039000,0.149000,0.100000,0.144000,-0.103000,0.205000
-0.115000,-0.050000,0.065000,0.082000,-0.090000,0.007000,0.040000,0.145000,0.100000,0.140000,-0.120000,0.205000
-0.115000,-0.050000,0.065000,0.082000,-0.090000,0.007000,0.041000,0.141000,0.096000,0.136000,-0.124000,0.205000
-0.111000,-0.050000,0.061000,0.081000,-0.086000,0.006000,0.037000,0.138000,0.095000,0.132000,-0.134000,0.205000
-0.111000,-0.050000,0.061000,0.081000,-0.086000,0.006000,0.035000,0.147000,0.094000,0.128000,-0.144000,0.205000
-0.107000,-0.050000,0.057000,0.079000,-0.082000,0.004000,0.034000,0.163000,0.089000,0.125000,-0.145000,0.205000
-0.100000,-0.050000,0.050000,0.075000,-0.075000,0.000000,0.035000,0.170000,0.090000,0.125000,-0.145000,0.205000
-0.122000,-0.050000,0.072000,0.085000,-0.097000,0.010000,0.057000,0.184000,0.107000,0.121000,-0.145000,0.209000
-0.117000,-0.050000,0.068000,0.083000,-0.092000,0.008000,0.052000,0.181000,0.109000,0.117000,-0.145000,0.210000
-0.095000,-0.051000,0.043000,0.073000,-0.069000,-0.004000,0.060000,0.188000,0.119000,0.113000,-0.145000,0.210000
-0.093000,-0.048000,0.045000,0.070000,-0.069000,-0.001000,0.081000,0.208000,0.138000,0.109000,-0.145000,0.210000
-0.115000,-0.035000,0.080000,0.075000,-0.097000,0.022000,0.075000,0.210000,0.140000,0.105000,-0.145000,0.210000
-0.126000,-0.027000,0.100000,0.077000,-0.112000,0.036000,0.088000,0.210000,0.140000,0.105000,-0.145000,0.210000
-0.116000,-0.019000,0.097000,0.067000,-0.106000,0.039000,0.088000,0.210000,0.138000,0.102000,-0.145000,0.209000
-0.142000,-0.011000,0.131000,0.076000,-0.136000,0.060000,0.101000,0.227000,0.148000,0.098000,-0.145000,0.214000
-0.177000,-0.003000,0.174000,0.090000,-0.175000,0.085000,0.122000,0.248000,0.161000,0.094000,-0.145000,0.220000
-0.155000,0.005000,0.160000,0.075000,-0.158000,0.082000,0.115000,0.245000,0.155000,0.090000,-0.145000,0.215000
-0.137000,0.014000,0.151000,0.061000,-0.145000,0.082000,0.109000,0.244000,0.153000,0.087000,-0.145000,0.215000
-0.132000,0.013000,0.145000,0.060000,-0.138000,0.078000,0.122000,0.251000,0.164000,0.109000,-0.145000,0.215000
-0.127000,0.009000,0.135000,0.059000,-0.131000,0.072000,0.133000,0.257000,0.174000,0.120000,-0.145000,0.215000
-0.118000,0.011000,0.129000,0.054000,-0.123000,0.070000,0.138000,0.262000,0.183000,0.107000,-0.145000,0.215000
-0.110000,0.010000,0.120000,0.050000,-0.115000,0.065000,0.150000,0.270000,0.190000,0.105000,-0.145000,0.215000
-0.104000,0.005000,0.109000,0.049000,-0.107000,0.056000,0.139000,0.259000,0.182000,0.126000,-0.145000,0.214000
-0.114000,0.048000,0.162000,0.033000,-0.138000,0.105000,0.128000,0.248000,0.176000,0.132000,-0.145000,0.220000
-0.123000,0.073000,0.196000,0.025000,-0.159000,0.135000,0.122000,0.242000,0.173000,0.129000,-0.145000,0.230000
-0.127000,0.056000,0.183000,0.034000,-0.155000,0.119000,0.112000,0.232000,0.169000,0.130000,-0.145000,0.235000
-0.135000,0.050000,0.185000,0.042000,-0.160000,0.117000,0.100000,0.220000,0.165000,0.130000,-0.145000,0.230000
-0.139000,0.042000,0.181000,0.049000,-0.160000,0.111000,0.092000,0.212000,0.161000,0.130000,-0.145000,0.228000
-0.143000,0.037000,0.179000,0.053000,-0.161000,0.108000,0.085000,0.204000,0.157000,0.130000,-0.145000,0.240000
-0.148000,0.033000,0.181000,0.058000,-0.165000,0.106000,0.072000,0.196000,0.152000,0.130000,-0.145000,0.245000
-0.149000,0.030000,0.179000,0.060000,-0.164000,0.104000,0.057000,0.188000,0.143000,0.130000,-0.145000,0.239000
-0.145000,0.030000,0.175000,0.057000,-0.160000,0.102000,0.045000,0.180000,0.135000,0.130000,-0.145000,0.240000
-0.149000,0.026000,0.175000,0.061000,-0.163000,0.100000,0.029000,0.172000,0.131000,0.130000,-0.141000,0.240000
-0.147000,0.025000,0.172000,0.061000,-0.160000,0.098000,0.015000,0.164000,0.125000,0.131000,-0.140000,0.240000
-0.146000,0.023000,0.169000,0.061000,-0.158000,0.096000,0.005000,0.156000,0.116000,0.128000,-0.140000,0.240000
-0.152000,0.019000,0.171000,0.066000,-0.161000,0.095000,-0.001000,0.148000,0.109000,0.134000,-0.140000,0.240000
-0.150000,0.020000,0.170000,0.065000,-0.160000,0.095000,-0.005000,0.140000,0.105000,0.155000,-0.140000,0.240000
-0.127000,0.027000,0.154000,0.050000,-0.141000,0.091000,-0.009000,0.135000,0.101000,0.156000,-0.140000,0.248000
-0.099000,0.041000,0.140000,0.029000,-0.120000,0.091000,-0.013000,0.135000,0.096000,0.155000,-0.141000,0.251000
-0.086000,0.043000,0.129000,0.021000,-0.108000,0.086000,-0.017000,0.135000,0.095000,0.155000,-0.138000,0.250000
-0.084000,0.033000,0.117000,0.025000,-0.101000,0.074000,-0.021000,0.135000,0.094000,0.165000,-0.135000,0.250000
-0.075000,0.030000,0.105000,0.022000,-0.090000,0.067000,-0.025000,0.135000,0.090000,0.185000,-0.135000,0.255000
-0.070000,0.027000,0.096000,0.021000,-0.084000,0.062000,-0.027000,0.135000,0.090000,0.183000,-0.135000,0.266000
-0.073000,0.019000,0.092000,0.027000,-0.083000,0.055000,-0.046000,0.135000,0.087000,0.174000,-0.135000,0.249000
-0.075000,0.013000,0.088000,0.031000,-0.082000,0.050000,-0.056000,0.135000,0.085000,0.180000,-0.135000,0.258000
-0.076000,0.008000,0.084000,0.034000,-0.080000,0.045000,-0.048000,0.135000,0.085000,0.192000,-0.135000,0.289000
-0.075000,0.005000,0.080000,0.035000,-0.078000,0.042000,-0.045000,0.135000,0.080000,0.195000,-0.135000,0.290000
-0.045000,0.031000,0.076000,0.007000,-0.061000,0.053000,-0.041000,0.135000,0.075000,0.207000,-0.131000,0.298000
-0.042000,0.030000,0.072000,0.006000,-0.057000,0.051000,-0.037000,0.135000,0.075000,0.212000,-0.130000,0.301000
-0.056000,0.012000,0.068000,0.022000,-0.062000,0.040000,-0.033000,0.135000,0.073000,0.209000,-0.130000,0.300000
-0.061000,0.003000,0.064000,0.028000,-0.063000,0.033000,-0.029000,0.135000,0.070000,0.212000,-0.130000,0.300000
-0.065000,-0.005000,0.060000,0.035000,-0.062000,0.027000,-0.025000,0.135000,0.070000,0.220000,-0.130000,0.300000
-0.077000,-0.017000,0.060000,0.047000,-0.069000,0.022000,-0.013000,0.135000,0.066000,0.213000,-0.130000,0.300000
-0.086000,-0.029000,0.057000,0.058000,-0.071000,0.014000,-0.004000,0.135000,0.065000,0.204000,-0.130000,0.300000
-0.095000,-0.040000,0.055000,0.066000,-0.074000,0.008000,0.006000,0.135000,0.064000,0.196000,-0.130000,0.300000
-0.101000,-0.046000,0.054000,0.073000,-0.077000,0.004000,0.017000,0.135000,0.059000,0.188000,-0.139000,0.300000
-0.100000,-0.050000,0.050000,0.075000,-0.075000,0.000000,0.025000,0.135000,0.055000,0.180000,-0.155000,0.300000
-0.100000,-0.050000,0.050000,0.075000,-0.075000,0.000000,0.037000,0.135000,0.055000,0.172000,-0.152000,0.300000
-0.097000,-0.050000,0.048000,0.073000,-0.072000,-0.001000,0.048000,0.135000,0.052000,0.167000,-0.146000,0.300000
-0.093000,-0.051000,0.042000,0.072000,-0.068000,-0.004000,0.049000,0.135000,0.050000,0.163000,-0.143000,0.300000
-0.089000,-0.049000,0.040000,0.069000,-0.064000,-0.004000,0.044000,0.135000,0.049000,0.160000,-0.139000,0.300000
-0.085000,-0.045000,0.040000,0.065000,-0.062000,-0.002000,0.045000,0.135000,0.045000,0.160000,-0.135000,0.300000
-0.095000,-0.059000,0.036000,0.077000,-0.065000,-0.012000,0.045000,0.135000,0.045000,0.156000,-0.132000,0.300000
-0.121000,-0.086000,0.035000,0.102000,-0.078000,-0.025000,0.045000,0.136000,0.043000,0.154000,-0.122000,0.300000
-0.147000,-0.113000,0.034000,0.130000,-0.090000,-0.039000,0.045000,0.133000,0.037000,0.156000,-0.140000,0.300000
-0.154000,-0.126000,0.029000,0.140000,-0.091000,-0.048000,0.045000,0.130000,0.035000,0.154000,-0.168000,0.300000
-0.150000,-0.120000,0.030000,0.135000,-0.090000,-0.045000,0.045000,0.130000,0.035000,0.150000,-0.160000,0.300000
-0.164000,-0.120000,0.044000,0.141000,-0.104000,-0.038000,0.045000,0.130000,0.031000,0.150000,-0.159000,0.300000
-0.156000,-0.117000,0.038000,0.136000,-0.097000,-0.039000,0.045000,0.127000,0.030000,0.151000,-0.161000,0.300000
-0.137000,-0.114000,0.023000,0.126000,-0.079000,-0.045000,0.045000,0.125000,0.028000,0.148000,-0.158000,0.300000
-0.128000,-0.115000,0.013000,0.121000,-0.070000,-0.051000,0.045000,0.125000,0.025000,0.145000,-0.155000,0.300000
-0.120000,-0.115000,0.005000,0.117000,-0.062000,-0.055000,0.045000,0.125000,0.025000,0.145000,-0.155000,0.305000
-0.108000,-0.111000,-0.003000,0.110000,-0.052000,-0.056000,0.045000,0.125000,0.021000,0.146000,-0.155000,0.314000
-0.099000,-0.110000,-0.011000,0.105000,-0.044000,-0.060000,0.045000,0.122000,0.019000,0.142000,-0.152000,0.314000
-0.090000,-0.108000,-0.018000,0.099000,-0.036000,-0.063000,0.045000,0.119000,0.021000,0.140000,-0.149000,0.320000
-0.086000,-0.105000,-0.019000,0.095000,-0.033000,-0.062000,0.045000,0.120000,0.019000,0.139000,-0.150000,0.332000
-0.090000,-0.105000,-0.015000,0.098000,-0.037000,-0.060000,0.045000,0.120000,0.015000,0.135000,-0.150000,0.335000
-0.087000,-0.102000,-0.015000,0.095000,-0.035000,-0.059000,0.045000,0.120000,0.015000,0.135000,-0.146000,0.338000
-0.115000,-0.127000,-0.012000,0.121000,-0.052000,-0.070000,0.045000,0.117000,0.016000,0.136000,-0.144000,0.319000
-0.132000,-0.142000,-0.010000,0.137000,-0.061000,-0.076000,0.045000,0.114000,0.013000,0.133000,-0.146000,0.326000
-0.125000,-0.134000,-0.009000,0.129000,-0.057000,-0.071000,0.045000,0.115000,0.010000,0.130000,-0.144000,0.353000
-0.130000,-0.135000,-0.005000,0.133000,-0.062000,-0.070000,0.045000,0.115000,0.010000,0.130000,-0.140000,0.350000
-0.126000,-0.131000,-0.005000,0.129000,-0.060000,-0.068000,0.045000,0.111000,0.010000,0.130000,-0.140000,0.350000
-0.128000,-0.130000,-0.002000,0.129000,-0.063000,-0.066000,0.045000,0.110000,0.007000,0.127000,-0.141000,0.350000
-0.128000,-0.128000,0.000000,0.128000,-0.064000,-0.064000,0.045000,0.110000,0.004000,0.124000,-0.138000,0.351000
-0.126000,-0.125000,0.001000,0.125000,-0.063000,-0.062000,0.045000,0.110000,0.005000,0.125000,-0.135000,0.348000
-0.130000,-0.125000,0.005000,0.127000,-0.067000,-0.060000,0.045000,0.110000,0.005000,0.125000,-0.135000,0.345000
-0.126000,-0.121000,0.005000,0.123000,-0.065000,-0.058000,0.041000,0.106000,0.001000,0.121000,-0.135000,0.358000
-0.128000,-0.120000,0.008000,0.124000,-0.068000,-0.056000,0.040000,0.105000,-0.001000,0.120000,-0.132000,0.357000
-0.128000,-0.118000,0.010000,0.123000,-0.069000,-0.054000,0.040000,0.105000,0.001000,0.118000,-0.129000,0.344000
-0.125000,-0.115000,0.010000,0.120000,-0.067000,-0.052000,0.040000,0.105000,-0.001000,0.114000,-0.130000,0.350000
-0.130000,-0.115000,0.015000,0.122000,-0.072000,-0.050000,0.040000,0.105000,-0.005000,0.115000,-0.130000,0.380000
-0.128000,-0.111000,0.017000,0.119000,-0.072000,-0.046000,0.040000,0.105000,-0.005000,0.115000,-0.126000,0.386000
-0.110000,-0.110000,0.000000,0.110000,-0.055000,-0.055000,0.042000,0.107000,-0.007000,0.112000,-0.124000,0.385000
-0.079000,-0.108000,-0.029000,0.094000,-0.025000,-0.068000,0.034000,0.099000,0.002000,0.109000,-0.126000,0.385000
-0.066000,-0.105000,-0.039000,0.086000,-0.013000,-0.071000,0.033000,0.099000,0.019000,0.110000,-0.124000,0.385000
-0.090000,-0.105000,-0.015000,0.098000,-0.037000,-0.060000,0.050000,0.135000,0.030000,0.110000,-0.115000,0.385000
-0.106000,-0.097000,0.009000,0.101000,-0.057000,-0.044000,0.047000,0.184000,0.056000,0.106000,-0.107000,0.383000
-0.093000,-0.091000,0.001000,0.092000,-0.047000,-0.044000,0.078000,0.297000,0.130000,0.104000,-0.099000,0.396000
-0.083000,-0.089000,-0.006000,0.086000,-0.039000,-0.047000,0.099000,0.391000,0.199000,0.106000,-0.091000,0.410000
-0.057000,-0.083000,-0.026000,0.071000,-0.015000,-0.054000,0.088000,0.411000,0.231000,0.104000,-0.083000,0.417000
-0.005000,-0.075000,-0.070000,0.040000,0.033000,-0.072000,0.085000,0.400000,0.245000,0.100000,-0.075000,0.425000
-0.029000,-0.070000,-0.041000,0.050000,0.006000,-0.056000,0.093000,0.389000,0.245000,0.100000,-0.067000,0.433000
-0.063000,-0.069000,-0.006000,0.066000,-0.028000,-0.038000,0.131000,0.395000,0.248000,0.097000,-0.056000,0.439000
-0.071000,-0.055000,0.016000,0.063000,-0.043000,-0.020000,0.142000,0.332000,0.231000,0.094000,-0.046000,0.456000
-0.063000,-0.028000,0.034000,0.045000,-0.048000,0.003000,0.113000,0.151000,0.162000,0.095000,-0.038000,0.471000
-0.060000,-0.005000,0.055000,0.032000,-0.057000,0.025000,0.095000,-0.095000,0.045000,0.095000,-0.030000,0.470000
-0.071000,0.016000,0.086000,0.027000,-0.079000,0.051000,0.074000,-0.364000,-0.086000,0.091000,-0.023000,0.495000
-0.049000,0.032000,0.082000,0.009000,-0.066000,0.057000,-0.016000,-0.729000,-0.260000,0.089000,-0.003000,0.503000
0.002000,0.064000,0.062000,-0.033000,-0.030000,0.062000,-0.143000,-1.088000,-0.447000,0.091000,0.021000,0.516000
0.032000,0.086000,0.054000,-0.059000,-0.011000,0.070000,-0.257000,-1.410000,-0.634000,0.089000,0.049000,0.557000
0.045000,0.085000,0.040000,-0.065000,0.002000,0.062000,-0.370000,-1.790000,-0.855000,0.085000,0.100000,0.615000
0.114000,0.132000,0.017000,-0.124000,0.048000,0.075000,-0.521000,-2.216000,-1.139000,0.085000,0.160000,0.683000
0.086000,0.174000,0.088000,-0.130000,-0.002000,0.131000,-0.675000,-2.688000,-1.480000,0.085000,0.223000,0.751000
0.113000,0.223000,0.109000,-0.168000,0.002000,0.165000,-0.859000,-3.167000,-1.822000,0.085000,0.303000,0.836000
0.208000,0.248000,0.040000,-0.229000,0.084000,0.144000,-1.063000,-3.611000,-2.157000,0.084000,0.373000,0.916000
0.215000,0.205000,-0.010000,-0.210000,0.112000,0.097000,-1.240000,-4.005000,-2.515000,0.085000,0.410000,0.960000
0.263000,0.166000,-0.097000,-0.215000,0.180000,0.035000,-1.426000,-4.360000,-2.857000,0.102000,0.463000,1.013000
0.332000,0.147000,-0.185000,-0.239000,0.258000,-0.019000,-1.630000,-4.658000,-3.153000,0.107000,0.535000,1.091000
0.414000,0.132000,-0.282000,-0.273000,0.348000,-0.075000,-1.852000,-4.932000,-3.458000,0.104000,0.600000,1.162000
0.499000,0.116000,-0.383000,-0.308000,0.441000,-0.134000,-2.047000,-5.164000,-3.750000,0.105000,0.672000,1.238000
0.570000,0.100000,-0.470000,-0.335000,0.520000,-0.185000,-2.190000,-5.325000,-3.980000,0.105000,0.770000,1.340000
0.653000,0.086000,-0.566000,-0.370000,0.609000,-0.239000,-2.345000,-5.477000,-4.208000,0.104000,0.854000,1.416000
0.741000,0.085000,-0.656000,-0.413000,0.699000,-0.285000,-2.468000,-5.550000,-4.358000,0.115000,0.977000,1.537000
0.812000,0.068000,-0.744000,-0.440000,0.778000,-0.338000,-2.589000,-5.550000,-4.461000,0.154000,1.087000,1.647000
0.889000,0.095000,-0.794000,-0.492000,0.841000,-0.349000,-2.695000,-5.539000,-4.549000,0.199000,1.184000,1.746000
1.005000,0.200000,-0.805000,-0.602000,0.905000,-0.302000,-2.740000,-5.530000,-4.610000,0.220000,1.305000,1.880000
1.101000,0.220000,-0.881000,-0.660000,0.991000,-0.330000,-2.772000,-5.473000,-4.660000,0.240000,1.368000,1.952000
1.132000,0.234000,-0.898000,-0.683000,1.014000,-0.331000,-2.770000,-5.408000,-4.699000,0.257000,1.416000,2.009000
1.143000,0.250000,-0.893000,-0.697000,1.018000,-0.321000,-2.765000,-5.368000,-4.760000,0.273000,1.428000,2.038000
1.164000,0.259000,-0.905000,-0.711000,1.034000,-0.323000,-2.752000,-5.299000,-4.793000,0.289000,1.405000,2.043000
1.165000,0.275000,-0.890000,-0.720000,1.027000,-0.307000,-2.700000,-5.155000,-4.745000,0.295000,1.390000,2.055000
1.146000,0.271000,-0.875000,-0.708000,1.010000,-0.301000,-2.651000,-5.006000,-4.710000,0.282000,1.374000,2.040000
1.162000,0.270000,-0.892000,-0.715000,1.027000,-0.311000,-2.606000,-4.897000,-4.656000,0.278000,1.360000,2.022000
1.195000,0.252000,-0.943000,-0.723000,1.068000,-0.345000,-2.567000,-4.798000,-4.598000,0.250000,1.334000,2.008000
1.204000,0.217000,-0.987000,-0.711000,1.095000,-0.385000,-2.520000,-4.669000,-4.528000,0.199000,1.295000,1.990000
1.190000,0.185000,-1.005000,-0.687000,1.097000,-0.410000,-2.435000,-4.505000,-4.415000,0.155000,1.265000,1.975000
1.171000,0.134000,-1.037000,-0.652000,1.104000,-0.451000,-2.328000,-4.335000,-4.298000,0.080000,1.256000,1.971000
1.143000,0.080000,-1.063000,-0.611000,1.103000,-0.491000,-2.255000,-4.187000,-4.187000,-0.035000,1.252000,1.967000
1.123000,0.048000,-1.074000,-0.586000,1.099000,-0.513000,-2.205000,-4.069000,-4.085000,-0.199000,1.248000,1.963000
1.138000,0.037000,-1.101000,-0.588000,1.120000,-0.532000,-2.141000,-3.936000,-3.965000,-0.403000,1.244000,1.959000
1.165000,0.020000,-1.145000,-0.592000,1.155000,-0.562000,-2.055000,-3.760000,-3.810000,-0.630000,1.240000,1.955000
1.121000,-0.015000,-1.136000,-0.553000,1.129000,-0.575000,-1.966000,-3.591000,-3.665000,-0.877000,1.246000,1.965000
1.065000,-0.054000,-1.120000,-0.505000,1.093000,-0.586000,-1.887000,-3.426000,-3.521000,-1.124000,1.269000,1.990000
1.028000,-0.081000,-1.109000,-0.473000,1.069000,-0.595000,-1.812000,-3.250000,-3.363000,-1.348000,1.285000,2.004000
1.005000,-0.092000,-1.097000,-0.457000,1.051000,-0.594000,-1.719000,-3.044000,-3.155000,-1.559000,1.311000,2.015000
0.990000,-0.095000,-1.085000,-0.447000,1.038000,-0.590000,-1.605000,-2.810000,-2.895000,-1.765000,1.370000,2.050000
0.970000,-0.099000,-1.069000,-0.435000,1.020000,-0.584000,-1.508000,-2.596000,-2.670000,-1.922000,1.400000,2.083000
0.950000,-0.103000,-1.053000,-0.423000,1.001000,-0.578000,-1.419000,-2.399000,-2.484000,-2.080000,1.420000,2.073000
0.914000,-0.123000,-1.037000,-0.395000,0.975000,-0.579000,-1.347000,-2.246000,-2.351000,-2.186000,1.405000,2.050000
0.880000,-0.141000,-1.022000,-0.369000,0.951000,-0.581000,-1.264000,-2.096000,-2.221000,-2.248000,1.359000,2.028000
0.880000,-0.130000,-1.010000,-0.375000,0.945000,-0.570000,-1.155000,-1.900000,-2.040000,-2.320000,1.325000,1.995000
0.875000,-0.123000,-0.998000,-0.376000,0.937000,-0.560000,-1.094000,-1.727000,-1.879000,-2.339000,1.307000,1.968000
0.844000,-0.143000,-0.986000,-0.350000,0.915000,-0.564000,-1.025000,-1.557000,-1.722000,-2.383000,1.298000,1.932000
0.796000,-0.178000,-0.973000,-0.309000,0.885000,-0.576000,-0.949000,-1.400000,-1.573000,-2.459000,1.261000,1.902000
0.767000,-0.196000,-0.963000,-0.285000,0.866000,-0.579000,-0.884000,-1.269000,-1.446000,-2.550000,1.201000,1.861000
0.770000,-0.180000,-0.950000,-0.295000,0.860000,-0.565000,-0.810000,-1.140000,-1.325000,-2.650000,1.150000,1.790000
0.748000,-0.166000,-0.914000,-0.291000,0.831000,-0.539000,-0.712000,-0.982000,-1.182000,-2.717000,1.080000,1.720000
0.678000,-0.205000,-0.882000,-0.236000,0.780000,-0.543000,-0.638000,-0.854000,-1.076000,-2.764000,0.961000,1.596000
0.614000,-0.228000,-0.841000,-0.193000,0.728000,-0.534000,-0.582000,-0.728000,-0.961000,-2.804000,0.853000,1.478000
0.575000,-0.212000,-0.787000,-0.181000,0.681000,-0.499000,-0.517000,-0.595000,-0.840000,-2.838000,0.756000,1.383000
0.530000,-0.210000,-0.740000,-0.160000,0.635000,-0.475000,-0.440000,-0.475000,-0.750000,-2.850000,0.625000,1.255000
0.486000,-0.206000,-0.692000,-0.140000,0.589000,-0.449000,-0.379000,-0.327000,-0.618000,-2.819000,0.512000,1.113000
0.445000,-0.201000,-0.646000,-0.121000,0.546000,-0.423000,-0.324000,-0.226000,-0.533000,-2.792000,0.400000,0.990000
0.405000,-0.199000,-0.604000,-0.102000,0.505000,-0.401000,-0.249000,-0.118000,-0.438000,-2.745000,0.293000,0.880000
0.374000,-0.192000,-0.566000,-0.090000,0.470000,-0.379000,-0.167000,0.006000,-0.320000,-2.664000,0.196000,0.775000
0.335000,-0.190000,-0.525000,-0.072000,0.430000,-0.357000,-0.105000,0.085000,-0.250000,-2.570000,0.095000,0.675000
0.239000,-0.227000,-0.467000,-0.006000,0.353000,-0.346000,-0.044000,0.175000,-0.186000,-2.450000,-0.012000,0.568000
0.162000,-0.239000,-0.401000,0.039000,0.282000,-0.320000,0.004000,0.277000,-0.124000,-2.337000,-0.091000,0.487000
0.126000,-0.234000,-0.360000,0.054000,0.244000,-0.297000,0.047000,0.351000,-0.067000,-2.232000,-0.181000,0.390000
0.112000,-0.235000,-0.348000,0.061000,0.231000,-0.291000,0.090000,0.396000,-0.011000,-2.131000,-0.299000,0.265000
0.090000,-0.235000,-0.325000,0.073000,0.208000,-0.280000,0.130000,0.455000,0.040000,-2.015000,-0.405000,0.165000
0.028000,-0.235000,-0.263000,0.104000,0.146000,-0.249000,0.192000,0.541000,0.086000,-1.821000,-0.484000,0.100000
-0.037000,-0.233000,-0.196000,0.135000,0.080000,-0.214000,0.262000,0.636000,0.154000,-1.636000,-0.539000,0.034000
-0.091000,-0.242000,-0.152000,0.166000,0.031000,-0.196000,0.310000,0.704000,0.218000,-1.493000,-0.577000,-0.015000
-0.135000,-0.257000,-0.122000,0.196000,-0.006000,-0.189000,0.346000,0.754000,0.269000,-1.397000,-0.607000,-0.042000
-0.180000,-0.270000,-0.090000,0.225000,-0.045000,-0.180000,0.400000,0.825000,0.335000,-1.335000,-0.630000,-0.070000
-0.240000,-0.305000,-0.065000,0.272000,-0.088000,-0.185000,0.451000,0.900000,0.404000,-1.235000,-0.638000,-0.088000
-0.254000,-0.302000,-0.048000,0.278000,-0.103000,-0.175000,0.475000,0.951000,0.462000,-1.144000,-0.650000,-0.091000
-0.223000,-0.238000,-0.015000,0.230000,-0.103000,-0.126000,0.503000,1.005000,0.523000,-1.050000,-0.655000,-0.090000
-0.313000,-0.273000,0.039000,0.292000,-0.176000,-0.116000,0.545000,1.071000,0.583000,-0.954000,-0.649000,-0.090000
-0.315000,-0.230000,0.085000,0.272000,-0.200000,-0.072000,0.570000,1.120000,0.620000,-0.885000,-0.645000,-0.090000
-0.046000,0.055000,0.101000,-0.005000,-0.073000,0.079000,0.577000,1.143000,0.651000,-0.817000,-0.641000,-0.090000
-2.236000,-2.079000,0.157000,2.157000,-1.196000,-0.960000,0.597000,1.182000,0.691000,-0.751000,-0.637000,-0.090000
-2.235000,-2.073000,0.162000,2.153000,-1.199000,-0.955000,0.605000,1.208000,0.708000,-0.690000,-0.633000,-0.090000
-0.065000,0.073000,0.138000,-0.005000,-0.102000,0.106000,0.610000,1.221000,0.723000,-0.629000,-0.629000,-0.090000
-0.390000,-0.200000,0.190000,0.295000,-0.290000,-0.005000,0.650000,1.260000,0.775000,-0.565000,-0.625000,-0.090000
-0.444000,-0.234000,0.210000,0.339000,-0.326000,-0.012000,0.686000,1.303000,0.810000,-0.507000,-0.619000,-0.090000
-0.374000,-0.167000,0.207000,0.270000,-0.290000,0.020000,0.690000,1.320000,0.824000,-0.426000,-0.633000,-0.090000
-0.418000,-0.214000,0.204000,0.315000,-0.311000,-0.005000,0.682000,1.318000,0.824000,-0.352000,-0.655000,-0.090000
-0.442000,-0.237000,0.206000,0.339000,-0.324000,-0.015000,0.689000,1.334000,0.837000,-0.295000,-0.667000,-0.090000
-0.435000,-0.230000,0.205000,0.332000,-0.320000,-0.012000,0.705000,1.375000,0.870000,-0.235000,-0.670000,-0.090000
-0.430000,-0.230000,0.200000,0.330000,-0.315000,-0.014000,0.703000,1.381000,0.877000,-0.194000,-0.670000,-0.090000
-0.464000,-0.227000,0.237000,0.345000,-0.350000,0.005000,0.722000,1.414000,0.899000,-0.158000,-0.671000,-0.091000
-0.481000,-0.224000,0.256000,0.352000,-0.368000,0.016000,0.742000,1.445000,0.927000,-0.124000,-0.668000,-0.088000
-0.459000,-0.225000,0.234000,0.342000,-0.346000,0.004000,0.745000,1.453000,0.944000,-0.092000,-0.674000,-0.094000
-0.455000,-0.225000,0.230000,0.340000,-0.342000,0.002000,0.755000,1.475000,0.965000,-0.060000,-0.695000,-0.115000
-0.482000,-0.221000,0.261000,0.351000,-0.372000,0.020000,0.787000,1.507000,0.997000,-0.035000,-0.701000,-0.117000
-0.475000,-0.219000,0.255000,0.346000,-0.365000,0.017000,0.808000,1.536000,1.023000,-0.017000,-0.698000,-0.112000
-0.497000,-0.221000,0.277000,0.358000,-0.387000,0.027000,0.808000,1.549000,1.034000,0.014000,-0.708000,-0.124000
-0.539000,-0.219000,0.319000,0.378000,-0.429000,0.050000,0.797000,1.550000,1.035000,0.062000,-0.730000,-0.144000
-0.520000,-0.215000,0.305000,0.367000,-0.412000,0.045000,0.795000,1.560000,1.040000,0.105000,-0.745000,-0.155000
-0.511000,-0.215000,0.296000,0.362000,-0.403000,0.041000,0.811000,1.593000,1.068000,0.147000,-0.746000,-0.160000
-0.506000,-0.216000,0.290000,0.360000,-0.397000,0.037000,0.824000,1.614000,1.093000,0.206000,-0.745000,-0.160000
-0.492000,-0.213000,0.279000,0.352000,-0.386000,0.033000,0.840000,1.643000,1.119000,0.256000,-0.745000,-0.160000
-0.486000,-0.210000,0.276000,0.347000,-0.381000,0.033000,0.858000,1.674000,1.145000,0.298000,-0.754000,-0.168000
-0.505000,-0.210000,0.295000,0.357000,-0.400000,0.042000,0.865000,1.680000,1.160000,0.355000,-0.775000,-0.185000
-0.542000,-0.211000,0.332000,0.376000,-0.437000,0.060000,0.879000,1.702000,1.181000,0.385000,-0.776000,-0.194000
-0.563000,-0.207000,0.357000,0.385000,-0.460000,0.075000,0.904000,1.736000,1.222000,0.403000,-0.773000,-0.199000
-0.562000,-0.205000,0.357000,0.384000,-0.459000,0.076000,0.921000,1.759000,1.247000,0.430000,-0.780000,-0.199000
-0.553000,-0.204000,0.349000,0.378000,-0.450000,0.072000,0.925000,1.766000,1.252000,0.444000,-0.793000,-0.203000
-0.545000,-0.200000,0.345000,0.372000,-0.445000,0.072000,0.925000,1.770000,1.265000,0.435000,-0.805000,-0.220000
-0.536000,-0.200000,0.336000,0.368000,-0.436000,0.067000,0.924000,1.789000,1.277000,0.469000,-0.819000,-0.230000
-0.533000,-0.197000,0.336000,0.365000,-0.434000,0.069000,0.932000,1.813000,1.292000,0.506000,-0.818000,-0.229000
-0.508000,-0.195000,0.313000,0.352000,-0.410000,0.059000,0.934000,1.820000,1.305000,0.517000,-0.830000,-0.235000
-0.501000,-0.194000,0.307000,0.348000,-0.404000,0.056000,0.939000,1.824000,1.321000,0.507000,-0.846000,-0.247000
-0.565000,-0.190000,0.375000,0.377000,-0.470000,0.092000,0.965000,1.850000,1.350000,0.505000,-0.840000,-0.250000
-0.622000,-0.190000,0.432000,0.406000,-0.527000,0.121000,0.977000,1.867000,1.375000,0.531000,-0.839000,-0.250000
-0.637000,-0.187000,0.450000,0.412000,-0.543000,0.131000,0.997000,1.882000,1.395000,0.529000,-0.841000,-0.250000
-0.633000,-0.185000,0.448000,0.409000,-0.540000,0.131000,1.006000,1.896000,1.414000,0.532000,-0.839000,-0.249000
-0.628000,-0.184000,0.444000,0.406000,-0.536000,0.130000,0.999000,1.901000,1.427000,0.553000,-0.842000,-0.251000
-0.620000,-0.180000,0.440000,0.400000,-0.530000,0.130000,1.000000,1.900000,1.430000,0.555000,-0.855000,-0.260000
-0.616000,-0.180000,0.436000,0.398000,-0.526000,0.127000,1.000000,1.899000,1.429000,0.561000,-0.860000,-0.265000
-0.609000,-0.177000,0.432000,0.392000,-0.520000,0.127000,1.000000,1.910000,1.441000,0.580000,-0.860000,-0.265000
-0.604000,-0.175000,0.429000,0.389000,-0.516000,0.127000,1.000000,1.915000,1.458000,0.599000,-0.859000,-0.265000
-0.596000,-0.174000,0.423000,0.385000,-0.509000,0.124000,1.000000,1.909000,1.465000,0.605000,-0.854000,-0.265000
-0.585000,-0.165000,0.420000,0.375000,-0.502000,0.127000,1.000000,1.905000,1.465000,0.595000,-0.850000,-0.265000
-0.608000,-0.161000,0.447000,0.384000,-0.527000,0.143000,0.994000,1.901000,1.475000,0.589000,-0.850000,-0.265000
-0.629000,-0.157000,0.472000,0.393000,-0.550000,0.157000,1.007000,1.897000,1.497000,0.601000,-0.848000,-0.267000
-0.623000,-0.153000,0.470000,0.388000,-0.546000,0.158000,1.016000,1.893000,1.506000,0.617000,-0.842000,-0.258000
-0.591000,-0.149000,0.442000,0.370000,-0.516000,0.146000,1.008000,1.889000,1.498000,0.627000,-0.841000,-0.242000
-0.570000,-0.145000,0.425000,0.357000,-0.497000,0.140000,1.005000,1.885000,1.495000,0.635000,-0.840000,-0.230000
-0.601000,-0.141000,0.460000,0.371000,-0.531000,0.159000,1.001000,1.884000,1.496000,0.639000,-0.817000,-0.214000
-0.624000,-0.134000,0.489000,0.379000,-0.557000,0.178000,0.997000,1.893000,1.520000,0.645000,-0.790000,-0.201000
-0.640000,-0.126000,0.514000,0.383000,-0.577000,0.194000,0.993000,1.890000,1.528000,0.671000,-0.772000,-0.189000
-0.649000,-0.118000,0.531000,0.384000,-0.590000,0.207000,0.989000,1.871000,1.512000,0.699000,-0.763000,-0.177000
-0.630000,-0.110000,0.520000,0.370000,-0.575000,0.205000,0.985000,1.855000,1.505000,0.700000,-0.755000,-0.165000
-0.614000,-0.102000,0.512000,0.358000,-0.563000,0.205000,0.969000,1.831000,1.497000,0.699000,-0.743000,-0.152000
-0.628000,-0.094000,0.534000,0.361000,-0.581000,0.220000,0.953000,1.807000,1.489000,0.703000,-0.735000,-0.145000
-0.631000,-0.086000,0.545000,0.358000,-0.588000,0.229000,0.937000,1.783000,1.481000,0.707000,-0.723000,-0.132000
-0.611000,-0.078000,0.533000,0.344000,-0.572000,0.227000,0.921000,1.759000,1.473000,0.710000,-0.706000,-0.117000
-0.600000,-0.070000,0.530000,0.335000,-0.565000,0.230000,0.905000,1.735000,1.465000,0.715000,-0.690000,-0.105000
-0.592000,-0.066000,0.526000,0.329000,-0.559000,0.230000,0.889000,1.711000,1.449000,0.735000,-0.658000,-0.077000
-0.581000,-0.059000,0.522000,0.320000,-0.551000,0.231000,0.876000,1.688000,1.436000,0.753000,-0.628000,-0.051000
-0.571000,-0.053000,0.518000,0.312000,-0.544000,0.232000,0.862000,1.661000,1.424000,0.768000,-0.602000,-0.028000
-0.563000,-0.048000,0.514000,0.305000,-0.539000,0.233000,0.847000,1.634000,1.412000,0.784000,-0.580000,-0.004000
-0.550000,-0.040000,0.510000,0.295000,-0.530000,0.235000,0.835000,1.605000,1.400000,0.795000,-0.560000,0.020000
-0.535000,-0.036000,0.498000,0.285000,-0.516000,0.231000,0.808000,1.561000,1.376000,0.796000,-0.539000,0.041000
-0.515000,-0.030000,0.485000,0.272000,-0.500000,0.228000,0.778000,1.519000,1.352000,0.794000,-0.524000,0.056000
-0.496000,-0.020000,0.476000,0.259000,-0.486000,0.227000,0.752000,1.480000,1.328000,0.799000,-0.502000,0.076000
-0.481000,-0.014000,0.467000,0.247000,-0.474000,0.226000,0.730000,1.441000,1.304000,0.806000,-0.474000,0.101000
-0.465000,-0.010000,0.455000,0.237000,-0.460000,0.222000,0.710000,1.405000,1.280000,0.810000,-0.450000,0.120000
-0.445000,-0.002000,0.442000,0.223000,-0.444000,0.220000,0.690000,1.365000,1.252000,0.814000,-0.418000,0.129000
-0.428000,0.006000,0.434000,0.211000,-0.431000,0.220000,0.671000,1.329000,1.224000,0.818000,-0.386000,0.172000
-0.410000,0.014000,0.424000,0.197000,-0.417000,0.219000,0.647000,1.288000,1.194000,0.838000,-0.354000,0.222000
-0.401000,0.012000,0.413000,0.194000,-0.407000,0.212000,0.618000,1.237000,1.162000,0.857000,-0.323000,0.252000
-0.420000,-0.015000,0.405000,0.217000,-0.412000,0.195000,0.590000,1.190000,1.130000,0.850000,-0.295000,0.275000
-0.438000,-0.041000,0.397000,0.239000,-0.417000,0.178000,0.565000,1.150000,1.097000,0.848000,-0.267000,0.288000
-0.399000,-0.011000,0.389000,0.205000,-0.394000,0.188000,0.546000,1.111000,1.070000,0.859000,-0.239000,0.328000
-0.332000,0.050000,0.382000,0.140000,-0.357000,0.216000,0.520000,1.067000,1.038000,0.884000,-0.211000,0.363000
-0.288000,0.083000,0.371000,0.102000,-0.329000,0.226000,0.487000,1.018000,1.001000,0.902000,-0.184000,0.380000
-0.290000,0.075000,0.365000,0.107000,-0.328000,0.220000,0.460000,0.970000,0.965000,0.900000,-0.160000,0.405000
-0.327000,0.074000,0.401000,0.126000,-0.365000,0.238000,0.432000,0.918000,0.921000,0.900000,-0.136000,0.423000
-0.306000,0.075000,0.382000,0.115000,-0.344000,0.228000,0.406000,0.867000,0.879000,0.900000,-0.113000,0.460000
-0.244000,0.075000,0.319000,0.085000,-0.282000,0.196000,0.384000,0.826000,0.843000,0.900000,-0.085000,0.478000
-0.231000,0.075000,0.307000,0.078000,-0.269000,0.190000,0.366000,0.792000,0.814000,0.900000,-0.052000,0.495000
-0.275000,0.075000,0.350000,0.100000,-0.313000,0.212000,0.350000,0.755000,0.785000,0.900000,-0.025000,0.545000
-0.253000,0.073000,0.326000,0.089000,-0.290000,0.200000,0.319000,0.704000,0.741000,0.898000,-0.012000,0.552000
-0.203000,0.088000,0.290000,0.057000,-0.247000,0.189000,0.287000,0.652000,0.699000,0.910000,-0.005000,0.552000
-0.177000,0.096000,0.273000,0.041000,-0.225000,0.183000,0.266000,0.611000,0.661000,0.913000,0.006000,0.573000
-0.175000,0.088000,0.263000,0.043000,-0.219000,0.175000,0.251000,0.576000,0.619000,0.903000,0.017000,0.592000
-0.170000,0.085000,0.255000,0.042000,-0.213000,0.170000,0.235000,0.540000,0.580000,0.900000,0.025000,0.590000
-0.162000,0.081000,0.243000,0.040000,-0.202000,0.162000,0.219000,0.507000,0.551000,0.892000,0.045000,0.608000
-0.158000,0.076000,0.234000,0.041000,-0.196000,0.155000,0.203000,0.479000,0.525000,0.887000,0.063000,0.635000
-0.149000,0.075000,0.224000,0.037000,-0.187000,0.149000,0.187000,0.449000,0.494000,0.881000,0.076000,0.651000
-0.138000,0.074000,0.213000,0.031000,-0.176000,0.144000,0.171000,0.418000,0.462000,0.874000,0.088000,0.657000
-0.135000,0.070000,0.205000,0.032000,-0.170000,0.137000,0.155000,0.390000,0.435000,0.870000,0.095000,0.665000
-0.127000,0.066000,0.193000,0.030000,-0.160000,0.129000,0.139000,0.362000,0.411000,0.858000,0.096000,0.674000
-0.122000,0.062000,0.184000,0.030000,-0.153000,0.123000,0.126000,0.336000,0.387000,0.849000,0.094000,0.673000
-0.117000,0.058000,0.174000,0.029000,-0.145000,0.116000,0.114000,0.316000,0.365000,0.839000,0.099000,0.669000
-0.108000,0.055000,0.163000,0.026000,-0.136000,0.109000,0.103000,0.301000,0.345000,0.828000,0.106000,0.670000
-0.100000,0.055000,0.155000,0.022000,-0.128000,0.105000,0.095000,0.285000,0.325000,0.820000,0.105000,0.670000
-0.092000,0.051000,0.143000,0.020000,-0.117000,0.097000,0.087000,0.269000,0.305000,0.808000,0.104000,0.668000
-0.087000,0.047000,0.134000,0.020000,-0.111000,0.090000,0.079000,0.253000,0.285000,0.800000,0.112000,0.683000
-0.081000,0.043000,0.125000,0.019000,-0.103000,0.084000,0.072000,0.238000,0.266000,0.787000,0.113000,0.689000
-0.064000,0.039000,0.103000,0.013000,-0.083000,0.071000,0.062000,0.228000,0.252000,0.772000,0.103000,0.677000
-0.055000,0.035000,0.090000,0.010000,-0.073000,0.062000,0.055000,0.220000,0.240000,0.760000,0.100000,0.670000
-0.097000,0.035000,0.132000,0.031000,-0.115000,0.083000,0.076000,0.208000,0.228000,0.736000,0.096000,0.662000
-0.102000,0.032000,0.134000,0.035000,-0.118000,0.083000,0.079000,0.199000,0.216000,0.715000,0.092000,0.654000
-0.082000,0.028000,0.110000,0.027000,-0.096000,0.069000,0.074000,0.189000,0.204000,0.693000,0.088000,0.646000
-0.072000,0.024000,0.097000,0.024000,-0.085000,0.060000,0.075000,0.177000,0.193000,0.661000,0.084000,0.639000
-0.060000,0.020000,0.080000,0.020000,-0.070000,0.050000,0.075000,0.170000,0.185000,0.635000,0.080000,0.635000
-0.047000,0.016000,0.063000,0.016000,-0.056000,0.039000,0.075000,0.166000,0.178000,0.645000,0.076000,0.627000
-0.041000,0.015000,0.056000,0.012000,-0.049000,0.035000,0.072000,0.165000,0.166000,0.625000,0.072000,0.622000
-0.040000,0.013000,0.053000,0.013000,-0.047000,0.033000,0.069000,0.165000,0.156000,0.589000,0.068000,0.618000
-0.040000,0.010000,0.050000,0.015000,-0.045000,0.030000,0.070000,0.165000,0.147000,0.564000,0.064000,0.614000
-0.040000,0.010000,0.050000,0.015000,-0.045000,0.030000,0.070000,0.165000,0.140000,0.535000,0.060000,0.610000
-0.040000,0.006000,0.046000,0.017000,-0.044000,0.026000,0.070000,0.165000,0.153000,0.506000,0.056000,0.606000
-0.038000,0.004000,0.043000,0.017000,-0.041000,0.023000,0.067000,0.162000,0.153000,0.487000,0.052000,0.602000
-0.030000,0.006000,0.036000,0.012000,-0.034000,0.020000,0.064000,0.159000,0.149000,0.473000,0.048000,0.597000
-0.043000,0.004000,0.047000,0.019000,-0.045000,0.025000,0.065000,0.160000,0.150000,0.454000,0.044000,0.588000
-0.080000,0.000000,0.080000,0.040000,-0.080000,0.040000,0.065000,0.160000,0.150000,0.430000,0.040000,0.580000
-0.073000,0.000000,0.074000,0.037000,-0.074000,0.037000,0.065000,0.160000,0.150000,0.410000,0.036000,0.576000
-0.068000,-0.003000,0.065000,0.035000,-0.067000,0.031000,0.066000,0.160000,0.147000,0.387000,0.032000,0.570000
-0.070000,-0.006000,0.064000,0.037000,-0.066000,0.029000,0.063000,0.160000,0.144000,0.364000,0.027000,0.561000
-0.063000,-0.005000,0.058000,0.034000,-0.060000,0.026000,0.060000,0.159000,0.145000,0.346000,0.025000,0.554000
-0.055000,-0.005000,0.050000,0.030000,-0.052000,0.022000,0.060000,0.155000,0.145000,0.330000,0.025000,0.550000
-0.058000,-0.013000,0.046000,0.035000,-0.052000,0.017000,0.060000,0.155000,0.145000,0.314000,0.017000,0.546000
-0.063000,-0.022000,0.042000,0.042000,-0.052000,0.010000,0.061000,0.155000,0.142000,0.297000,0.008000,0.541000
-0.067000,-0.027000,0.040000,0.047000,-0.053000,0.006000,0.058000,0.155000,0.139000,0.284000,0.003000,0.540000
-0.072000,-0.032000,0.040000,0.052000,-0.056000,0.004000,0.055000,0.155000,0.140000,0.271000,-0.002000,0.540000
-0.080000,-0.040000,0.040000,0.060000,-0.060000,0.000000,0.055000,0.155000,0.140000,0.255000,-0.010000,0.535000
-0.088000,-0.048000,0.040000,0.068000,-0.064000,-0.004000,0.055000,0.151000,0.140000,0.239000,-0.018000,0.530000
-0.094000,-0.054000,0.040000,0.074000,-0.067000,-0.007000,0.055000,0.150000,0.141000,0.223000,-0.024000,0.531000
-0.095000,-0.055000,0.040000,0.075000,-0.067000,-0.007000,0.055000,0.150000,0.138000,0.209000,-0.025000,0.526000
-0.095000,-0.055000,0.040000,0.075000,-0.067000,-0.007000,0.055000,0.150000,0.135000,0.197000,-0.025000,0.519000
-0.095000,-0.055000,0.040000,0.075000,-0.067000,-0.007000,0.055000,0.150000,0.135000,0.185000,-0.025000,0.515000
-0.097000,-0.055000,0.042000,0.076000,-0.069000,-0.006000,0.063000,0.150000,0.135000,0.173000,-0.025000,0.507000
-0.114000,-0.055000,0.059000,0.084000,-0.086000,0.002000,0.066000,0.148000,0.136000,0.164000,-0.025000,0.502000
-0.117000,-0.055000,0.062000,0.086000,-0.089000,0.004000,0.065000,0.156000,0.133000,0.155000,-0.025000,0.496000
-0.101000,-0.055000,0.046000,0.078000,-0.073000,-0.004000,0.065000,0.166000,0.130000,0.142000,-0.025000,0.489000
-0.090000,-0.055000,0.035000,0.072000,-0.062000,-0.010000,0.065000,0.160000,0.130000,0.130000,-0.025000,0.485000
-0.082000,-0.055000,0.027000,0.068000,-0.054000,-0.014000,0.064000,0.158000,0.130000,0.122000,-0.025000,0.481000
-0.072000,-0.056000,0.016000,0.064000,-0.043000,-0.020000,0.072000,0.172000,0.130000,0.116000,-0.024000,0.480000
-0.056000,-0.051000,0.005000,0.054000,-0.030000,-0.022000,0.075000,0.184000,0.129000,0.115000,-0.030000,0.478000
-0.043000,-0.053000,-0.010000,0.049000,-0.016000,-0.031000,0.068000,0.185000,0.131000,0.114000,-0.042000,0.475000
-0.055000,-0.070000,-0.015000,0.063000,-0.020000,-0.042000,0.065000,0.185000,0.140000,0.110000,-0.045000,0.475000
-0.093000,-0.059000,0.034000,0.076000,-0.063000,-0.012000,0.073000,0.185000,0.150000,0.110000,-0.044000,0.471000
-0.070000,-0.048000,0.022000,0.059000,-0.046000,-0.012000,0.080000,0.184000,0.147000,0.107000,-0.052000,0.470000
-0.062000,-0.042000,0.020000,0.052000,-0.040000,-0.011000,0.094000,0.189000,0.162000,0.105000,-0.054000,0.468000
-0.097000,-0.032000,0.065000,0.064000,-0.080000,0.016000,0.106000,0.205000,0.182000,0.104000,-0.049000,0.464000
-0.105000,-0.020000,0.085000,0.062000,-0.095000,0.032000,0.100000,0.220000,0.175000,0.100000,-0.050000,0.465000
-0.102000,-0.012000,0.090000,0.057000,-0.096000,0.039000,0.100000,0.221000,0.175000,0.100000,-0.050000,0.466000
-0.093000,-0.003000,0.090000,0.048000,-0.091000,0.044000,0.098000,0.220000,0.173000,0.101000,-0.048000,0.462000
-0.092000,-0.002000,0.090000,0.047000,-0.091000,0.044000,0.093000,0.220000,0.168000,0.098000,-0.056000,0.460000
-0.103000,-0.013000,0.090000,0.058000,-0.097000,0.039000,0.098000,0.220000,0.172000,0.095000,-0.065000,0.459000
-0.110000,-0.020000,0.090000,0.065000,-0.100000,0.035000,0.120000,0.220000,0.185000,0.095000,-0.060000,0.455000
-0.102000,-0.013000,0.090000,0.057000,-0.096000,0.039000,0.138000,0.228000,0.192000,0.091000,-0.060000,0.455000
-0.095000,-0.004000,0.091000,0.049000,-0.093000,0.044000,0.140000,0.236000,0.207000,0.090000,-0.060000,0.452000
-0.083000,0.004000,0.086000,0.039000,-0.084000,0.045000,0.144000,0.245000,0.219000,0.088000,-0.060000,0.450000
-0.076000,0.012000,0.088000,0.031000,-0.082000,0.049000,0.151000,0.250000,0.219000,0.085000,-0.059000,0.449000
-0.085000,0.020000,0.105000,0.032000,-0.095000,0.062000,0.150000,0.250000,0.220000,0.085000,-0.055000,0.445000
-0.084000,0.028000,0.111000,0.028000,-0.098000,0.069000,0.158000,0.265000,0.232000,0.081000,-0.055000,0.445000
-0.098000,0.037000,0.135000,0.030000,-0.116000,0.086000,0.163000,0.284000,0.240000,0.079000,-0.055000,0.446000
-0.105000,0.039000,0.143000,0.033000,-0.124000,0.091000,0.169000,0.291000,0.239000,0.081000,-0.055000,0.443000
-0.091000,0.035000,0.126000,0.028000,-0.109000,0.080000,0.175000,0.292000,0.242000,0.079000,-0.055000,0.440000
-0.080000,0.035000,0.115000,0.022000,-0.098000,0.075000,0.175000,0.300000,0.250000,0.075000,-0.055000,0.440000
-0.074000,0.030000,0.104000,0.022000,-0.089000,0.067000,0.183000,0.293000,0.254000,0.075000,-0.051000,0.436000
-0.055000,0.032000,0.087000,0.012000,-0.071000,0.059000,0.186000,0.284000,0.261000,0.076000,-0.050000,0.434000
-0.087000,0.023000,0.110000,0.032000,-0.099000,0.066000,0.183000,0.276000,0.266000,0.073000,-0.050000,0.436000
-0.124000,0.026000,0.151000,0.048000,-0.137000,0.088000,0.188000,0.268000,0.273000,0.070000,-0.050000,0.434000
-0.095000,0.060000,0.155000,0.017000,-0.125000,0.107000,0.195000,0.260000,0.285000,0.070000,-0.050000,0.430000
-0.123000,0.047000,0.170000,0.038000,-0.147000,0.108000,0.169000,0.252000,0.274000,0.070000,-0.049000,0.430000
-0.127000,0.026000,0.154000,0.050000,-0.140000,0.090000,0.137000,0.244000,0.264000,0.071000,-0.055000,0.427000
-0.119000,0.013000,0.132000,0.053000,-0.126000,0.073000,0.117000,0.236000,0.254000,0.068000,-0.066000,0.424000
-0.099000,-0.005000,0.094000,0.052000,-0.096000,0.044000,0.108000,0.228000,0.243000,0.074000,-0.077000,0.425000
-0.080000,-0.020000,0.060000,0.050000,-0.070000,0.020000,0.100000,0.220000,0.235000,0.090000,-0.080000,0.425000
-0.190000,-0.013000,0.177000,0.101000,-0.183000,0.082000,0.092000,0.216000,0.223000,0.087000,-0.081000,0.421000
-0.205000,-0.003000,0.202000,0.104000,-0.203000,0.099000,0.084000,0.210000,0.214000,0.084000,-0.077000,0.420000
-0.167000,0.002000,0.169000,0.082000,-0.168000,0.086000,0.076000,0.200000,0.206000,0.086000,-0.074000,0.418000
-0.156000,0.007000,0.162000,0.074000,-0.160000,0.084000,0.068000,0.194000,0.199000,0.084000,-0.075000,0.414000
-0.130000,0.015000,0.145000,0.057000,-0.138000,0.080000,0.060000,0.190000,0.195000,0.085000,-0.075000,0.415000
-0.110000,0.023000,0.133000,0.043000,-0.122000,0.078000,0.056000,0.182000,0.187000,0.101000,-0.075000,0.415000
-0.092000,0.029000,0.121000,0.031000,-0.106000,0.074000,0.052000,0.177000,0.182000,0.112000,-0.075000,0.412000
-0.082000,0.029000,0.110000,0.026000,-0.096000,0.069000,0.048000,0.171000,0.176000,0.117000,-0.075000,0.409000
-0.079000,0.024000,0.103000,0.027000,-0.092000,0.064000,0.045000,0.164000,0.169000,0.120000,-0.075000,0.410000
-0.075000,0.020000,0.095000,0.027000,-0.085000,0.057000,0.045000,0.160000,0.165000,0.120000,-0.075000,0.410000
-0.067000,0.016000,0.083000,0.026000,-0.075000,0.049000,0.041000,0.152000,0.161000,0.124000,-0.071000,0.406000
-0.059000,0.015000,0.074000,0.022000,-0.067000,0.044000,0.036000,0.146000,0.160000,0.130000,-0.070000,0.405000
-0.053000,0.014000,0.066000,0.019000,-0.060000,0.040000,0.035000,0.145000,0.160000,0.140000,-0.070000,0.403000
-0.049000,0.009000,0.058000,0.020000,-0.054000,0.033000,0.034000,0.145000,0.160000,0.145000,-0.070000,0.399000
-0.045000,0.005000,0.050000,0.020000,-0.048000,0.027000,0.030000,0.145000,0.160000,0.145000,-0.070000,0.400000
-0.041000,0.005000,0.046000,0.017000,-0.044000,0.025000,0.026000,0.145000,0.160000,0.153000,-0.070000,0.400000
-0.040000,0.003000,0.042000,0.018000,-0.041000,0.022000,0.025000,0.145000,0.160000,0.158000,-0.070000,0.397000
-0.040000,-0.003000,0.038000,0.021000,-0.039000,0.018000,0.024000,0.145000,0.160000,0.165000,-0.070000,0.394000
-0.039000,-0.005000,0.034000,0.022000,-0.036000,0.015000,0.027000,0.145000,0.160000,0.170000,-0.069000,0.395000
-0.035000,-0.005000,0.030000,0.020000,-0.032000,0.012000,0.040000,0.145000,0.160000,0.170000,-0.065000,0.395000
-0.036000,-0.013000,0.023000,0.024000,-0.029000,0.005000,0.047000,0.144000,0.160000,0.188000,-0.065000,0.391000
-0.064000,-0.021000,0.043000,0.042000,-0.053000,0.011000,0.067000,0.154000,0.160000,0.183000,-0.065000,0.389000
-0.088000,-0.029000,0.059000,0.058000,-0.073000,0.015000,0.089000,0.163000,0.160000,0.170000,-0.065000,0.391000
-0.090000,-0.037000,0.053000,0.063000,-0.071000,0.008000,0.096000,0.165000,0.160000,0.163000,-0.065000,0.389000
-0.095000,-0.040000,0.055000,0.067000,-0.075000,0.007000,0.095000,0.165000,0.160000,0.155000,-0.065000,0.385000
-0.114000,-0.034000,0.081000,0.074000,-0.098000,0.023000,0.093000,0.167000,0.160000,0.147000,-0.065000,0.385000
-0.101000,-0.019000,0.082000,0.060000,-0.091000,0.031000,0.110000,0.186000,0.161000,0.139000,-0.065000,0.382000
-0.118000,-0.048000,0.070000,0.083000,-0.094000,0.011000,0.123000,0.196000,0.158000,0.131000,-0.066000,0.379000
-0.152000,-0.089000,0.063000,0.120000,-0.107000,-0.013000,0.119000,0.188000,0.155000,0.124000,-0.063000,0.380000
-0.130000,-0.075000,0.055000,0.102000,-0.092000,-0.010000,0.120000,0.185000,0.155000,0.125000,-0.060000,0.380000
-0.117000,-0.070000,0.047000,0.093000,-0.082000,-0.011000,0.120000,0.185000,0.151000,0.138000,-0.080000,0.376000
-0.105000,-0.066000,0.039000,0.085000,-0.072000,-0.013000,0.120000,0.182000,0.150000,0.138000,-0.091000,0.374000
-0.083000,-0.053000,0.031000,0.067000,-0.057000,-0.011000,0.120000,0.180000,0.148000,0.134000,-0.089000,0.376000
-0.087000,-0.063000,0.023000,0.075000,-0.055000,-0.020000,0.120000,0.180000,0.145000,0.135000,-0.092000,0.374000
-0.125000,-0.105000,0.020000,0.115000,-0.072000,-0.042000,0.120000,0.175000,0.145000,0.135000,-0.100000,0.370000
-0.123000,-0.103000,0.020000,0.113000,-0.072000,-0.041000,0.120000,0.170000,0.141000,0.135000,-0.096000,0.370000
-0.116000,-0.099000,0.017000,0.107000,-0.066000,-0.041000,0.120000,0.170000,0.139000,0.132000,-0.094000,0.371000
-0.113000,-0.098000,0.015000,0.105000,-0.064000,-0.041000,0.120000,0.168000,0.141000,0.129000,-0.096000,0.368000
-0.109000,-0.095000,0.014000,0.101000,-0.061000,-0.040000,0.120000,0.165000,0.139000,0.130000,-0.094000,0.365000
-0.105000,-0.095000,0.010000,0.100000,-0.057000,-0.042000,0.120000,0.165000,0.135000,0.130000,-0.090000,0.365000
-0.102000,-0.091000,0.011000,0.096000,-0.056000,-0.040000,0.120000,0.161000,0.135000,0.130000,-0.090000,0.365000
-0.091000,-0.090000,0.000000,0.090000,-0.045000,-0.045000,0.120000,0.160000,0.132000,0.131000,-0.091000,0.365000
-0.067000,-0.088000,-0.021000,0.078000,-0.023000,-0.054000,0.120000,0.158000,0.130000,0.128000,-0.088000,0.365000
-0.074000,-0.094000,-0.021000,0.084000,-0.026000,-0.057000,0.119000,0.154000,0.129000,0.125000,-0.085000,0.364000
-0.130000,-0.115000,0.015000,0.122000,-0.072000,-0.050000,0.120000,0.155000,0.125000,0.125000,-0.085000,0.360000
-0.158000,-0.112000,0.046000,0.135000,-0.102000,-0.033000,0.137000,0.156000,0.125000,0.125000,-0.085000,0.360000
-0.158000,-0.109000,0.049000,0.133000,-0.104000,-0.029000,0.139000,0.152000,0.122000,0.126000,-0.082000,0.360000
-0.153000,-0.110000,0.042000,0.131000,-0.097000,-0.034000,0.134000,0.150000,0.119000,0.123000,-0.079000,0.360000
-0.149000,-0.110000,0.039000,0.129000,-0.094000,-0.035000,0.135000,0.149000,0.120000,0.120000,-0.080000,0.360000
-0.145000,-0.110000,0.035000,0.127000,-0.090000,-0.037000,0.135000,0.145000,0.120000,0.120000,-0.080000,0.360000
-0.141000,-0.110000,0.031000,0.125000,-0.086000,-0.040000,0.135000,0.145000,0.116000,0.120000,-0.076000,0.360000
-0.140000,-0.110000,0.030000,0.125000,-0.085000,-0.040000,0.135000,0.146000,0.115000,0.120000,-0.074000,0.357000
-0.139000,-0.110000,0.029000,0.124000,-0.084000,-0.040000,0.135000,0.143000,0.115000,0.121000,-0.076000,0.354000
-0.134000,-0.110000,0.024000,0.121000,-0.079000,-0.043000,0.135000,0.140000,0.115000,0.119000,-0.074000,0.355000
-0.130000,-0.110000,0.020000,0.120000,-0.075000,-0.045000,0.135000,0.140000,0.115000,0.110000,-0.070000,0.355000
-0.127000,-0.110000,0.016000,0.118000,-0.071000,-0.047000,0.131000,0.136000,0.115000,0.102000,-0.070000,0.355000
-0.118000,-0.107000,0.011000,0.112000,-0.065000,-0.047000,0.130000,0.134000,0.115000,0.094000,-0.071000,0.356000
-0.114000,-0.104000,0.010000,0.110000,-0.062000,-0.047000,0.130000,0.136000,0.115000,0.086000,-0.068000,0.353000
-0.115000,-0.105000,0.009000,0.110000,-0.062000,-0.047000,0.130000,0.134000,0.115000,0.078000,-0.065000,0.350000
-0.110000,-0.105000,0.005000,0.107000,-0.057000,-0.050000,0.130000,0.130000,0.115000,0.070000,-0.065000,0.350000
-0.106000,-0.105000,0.001000,0.105000,-0.053000,-0.052000,0.130000,0.130000,0.115000,0.059000,-0.065000,0.350000
-0.102000,-0.105000,-0.003000,0.104000,-0.049000,-0.054000,0.130000,0.129000,0.115000,0.072000,-0.066000,0.350000
-0.098000,-0.105000,-0.007000,0.102000,-0.045000,-0.056000,0.130000,0.132000,0.114000,0.081000,-0.062000,0.350000
-0.094000,-0.105000,-0.011000,0.099000,-0.041000,-0.058000,0.129000,0.135000,0.117000,0.073000,-0.053000,0.350000
-0.090000,-0.105000,-0.015000,0.098000,-0.037000,-0.060000,0.125000,0.135000,0.125000,0.070000,-0.045000,0.350000
-0.088000,-0.105000,-0.017000,0.097000,-0.035000,-0.060000,0.124000,0.157000,0.129000,0.066000,-0.041000,0.350000
-0.067000,-0.106000,-0.040000,0.086000,-0.013000,-0.073000,0.133000,0.226000,0.173000,0.062000,-0.035000,0.350000
-0.050000,-0.100000,-0.050000,0.075000,0.000000,-0.074000,0.146000,0.313000,0.233000,0.059000,-0.025000,0.351000
-0.050000,-0.088000,-0.038000,0.069000,-0.006000,-0.063000,0.158000,0.385000,0.282000,0.053000,-0.019000,0.357000
-0.045000,-0.080000,-0.035000,0.063000,-0.005000,-0.057000,0.170000,0.420000,0.325000,0.050000,-0.015000,0.370000
-0.037000,-0.068000,-0.031000,0.052000,-0.002000,-0.049000,0.177000,0.409000,0.354000,0.069000,-0.007000,0.382000
-0.032000,-0.059000,-0.027000,0.046000,-0.002000,-0.043000,0.196000,0.400000,0.344000,0.090000,0.001000,0.392000
-0.027000,-0.049000,-0.022000,0.038000,-0.002000,-0.036000,0.223000,0.381000,0.331000,0.095000,0.009000,0.395000
-0.018000,-0.039000,-0.021000,0.028000,0.001000,-0.029000,0.226000,0.293000,0.301000,0.089000,0.017000,0.388000
-0.015000,-0.030000,-0.015000,0.023000,0.000000,-0.022000,0.190000,0.100000,0.210000,0.090000,0.025000,0.385000
-0.026000,0.001000,0.027000,0.013000,-0.027000,0.014000,0.162000,-0.165000,0.088000,0.091000,0.034000,0.396000
-0.042000,0.033000,0.075000,0.004000,-0.059000,0.054000,0.129000,-0.446000,-0.051000,0.087000,0.035000,0.412000
-0.058000,0.056000,0.113000,0.001000,-0.086000,0.084000,0.057000,-0.774000,-0.216000,0.085000,0.054000,0.443000
-0.065000,0.066000,0.131000,0.000000,-0.098000,0.098000,-0.064000,-1.140000,-0.411000,0.085000,0.078000,0.467000
-0.050000,0.070000,0.120000,-0.010000,-0.085000,0.095000,-0.200000,-1.490000,-0.620000,0.085000,0.095000,0.480000
-0.008000,0.104000,0.112000,-0.048000,-0.061000,0.108000,-0.310000,-1.858000,-0.827000,0.085000,0.163000,0.552000
0.045000,0.147000,0.102000,-0.096000,-0.029000,0.124000,-0.448000,-2.299000,-1.125000,0.082000,0.214000,0.608000
0.077000,0.179000,0.102000,-0.128000,-0.013000,0.140000,-0.631000,-2.815000,-1.505000,0.079000,0.264000,0.659000
0.106000,0.190000,0.084000,-0.148000,0.011000,0.137000,-0.847000,-3.333000,-1.886000,0.080000,0.332000,0.727000
0.165000,0.180000,0.015000,-0.173000,0.075000,0.097000,-1.060000,-3.770000,-2.230000,0.080000,0.395000,0.795000
0.223000,0.172000,-0.051000,-0.197000,0.137000,0.060000,-1.216000,-4.135000,-2.567000,0.076000,0.461000,0.867000
0.273000,0.164000,-0.109000,-0.218000,0.191000,0.027000,-1.396000,-4.467000,-2.894000,0.075000,0.546000,0.941000
0.378000,0.156000,-0.222000,-0.267000,0.300000,-0.033000,-1.636000,-4.776000,-3.201000,0.075000,0.631000,1.021000
0.471000,0.148000,-0.323000,-0.310000,0.397000,-0.088000,-1.864000,-5.039000,-3.492000,0.075000,0.711000,1.107000
0.490000,0.140000,-0.350000,-0.315000,0.420000,-0.105000,-2.025000,-5.245000,-3.765000,0.075000,0.795000,1.190000
0.596000,0.135000,-0.461000,-0.365000,0.528000,-0.162000,-2.179000,-5.421000,-3.999000,0.080000,0.871000,1.271000
0.691000,0.138000,-0.552000,-0.414000,0.621000,-0.206000,-2.314000,-5.521000,-4.184000,0.077000,0.990000,1.380000
0.762000,0.140000,-0.622000,-0.450000,0.692000,-0.241000,-2.434000,-5.559000,-4.311000,0.092000,1.126000,1.514000
0.857000,0.142000,-0.715000,-0.500000,0.786000,-0.286000,-2.539000,-5.562000,-4.385000,0.121000,1.252000,1.647000
0.955000,0.170000,-0.785000,-0.562000,0.870000,-0.307000,-2.620000,-5.545000,-4.450000,0.145000,1.370000,1.760000
0.984000,0.228000,-0.756000,-0.606000,0.870000,-0.264000,-2.678000,-5.535000,-4.549000,0.187000,1.452000,1.854000
1.030000,0.260000,-0.771000,-0.645000,0.900000,-0.256000,-2.688000,-5.499000,-4.608000,0.204000,1.521000,1.928000
1.146000,0.270000,-0.877000,-0.707000,1.011000,-0.303000,-2.703000,-5.454000,-4.679000,0.225000,1.539000,1.958000
1.233000,0.276000,-0.957000,-0.755000,1.095000,-0.340000,-2.709000,-5.405000,-4.758000,0.246000,1.514000,1.953000
1.205000,0.275000,-0.930000,-0.740000,1.067000,-0.327000,-2.650000,-5.315000,-4.760000,0.230000,1.500000,1.955000
1.188000,0.272000,-0.917000,-0.730000,1.052000,-0.322000,-2.600000,-5.172000,-4.713000,0.218000,1.484000,1.969000
1.201000,0.296000,-0.905000,-0.748000,1.053000,-0.305000,-2.561000,-5.038000,-4.665000,0.205000,1.469000,1.961000
1.184000,0.299000,-0.885000,-0.741000,1.034000,-0.293000,-2.533000,-4.941000,-4.624000,0.198000,1.449000,1.941000
1.160000,0.276000,-0.884000,-0.718000,1.022000,-0.304000,-2.490000,-4.832000,-4.550000,0.174000,1.424000,1.927000
1.180000,0.260000,-0.920000,-0.720000,1.050000,-0.330000,-2.415000,-4.675000,-4.435000,0.110000,1.400000,1.915000
1.162000,0.206000,-0.956000,-0.684000,1.059000,-0.374000,-2.354000,-4.529000,-4.340000,0.052000,1.365000,1.907000
1.139000,0.144000,-0.995000,-0.642000,1.068000,-0.425000,-2.262000,-4.358000,-4.228000,0.003000,1.328000,1.900000
1.151000,0.103000,-1.048000,-0.627000,1.099000,-0.473000,-2.181000,-4.210000,-4.119000,-0.110000,1.309000,1.889000
1.172000,0.079000,-1.093000,-0.625000,1.132000,-0.507000,-2.133000,-4.094000,-4.026000,-0.310000,1.303000,1.878000
1.150000,0.050000,-1.100000,-0.600000,1.125000,-0.525000,-2.075000,-3.955000,-3.910000,-0.545000,1.295000,1.870000
1.106000,0.015000,-1.091000,-0.560000,1.098000,-0.538000,-2.005000,-3.804000,-3.756000,-0.778000,1.288000,1.862000
1.103000,-0.024000,-1.126000,-0.539000,1.115000,-0.575000,-1.919000,-3.644000,-3.624000,-1.003000,1.275000,1.856000
1.110000,-0.037000,-1.147000,-0.536000,1.129000,-0.592000,-1.817000,-3.457000,-3.468000,-1.213000,1.287000,1.855000
1.077000,-0.055000,-1.132000,-0.510000,1.105000,-0.594000,-1.718000,-3.265000,-3.280000,-1.416000,1.315000,1.855000
1.020000,-0.105000,-1.125000,-0.457000,1.073000,-0.615000,-1.635000,-3.080000,-3.090000,-1.620000,1.330000,1.855000
0.998000,-0.104000,-1.102000,-0.446000,1.050000,-0.603000,-1.538000,-2.843000,-2.841000,-1.806000,1.362000,1.855000
0.982000,-0.093000,-1.076000,-0.444000,1.029000,-0.584000,-1.453000,-2.633000,-2.621000,-1.972000,1.385000,1.854000
0.954000,-0.102000,-1.056000,-0.426000,1.005000,-0.579000,-1.361000,-2.445000,-2.446000,-2.094000,1.377000,1.859000
0.914000,-0.128000,-1.042000,-0.392000,0.978000,-0.585000,-1.262000,-2.269000,-2.295000,-2.172000,1.355000,1.848000
0.875000,-0.155000,-1.030000,-0.360000,0.953000,-0.592000,-1.180000,-2.115000,-2.155000,-2.225000,1.335000,1.800000
0.854000,-0.160000,-1.014000,-0.347000,0.934000,-0.586000,-1.096000,-1.937000,-1.994000,-2.266000,1.304000,1.754000
0.804000,-0.197000,-1.001000,-0.303000,0.903000,-0.599000,-1.010000,-1.749000,-1.809000,-2.334000,1.271000,1.724000
0.802000,-0.186000,-0.987000,-0.307000,0.895000,-0.586000,-0.919000,-1.563000,-1.625000,-2.400000,1.238000,1.708000
0.804000,-0.168000,-0.972000,-0.318000,0.888000,-0.569000,-0.837000,-1.398000,-1.470000,-2.499000,1.209000,1.671000
0.725000,-0.235000,-0.960000,-0.245000,0.843000,-0.597000,-0.780000,-1.270000,-1.345000,-2.655000,1.180000,1.600000
0.708000,-0.239000,-0.947000,-0.234000,0.828000,-0.593000,-0.722000,-1.153000,-1.224000,-2.740000,1.125000,1.540000
0.708000,-0.232000,-0.940000,-0.238000,0.824000,-0.586000,-0.645000,-1.006000,-1.108000,-2.805000,1.033000,1.441000
0.670000,-0.240000,-0.910000,-0.215000,0.790000,-0.574000,-0.569000,-0.846000,-0.975000,-2.872000,0.943000,1.337000
0.613000,-0.245000,-0.857000,-0.184000,0.735000,-0.551000,-0.505000,-0.710000,-0.848000,-2.918000,0.855000,1.246000
0.570000,-0.240000,-0.810000,-0.165000,0.690000,-0.525000,-0.435000,-0.595000,-0.750000,-2.930000,0.735000,1.130000
0.518000,-0.240000,-0.758000,-0.139000,0.638000,-0.499000,-0.345000,-0.458000,-0.629000,-2.925000,0.599000,0.978000
0.469000,-0.237000,-0.706000,-0.116000,0.587000,-0.471000,-0.278000,-0.336000,-0.527000,-2.932000,0.467000,0.835000
0.420000,-0.235000,-0.655000,-0.093000,0.538000,-0.445000,-0.219000,-0.222000,-0.425000,-2.899000,0.364000,0.721000
0.375000,-0.234000,-0.609000,-0.070000,0.492000,-0.421000,-0.154000,-0.099000,-0.305000,-2.829000,0.276000,0.619000
0.335000,-0.230000,-0.565000,-0.052000,0.450000,-0.397000,-0.095000,0.015000,-0.205000,-2.770000,0.170000,0.510000
0.287000,-0.230000,-0.517000,-0.028000,0.402000,-0.373000,-0.039000,0.089000,-0.146000,-2.681000,0.060000,0.400000
0.244000,-0.227000,-0.471000,-0.009000,0.358000,-0.349000,0.017000,0.160000,-0.101000,-2.578000,-0.062000,0.271000
0.204000,-0.225000,-0.429000,0.010000,0.317000,-0.326000,0.073000,0.257000,-0.030000,-2.485000,-0.153000,0.163000
0.167000,-0.225000,-0.391000,0.029000,0.279000,-0.307000,0.120000,0.349000,0.045000,-2.380000,-0.218000,0.085000
0.135000,-0.220000,-0.355000,0.043000,0.245000,-0.287000,0.160000,0.410000,0.090000,-2.250000,-0.305000,0.000000
0.090000,-0.218000,-0.307000,0.065000,0.199000,-0.262000,0.223000,0.485000,0.144000,-2.136000,-0.398000,-0.092000
0.026000,-0.233000,-0.259000,0.104000,0.142000,-0.246000,0.287000,0.566000,0.214000,-1.962000,-0.482000,-0.179000
-0.030000,-0.239000,-0.209000,0.135000,0.090000,-0.224000,0.340000,0.643000,0.282000,-1.781000,-0.540000,-0.242000
-0.079000,-0.236000,-0.157000,0.157000,0.040000,-0.196000,0.387000,0.711000,0.340000,-1.651000,-0.571000,-0.278000
-0.140000,-0.250000,-0.110000,0.195000,-0.015000,-0.180000,0.435000,0.780000,0.405000,-1.550000,-0.590000,-0.300000
-0.190000,-0.260000,-0.070000,0.225000,-0.060000,-0.165000,0.484000,0.866000,0.482000,-1.456000,-0.604000,-0.312000
-0.226000,-0.255000,-0.029000,0.241000,-0.099000,-0.142000,0.520000,0.928000,0.546000,-1.378000,-0.603000,-0.326000
-0.251000,-0.246000,0.006000,0.248000,-0.129000,-0.120000,0.552000,0.990000,0.607000,-1.282000,-0.600000,-0.329000
-0.278000,-0.238000,0.040000,0.258000,-0.159000,-0.099000,0.590000,1.061000,0.670000,-1.159000,-0.599000,-0.324000
-0.300000,-0.230000,0.070000,0.265000,-0.185000,-0.080000,0.620000,1.105000,0.720000,-1.050000,-0.595000,-0.325000
-0.292000,-0.222000,0.070000,0.257000,-0.181000,-0.076000,0.627000,1.132000,0.752000,-0.977000,-0.595000,-0.325000
-0.360000,-0.214000,0.146000,0.287000,-0.253000,-0.034000,0.649000,1.169000,0.786000,-0.908000,-0.596000,-0.325000
-0.398000,-0.206000,0.193000,0.302000,-0.296000,-0.006000,0.663000,1.195000,0.808000,-0.846000,-0.593000,-0.325000
-0.361000,-0.199000,0.162000,0.280000,-0.261000,-0.018000,0.677000,1.219000,0.835000,-0.781000,-0.590000,-0.324000
-0.350000,-0.195000,0.155000,0.272000,-0.252000,-0.020000,0.715000,1.265000,0.885000,-0.700000,-0.590000,-0.320000
-0.388000,-0.195000,0.193000,0.291000,-0.290000,-0.001000,0.721000,1.291000,0.908000,-0.645000,-0.586000,-0.320000
-0.430000,-0.196000,0.234000,0.312000,-0.332000,0.019000,0.724000,1.304000,0.917000,-0.570000,-0.585000,-0.320000
-0.439000,-0.193000,0.246000,0.316000,-0.343000,0.027000,0.737000,1.332000,0.939000,-0.499000,-0.584000,-0.320000
-0.428000,-0.190000,0.238000,0.309000,-0.333000,0.024000,0.746000,1.367000,0.965000,-0.445000,-0.587000,-0.320000
-0.425000,-0.190000,0.235000,0.307000,-0.330000,0.022000,0.750000,1.380000,0.975000,-0.380000,-0.600000,-0.320000
-0.425000,-0.190000,0.235000,0.307000,-0.330000,0.022000,0.761000,1.390000,0.985000,-0.318000,-0.604000,-0.328000
-0.423000,-0.191000,0.232000,0.307000,-0.328000,0.021000,0.779000,1.417000,1.012000,-0.270000,-0.609000,-0.336000
-0.416000,-0.188000,0.228000,0.302000,-0.322000,0.020000,0.785000,1.438000,1.030000,-0.230000,-0.623000,-0.345000
-0.408000,-0.185000,0.223000,0.296000,-0.315000,0.019000,0.789000,1.448000,1.039000,-0.190000,-0.639000,-0.358000
-0.410000,-0.185000,0.225000,0.297000,-0.317000,0.020000,0.815000,1.470000,1.065000,-0.150000,-0.645000,-0.365000
-0.433000,-0.185000,0.248000,0.309000,-0.340000,0.031000,0.833000,1.500000,1.095000,-0.114000,-0.639000,-0.358000
-0.427000,-0.185000,0.241000,0.306000,-0.333000,0.027000,0.834000,1.512000,1.105000,-0.075000,-0.651000,-0.379000
-0.439000,-0.183000,0.256000,0.311000,-0.347000,0.036000,0.841000,1.538000,1.124000,-0.038000,-0.664000,-0.391000
-0.478000,-0.180000,0.298000,0.329000,-0.388000,0.059000,0.859000,1.578000,1.156000,0.001000,-0.665000,-0.385000
-0.490000,-0.180000,0.310000,0.335000,-0.400000,0.065000,0.870000,1.595000,1.170000,0.050000,-0.665000,-0.400000
-0.486000,-0.180000,0.306000,0.333000,-0.396000,0.062000,0.867000,1.609000,1.179000,0.092000,-0.675000,-0.423000
-0.482000,-0.177000,0.305000,0.329000,-0.393000,0.064000,0.861000,1.609000,1.179000,0.151000,-0.703000,-0.451000
-0.479000,-0.175000,0.304000,0.326000,-0.391000,0.065000,0.879000,1.633000,1.202000,0.203000,-0.718000,-0.461000
-0.473000,-0.175000,0.298000,0.324000,-0.385000,0.061000,0.911000,1.673000,1.243000,0.249000,-0.714000,-0.454000
-0.475000,-0.175000,0.300000,0.325000,-0.387000,0.062000,0.930000,1.695000,1.270000,0.310000,-0.715000,-0.455000
-0.506000,-0.175000,0.331000,0.340000,-0.418000,0.078000,0.952000,1.728000,1.307000,0.352000,-0.716000,-0.458000
-0.502000,-0.172000,0.330000,0.336000,-0.415000,0.079000,0.956000,1.748000,1.326000,0.379000,-0.713000,-0.471000
-0.500000,-0.169000,0.330000,0.334000,-0.415000,0.080000,0.959000,1.764000,1.335000,0.402000,-0.723000,-0.488000
-0.518000,-0.170000,0.348000,0.343000,-0.433000,0.088000,0.974000,1.786000,1.357000,0.417000,-0.736000,-0.496000
-0.530000,-0.170000,0.360000,0.350000,-0.445000,0.095000,0.985000,1.805000,1.385000,0.425000,-0.735000,-0.500000
-0.569000,-0.170000,0.399000,0.369000,-0.484000,0.114000,0.986000,1.813000,1.390000,0.462000,-0.750000,-0.519000
-0.570000,-0.167000,0.403000,0.368000,-0.486000,0.118000,0.983000,1.824000,1.395000,0.480000,-0.771000,-0.541000
-0.556000,-0.165000,0.391000,0.360000,-0.473000,0.113000,0.990000,1.836000,1.407000,0.480000,-0.787000,-0.557000
-0.554000,-0.165000,0.389000,0.360000,-0.471000,0.112000,1.011000,1.857000,1.434000,0.489000,-0.788000,-0.558000
-0.545000,-0.165000,0.380000,0.355000,-0.462000,0.107000,1.030000,1.885000,1.470000,0.510000,-0.780000,-0.550000
-0.538000,-0.167000,0.372000,0.352000,-0.454000,0.102000,1.027000,1.891000,1.476000,0.515000,-0.796000,-0.570000
-0.557000,-0.155000,0.402000,0.356000,-0.479000,0.124000,1.054000,1.923000,1.511000,0.516000,-0.800000,-0.578000
-0.595000,-0.168000,0.426000,0.381000,-0.510000,0.128000,1.076000,1.945000,1.535000,0.529000,-0.790000,-0.572000
-0.617000,-0.191000,0.426000,0.403000,-0.521000,0.117000,1.074000,1.939000,1.530000,0.541000,-0.793000,-0.579000
-0.600000,-0.175000,0.425000,0.387000,-0.512000,0.125000,1.075000,1.940000,1.540000,0.540000,-0.810000,-0.600000
-0.574000,-0.166000,0.408000,0.370000,-0.490000,0.120000,1.075000,1.947000,1.556000,0.554000,-0.811000,-0.606000
-0.601000,-0.160000,0.441000,0.380000,-0.520000,0.140000,1.075000,1.959000,1.572000,0.579000,-0.808000,-0.603000
-0.595000,-0.149000,0.446000,0.372000,-0.520000,0.149000,1.075000,1.969000,1.573000,0.583000,-0.817000,-0.613000
-0.573000,-0.138000,0.435000,0.355000,-0.504000,0.149000,1.074000,1.970000,1.580000,0.583000,-0.825000,-0.626000
-0.610000,-0.130000,0.480000,0.370000,-0.545000,0.175000,1.075000,1.970000,1.610000,0.605000,-0.815000,-0.620000
-0.596000,-0.122000,0.475000,0.359000,-0.535000,0.176000,1.084000,1.979000,1.623000,0.606000,-0.806000,-0.616000
-0.582000,-0.117000,0.465000,0.349000,-0.523000,0.174000,1.080000,1.976000,1.631000,0.606000,-0.802000,-0.612000
-0.577000,-0.113000,0.464000,0.344000,-0.520000,0.176000,1.073000,1.965000,1.638000,0.601000,-0.797000,-0.608000
-0.568000,-0.110000,0.458000,0.339000,-0.513000,0.174000,1.068000,1.958000,1.640000,0.605000,-0.788000,-0.604000
-0.565000,-0.110000,0.455000,0.337000,-0.510000,0.172000,1.060000,1.950000,1.640000,0.635000,-0.780000,-0.600000
-0.572000,-0.106000,0.466000,0.339000,-0.518000,0.179000,1.056000,1.942000,1.649000,0.651000,-0.777000,-0.596000
-0.586000,-0.101000,0.485000,0.344000,-0.536000,0.191000,1.049000,1.934000,1.645000,0.671000,-0.766000,-0.589000
-0.603000,-0.100000,0.503000,0.351000,-0.553000,0.201000,1.044000,1.926000,1.638000,0.685000,-0.755000,-0.581000
-0.601000,-0.099000,0.502000,0.349000,-0.551000,0.201000,1.037000,1.917000,1.633000,0.684000,-0.748000,-0.573000
-0.580000,-0.090000,0.490000,0.335000,-0.535000,0.200000,1.020000,1.905000,1.625000,0.685000,-0.740000,-0.565000
-0.593000,-0.081000,0.512000,0.337000,-0.552000,0.215000,1.008000,1.895000,1.621000,0.710000,-0.728000,-0.557000
-0.619000,-0.077000,0.542000,0.348000,-0.580000,0.232000,0.996000,1.867000,1.614000,0.715000,-0.718000,-0.548000
-0.622000,-0.072000,0.551000,0.347000,-0.586000,0.239000,0.984000,1.835000,1.608000,0.706000,-0.713000,-0.545000
-0.606000,-0.063000,0.543000,0.334000,-0.574000,0.240000,0.972000,1.809000,1.603000,0.706000,-0.699000,-0.535000
-0.595000,-0.055000,0.540000,0.325000,-0.567000,0.242000,0.960000,1.790000,1.590000,0.720000,-0.665000,-0.505000
-0.588000,-0.052000,0.536000,0.319000,-0.562000,0.242000,0.948000,1.775000,1.582000,0.751000,-0.636000,-0.476000
-0.573000,-0.041000,0.531000,0.307000,-0.552000,0.245000,0.936000,1.747000,1.574000,0.750000,-0.614000,-0.456000
-0.560000,-0.030000,0.530000,0.295000,-0.545000,0.249000,0.925000,1.716000,1.567000,0.766000,-0.596000,-0.445000
-0.553000,-0.023000,0.529000,0.288000,-0.541000,0.253000,0.911000,1.686000,1.556000,0.799000,-0.574000,-0.430000
-0.540000,-0.015000,0.525000,0.277000,-0.532000,0.255000,0.890000,1.645000,1.535000,0.790000,-0.550000,-0.405000
-0.528000,-0.007000,0.521000,0.267000,-0.524000,0.256000,0.870000,1.609000,1.516000,0.785000,-0.531000,-0.381000
-0.516000,0.001000,0.517000,0.257000,-0.517000,0.259000,0.847000,1.573000,1.489000,0.790000,-0.504000,-0.354000
-0.504000,0.008000,0.512000,0.247000,-0.509000,0.260000,0.823000,1.537000,1.463000,0.801000,-0.478000,-0.327000
-0.492000,0.018000,0.510000,0.237000,-0.502000,0.264000,0.799000,1.500000,1.438000,0.803000,-0.453000,-0.304000
-0.480000,0.030000,0.510000,0.225000,-0.495000,0.270000,0.775000,1.460000,1.410000,0.800000,-0.425000,-0.280000
-0.461000,0.034000,0.495000,0.214000,-0.478000,0.264000,0.751000,1.421000,1.386000,0.832000,-0.402000,-0.256000
-0.438000,0.039000,0.478000,0.200000,-0.459000,0.258000,0.724000,1.375000,1.359000,0.849000,-0.371000,-0.229000
-0.441000,0.021000,0.462000,0.210000,-0.452000,0.242000,0.697000,1.326000,1.331000,0.851000,-0.341000,-0.203000
-0.430000,0.015000,0.446000,0.207000,-0.438000,0.231000,0.675000,1.278000,1.302000,0.857000,-0.312000,-0.178000
-0.380000,0.050000,0.430000,0.165000,-0.405000,0.240000,0.655000,1.235000,1.270000,0.865000,-0.280000,-0.145000
-0.385000,0.037000,0.422000,0.174000,-0.404000,0.229000,0.636000,1.196000,1.239000,0.874000,-0.251000,-0.116000
-0.365000,0.049000,0.414000,0.158000,-0.389000,0.231000,0.607000,1.147000,1.201000,0.875000,-0.227000,-0.092000
-0.348000,0.060000,0.408000,0.144000,-0.378000,0.234000,0.573000,1.093000,1.159000,0.878000,-0.204000,-0.068000
-0.356000,0.048000,0.404000,0.153000,-0.380000,0.225000,0.543000,1.043000,1.121000,0.887000,-0.178000,-0.043000
-0.350000,0.045000,0.395000,0.152000,-0.373000,0.220000,0.520000,1.000000,1.085000,0.890000,-0.145000,-0.015000
-0.340000,0.046000,0.386000,0.147000,-0.364000,0.216000,0.496000,0.957000,1.050000,0.889000,-0.116000,0.011000
-0.309000,0.074000,0.383000,0.117000,-0.346000,0.228000,0.469000,0.907000,1.010000,0.897000,-0.092000,0.018000
-0.277000,0.098000,0.375000,0.089000,-0.326000,0.236000,0.441000,0.854000,0.972000,0.915000,-0.069000,0.042000
-0.263000,0.099000,0.362000,0.081000,-0.312000,0.230000,0.413000,0.802000,0.935000,0.926000,-0.051000,0.084000
-0.250000,0.100000,0.350000,0.075000,-0.300000,0.225000,0.385000,0.750000,0.890000,0.920000,-0.040000,0.100000
-0.232000,0.106000,0.337000,0.063000,-0.284000,0.221000,0.356000,0.696000,0.845000,0.916000,-0.030000,0.098000
-0.268000,0.063000,0.331000,0.102000,-0.299000,0.196000,0.339000,0.661000,0.812000,0.912000,-0.003000,0.121000
-0.246000,0.068000,0.314000,0.089000,-0.280000,0.190000,0.331000,0.638000,0.789000,0.908000,0.031000,0.157000
-0.166000,0.116000,0.282000,0.025000,-0.224000,0.199000,0.314000,0.605000,0.761000,0.904000,0.054000,0.179000
-0.150000,0.105000,0.255000,0.022000,-0.203000,0.180000,0.285000,0.560000,0.720000,0.900000,0.065000,0.190000
-0.146000,0.100000,0.246000,0.023000,-0.196000,0.172000,0.260000,0.520000,0.684000,0.901000,0.072000,0.197000
-0.142000,0.101000,0.243000,0.020000,-0.192000,0.172000,0.242000,0.478000,0.645000,0.895000,0.085000,0.214000
-0.138000,0.098000,0.236000,0.020000,-0.187000,0.167000,0.227000,0.433000,0.605000,0.886000,0.090000,0.218000
-0.134000,0.095000,0.229000,0.020000,-0.182000,0.161000,0.211000,0.398000,0.573000,0.878000,0.092000,0.217000
-0.130000,0.095000,0.225000,0.017000,-0.178000,0.160000,0.195000,0.375000,0.550000,0.870000,0.105000,0.235000
-0.125000,0.091000,0.217000,0.016000,-0.171000,0.154000,0.183000,0.351000,0.526000,0.862000,0.118000,0.240000
-0.127000,0.086000,0.213000,0.020000,-0.170000,0.149000,0.171000,0.329000,0.505000,0.853000,0.120000,0.244000
-0.118000,0.085000,0.203000,0.017000,-0.161000,0.144000,0.161000,0.312000,0.485000,0.849000,0.124000,0.257000
-0.102000,0.084000,0.186000,0.009000,-0.145000,0.135000,0.152000,0.296000,0.464000,0.842000,0.130000,0.265000
-0.095000,0.080000,0.175000,0.007000,-0.135000,0.127000,0.140000,0.280000,0.440000,0.825000,0.130000,0.260000
-0.083000,0.080000,0.163000,0.001000,-0.123000,0.122000,0.132000,0.264000,0.415000,0.813000,0.139000,0.255000
-0.073000,0.077000,0.151000,-0.002000,-0.113000,0.114000,0.121000,0.248000,0.397000,0.798000,0.135000,0.255000
-0.066000,0.073000,0.139000,-0.004000,-0.103000,0.106000,0.110000,0.232000,0.382000,0.784000,0.127000,0.254000
-0.058000,0.069000,0.127000,-0.006000,-0.092000,0.098000,0.104000,0.216000,0.366000,0.771000,0.124000,0.249000
-0.050000,0.065000,0.115000,-0.008000,-0.083000,0.090000,0.100000,0.200000,0.350000,0.750000,0.120000,0.245000
-0.046000,0.061000,0.107000,-0.008000,-0.077000,0.084000,0.100000,0.183000,0.334000,0.735000,0.112000,0.246000
-0.039000,0.057000,0.096000,-0.009000,-0.068000,0.076000,0.097000,0.173000,0.320000,0.711000,0.106000,0.237000
-0.032000,0.053000,0.085000,-0.011000,-0.058000,0.068000,0.094000,0.168000,0.311000,0.679000,0.104000,0.225000
-0.022000,0.049000,0.071000,-0.014000,-0.046000,0.060000,0.095000,0.163000,0.303000,0.656000,0.098000,0.218000
-0.020000,0.045000,0.065000,-0.013000,-0.043000,0.055000,0.095000,0.155000,0.295000,0.645000,0.090000,0.210000
-0.054000,0.041000,0.095000,0.007000,-0.074000,0.068000,0.091000,0.151000,0.283000,0.634000,0.086000,0.202000
-0.058000,0.040000,0.098000,0.009000,-0.078000,0.069000,0.089000,0.144000,0.274000,0.613000,0.083000,0.194000
-0.046000,0.038000,0.084000,0.004000,-0.065000,0.061000,0.091000,0.138000,0.266000,0.589000,0.076000,0.186000
-0.044000,0.035000,0.079000,0.005000,-0.062000,0.056000,0.089000,0.134000,0.259000,0.571000,0.069000,0.178000
-0.040000,0.035000,0.075000,0.002000,-0.058000,0.055000,0.085000,0.130000,0.255000,0.555000,0.065000,0.170000
-0.036000,0.031000,0.067000,0.002000,-0.052000,0.049000,0.085000,0.130000,0.251000,0.540000,0.061000,0.162000
-0.032000,0.026000,0.058000,0.002000,-0.046000,0.042000,0.086000,0.130000,0.250000,0.515000,0.057000,0.157000
-0.028000,0.025000,0.053000,0.001000,-0.041000,0.039000,0.083000,0.130000,0.248000,0.487000,0.053000,0.152000
-0.025000,0.024000,0.049000,0.000000,-0.037000,0.036000,0.080000,0.130000,0.245000,0.464000,0.049000,0.143000
-0.025000,0.020000,0.045000,0.002000,-0.035000,0.032000,0.080000,0.130000,0.245000,0.440000,0.045000,0.135000
-0.025000,0.020000,0.045000,0.002000,-0.035000,0.032000,0.076000,0.130000,0.241000,0.415000,0.045000,0.131000
-0.028000,0.017000,0.045000,0.005000,-0.037000,0.031000,0.074000,0.130000,0.240000,0.397000,0.043000,0.124000
-0.032000,0.013000,0.045000,0.009000,-0.039000,0.029000,0.076000,0.130000,0.239000,0.382000,0.037000,0.117000
-0.036000,0.009000,0.045000,0.013000,-0.041000,0.027000,0.074000,0.130000,0.234000,0.366000,0.035000,0.114000
-0.040000,0.005000,0.045000,0.017000,-0.043000,0.025000,0.070000,0.130000,0.230000,0.350000,0.035000,0.110000
-0.043000,0.001000,0.044000,0.021000,-0.044000,0.022000,0.070000,0.130000,0.230000,0.334000,0.031000,0.102000
-0.052000,-0.004000,0.049000,0.028000,-0.050000,0.022000,0.071000,0.130000,0.227000,0.318000,0.026000,0.096000
-0.053000,-0.005000,0.049000,0.029000,-0.050000,0.022000,0.068000,0.130000,0.225000,0.302000,0.025000,0.093000
-0.060000,-0.006000,0.054000,0.033000,-0.056000,0.023000,0.065000,0.130000,0.224000,0.286000,0.024000,0.088000
-0.085000,-0.015000,0.070000,0.050000,-0.077000,0.027000,0.065000,0.130000,0.220000,0.270000,0.015000,0.080000
-0.082000,-0.019000,0.063000,0.050000,-0.072000,0.022000,0.064000,0.130000,0.220000,0.254000,0.011000,0.072000
-0.082000,-0.026000,0.056000,0.053000,-0.069000,0.015000,0.071000,0.130000,0.217000,0.238000,0.008000,0.064000
-0.087000,-0.033000,0.053000,0.060000,-0.070000,0.009000,0.078000,0.130000,0.214000,0.222000,0.001000,0.056000
-0.083000,-0.034000,0.049000,0.059000,-0.066000,0.007000,0.080000,0.130000,0.215000,0.206000,-0.006000,0.048000
-0.075000,-0.030000,0.045000,0.052000,-0.060000,0.007000,0.080000,0.130000,0.215000,0.190000,-0.010000,0.040000
-0.071000,-0.030000,0.041000,0.051000,-0.056000,0.005000,0.080000,0.130000,0.215000,0.178000,-0.015000,0.032000
-0.064000,-0.027000,0.037000,0.045000,-0.050000,0.005000,0.080000,0.130000,0.215000,0.168000,-0.012000,0.026000
-0.058000,-0.025000,0.033000,0.041000,-0.045000,0.004000,0.080000,0.130000,0.215000,0.163000,-0.009000,0.025000
-0.053000,-0.024000,0.029000,0.039000,-0.041000,0.002000,0.080000,0.130000,0.215000,0.159000,-0.011000,0.025000
-0.045000,-0.020000,0.025000,0.032000,-0.035000,0.002000,0.080000,0.130000,0.215000,0.155000,-0.020000,0.025000
-0.042000,-0.020000,0.021000,0.031000,-0.032000,0.001000,0.081000,0.130000,0.215000,0.147000,-0.029000,0.021000
-0.033000,-0.017000,0.016000,0.025000,-0.024000,-0.001000,0.077000,0.128000,0.216000,0.142000,-0.028000,0.020000
-0.049000,-0.015000,0.034000,0.032000,-0.041000,0.009000,0.090000,0.137000,0.229000,0.138000,-0.024000,0.020000
-0.072000,-0.014000,0.057000,0.042000,-0.064000,0.022000,0.105000,0.153000,0.240000,0.134000,-0.025000,0.020000
-0.060000,-0.010000,0.050000,0.035000,-0.055000,0.020000,0.100000,0.155000,0.235000,0.130000,-0.025000,0.020000
-0.058000,-0.010000,0.048000,0.034000,-0.053000,0.019000,0.119000,0.153000,0.246000,0.130000,-0.025000,0.016000
-0.067000,-0.007000,0.060000,0.036000,-0.063000,0.027000,0.137000,0.168000,0.263000,0.131000,-0.022000,0.014000
-0.071000,-0.005000,0.066000,0.038000,-0.068000,0.030000,0.141000,0.174000,0.274000,0.128000,-0.019000,0.016000
-0.079000,-0.004000,0.074000,0.041000,-0.076000,0.035000,0.140000,0.172000,0.275000,0.125000,-0.020000,0.014000
-0.095000,0.000000,0.095000,0.047000,-0.095000,0.047000,0.140000,0.185000,0.275000,0.125000,-0.020000,0.010000
-0.092000,0.000000,0.092000,0.046000,-0.092000,0.046000,0.135000,0.184000,0.279000,0.125000,-0.020000,0.010000
-0.084000,0.005000,0.089000,0.039000,-0.086000,0.047000,0.143000,0.200000,0.280000,0.126000,-0.021000,0.010000
-0.076000,0.014000,0.091000,0.031000,-0.083000,0.052000,0.153000,0.214000,0.283000,0.123000,-0.018000,0.010000
-0.068000,0.022000,0.089000,0.023000,-0.078000,0.056000,0.156000,0.217000,0.292000,0.120000,-0.015000,0.009000
-0.060000,0.030000,0.090000,0.015000,-0.075000,0.060000,0.165000,0.230000,0.300000,0.120000,-0.015000,0.005000
-0.063000,0.038000,0.101000,0.012000,-0.082000,0.069000,0.178000,0.234000,0.312000,0.120000,-0.015000,0.005000
-0.072000,0.047000,0.119000,0.012000,-0.096000,0.082000,0.185000,0.242000,0.320000,0.120000,-0.015000,0.005000
-0.107000,0.051000,0.158000,0.027000,-0.133000,0.104000,0.200000,0.261000,0.334000,0.118000,-0.016000,0.006000
-0.129000,0.058000,0.187000,0.035000,-0.158000,0.122000,0.209000,0.269000,0.345000,0.115000,-0.013000,0.004000
-0.100000,0.070000,0.170000,0.015000,-0.135000,0.120000,0.190000,0.250000,0.335000,0.115000,-0.010000,-0.005000
-0.095000,0.066000,0.162000,0.014000,-0.129000,0.114000,0.177000,0.238000,0.327000,0.115000,-0.039000,-0.009000
-0.087000,0.064000,0.151000,0.011000,-0.120000,0.107000,0.166000,0.223000,0.319000,0.112000,-0.051000,-0.013000
-0.075000,0.066000,0.141000,0.004000,-0.108000,0.103000,0.154000,0.208000,0.311000,0.110000,-0.049000,-0.017000
-0.068000,0.064000,0.132000,0.002000,-0.101000,0.098000,0.141000,0.197000,0.303000,0.110000,-0.050000,-0.021000
-0.060000,0.060000,0.120000,0.000000,-0.090000,0.090000,0.125000,0.185000,0.295000,0.110000,-0.050000,-0.025000
-0.052000,0.060000,0.112000,-0.004000,-0.082000,0.086000,0.109000,0.177000,0.291000,0.110000,-0.048000,-0.027000
-0.046000,0.061000,0.106000,-0.008000,-0.076000,0.083000,0.093000,0.170000,0.287000,0.107000,-0.064000,-0.045000
-0.047000,0.058000,0.105000,-0.006000,-0.076000,0.081000,0.076000,0.159000,0.283000,0.104000,-0.082000,-0.062000
-0.051000,0.055000,0.105000,-0.002000,-0.078000,0.080000,0.062000,0.148000,0.279000,0.105000,-0.084000,-0.064000
-0.050000,0.055000,0.105000,-0.003000,-0.078000,0.080000,0.055000,0.140000,0.275000,0.105000,-0.080000,-0.060000
-0.049000,0.055000,0.104000,-0.004000,-0.077000,0.080000,0.049000,0.130000,0.271000,0.105000,-0.080000,-0.060000
-0.059000,0.052000,0.111000,0.003000,-0.085000,0.081000,0.061000,0.138000,0.266000,0.109000,-0.080000,-0.060000
-0.085000,0.049000,0.134000,0.018000,-0.109000,0.092000,0.077000,0.149000,0.265000,0.125000,-0.080000,-0.060000
-0.100000,0.050000,0.150000,0.025000,-0.125000,0.100000,0.079000,0.150000,0.264000,0.143000,-0.079000,-0.060000
-0.085000,0.050000,0.135000,0.017000,-0.110000,0.092000,0.075000,0.150000,0.260000,0.145000,-0.075000,-0.060000
-0.081000,0.046000,0.127000,0.017000,-0.104000,0.086000,0.075000,0.150000,0.256000,0.145000,-0.075000,-0.060000
-0.072000,0.044000,0.116000,0.013000,-0.094000,0.080000,0.072000,0.150000,0.252000,0.145000,-0.075000,-0.061000
-0.060000,0.046000,0.106000,0.007000,-0.084000,0.075000,0.070000,0.150000,0.248000,0.144000,-0.075000,-0.058000
-0.053000,0.044000,0.097000,0.004000,-0.076000,0.070000,0.069000,0.150000,0.244000,0.146000,-0.075000,-0.055000
-0.045000,0.040000,0.085000,0.002000,-0.065000,0.062000,0.065000,0.150000,0.240000,0.155000,-0.075000,-0.055000
-0.037000,0.039000,0.076000,-0.002000,-0.057000,0.057000,0.065000,0.150000,0.240000,0.163000,-0.071000,-0.055000
-0.030000,0.042000,0.072000,-0.006000,-0.051000,0.056000,0.062000,0.150000,0.237000,0.174000,-0.070000,-0.055000
-0.033000,0.035000,0.068000,-0.001000,-0.051000,0.052000,0.060000,0.150000,0.233000,0.183000,-0.070000,-0.055000
-0.041000,0.023000,0.064000,0.009000,-0.053000,0.043000,0.060000,0.150000,0.229000,0.186000,-0.070000,-0.055000
-0.045000,0.015000,0.060000,0.015000,-0.053000,0.037000,0.055000,0.150000,0.225000,0.195000,-0.070000,-0.055000
-0.053000,0.003000,0.056000,0.025000,-0.054000,0.029000,0.052000,0.150000,0.221000,0.213000,-0.066000,-0.056000
-0.061000,-0.006000,0.055000,0.033000,-0.058000,0.024000,0.077000,0.150000,0.216000,0.211000,-0.065000,-0.050000
-0.069000,-0.015000,0.054000,0.042000,-0.061000,0.019000,0.092000,0.150000,0.215000,0.200000,-0.065000,-0.055000
-0.077000,-0.028000,0.049000,0.052000,-0.062000,0.010000,0.093000,0.150000,0.214000,0.193000,-0.065000,-0.067000
-0.080000,-0.035000,0.045000,0.057000,-0.062000,0.005000,0.115000,0.150000,0.210000,0.185000,-0.065000,-0.070000
-0.072000,-0.031000,0.041000,0.052000,-0.057000,0.005000,0.112000,0.150000,0.206000,0.177000,-0.062000,-0.080000
-0.066000,-0.029000,0.036000,0.047000,-0.051000,0.003000,0.106000,0.150000,0.202000,0.169000,-0.087000,-0.105000
-0.066000,-0.030000,0.035000,0.047000,-0.050000,0.002000,0.104000,0.150000,0.198000,0.160000,-0.102000,-0.116000
-0.064000,-0.030000,0.034000,0.046000,-0.049000,0.002000,0.098000,0.150000,0.195000,0.155000,-0.094000,-0.109000
-0.055000,-0.030000,0.025000,0.042000,-0.040000,-0.002000,0.100000,0.150000,0.195000,0.160000,-0.095000,-0.110000
-0.053000,-0.033000,0.021000,0.043000,-0.037000,-0.005000,0.124000,0.154000,0.191000,0.160000,-0.096000,-0.106000
-0.064000,-0.047000,0.018000,0.055000,-0.040000,-0.014000,0.139000,0.156000,0.187000,0.160000,-0.092000,-0.104000
-0.072000,-0.061000,0.011000,0.066000,-0.041000,-0.025000,0.139000,0.154000,0.183000,0.159000,-0.090000,-0.106000
-0.077000,-0.074000,0.004000,0.075000,-0.040000,-0.034000,0.143000,0.157000,0.179000,0.163000,-0.090000,-0.104000
-0.085000,-0.085000,0.000000,0.085000,-0.042000,-0.042000,0.155000,0.165000,0.175000,0.175000,-0.090000,-0.100000
-0.077000,-0.081000,-0.005000,0.079000,-0.036000,-0.042000,0.151000,0.158000,0.175000,0.172000,-0.090000,-0.100000
-0.077000,-0.080000,-0.003000,0.079000,-0.037000,-0.041000,0.149000,0.149000,0.172000,0.166000,-0.087000,-0.097000
-0.081000,-0.078000,0.002000,0.079000,-0.041000,-0.038000,0.151000,0.141000,0.168000,0.165000,-0.084000,-0.095000
-0.081000,-0.075000,0.006000,0.077000,-0.043000,-0.034000,0.149000,0.133000,0.164000,0.164000,-0.085000,-0.095000
-0.085000,-0.075000,0.010000,0.080000,-0.047000,-0.032000,0.145000,0.125000,0.160000,0.160000,-0.085000,-0.095000
-0.086000,-0.072000,0.014000,0.078000,-0.050000,-0.028000,0.145000,0.116000,0.156000,0.160000,-0.085000,-0.102000
-0.084000,-0.066000,0.018000,0.075000,-0.051000,-0.024000,0.145000,0.113000,0.155000,0.157000,-0.082000,-0.119000
-0.105000,-0.082000,0.023000,0.094000,-0.064000,-0.030000,0.145000,0.104000,0.154000,0.155000,-0.079000,-0.125000
-0.126000,-0.101000,0.025000,0.113000,-0.075000,-0.038000,0.144000,0.103000,0.149000,0.155000,-0.080000,-0.119000
-0.110000,-0.090000,0.020000,0.100000,-0.065000,-0.035000,0.140000,0.120000,0.145000,0.150000,-0.080000,-0.115000
-0.105000,-0.085000,0.020000,0.095000,-0.062000,-0.032000,0.140000,0.117000,0.141000,0.145000,-0.076000,-0.111000
-0.103000,-0.082000,0.021000,0.093000,-0.062000,-0.031000,0.140000,0.114000,0.136000,0.145000,-0.075000,-0.107000
-0.096000,-0.078000,0.018000,0.087000,-0.057000,-0.030000,0.140000,0.115000,0.135000,0.143000,-0.075000,-0.103000
-0.089000,-0.074000,0.014000,0.081000,-0.051000,-0.030000,0.139000,0.115000,0.134000,0.140000,-0.075000,-0.099000
-0.085000,-0.070000,0.015000,0.077000,-0.050000,-0.027000,0.135000,0.115000,0.130000,0.140000,-0.075000,-0.095000
-0.081000,-0.065000,0.017000,0.072000,-0.049000,-0.024000,0.135000,0.111000,0.130000,0.136000,-0.071000,-0.091000
-0.077000,-0.073000,0.004000,0.075000,-0.040000,-0.035000,0.136000,0.110000,0.127000,0.135000,-0.070000,-0.090000
-0.089000,-0.101000,-0.012000,0.096000,-0.038000,-0.057000,0.133000,0.110000,0.124000,0.133000,-0.070000,-0.089000
-0.099000,-0.122000,-0.023000,0.110000,-0.038000,-0.072000,0.130000,0.110000,0.125000,0.129000,-0.070000,-0.084000
-0.085000,-0.115000,-0.030000,0.100000,-0.027000,-0.072000,0.130000,0.110000,0.125000,0.130000,-0.070000,-0.085000
-0.088000,-0.115000,-0.026000,0.102000,-0.030000,-0.071000,0.130000,0.110000,0.121000,0.130000,-0.066000,-0.102000
-0.091000,-0.112000,-0.022000,0.102000,-0.034000,-0.067000,0.131000,0.107000,0.119000,0.127000,-0.064000,-0.103000
-0.091000,-0.109000,-0.018000,0.100000,-0.037000,-0.063000,0.128000,0.104000,0.121000,0.124000,-0.066000,-0.099000
-0.096000,-0.110000,-0.014000,0.104000,-0.041000,-0.062000,0.125000,0.105000,0.119000,0.125000,-0.064000,-0.099000
-0.100000,-0.110000,-0.010000,0.105000,-0.045000,-0.060000,0.125000,0.105000,0.115000,0.125000,-0.060000,-0.095000
-0.100000,-0.106000,-0.006000,0.103000,-0.047000,-0.056000,0.125000,0.105000,0.115000,0.121000,-0.060000,-0.095000
-0.101000,-0.105000,-0.004000,0.104000,-0.048000,-0.054000,0.126000,0.102000,0.116000,0.119000,-0.061000,-0.092000
-0.095000,-0.103000,-0.008000,0.100000,-0.043000,-0.056000,0.123000,0.099000,0.113000,0.121000,-0.058000,-0.089000
-0.083000,-0.099000,-0.017000,0.092000,-0.033000,-0.058000,0.120000,0.100000,0.110000,0.119000,-0.055000,-0.090000
-0.075000,-0.100000,-0.025000,0.088000,-0.025000,-0.062000,0.120000,0.100000,0.110000,0.115000,-0.055000,-0.090000
-0.062000,-0.101000,-0.038000,0.082000,-0.012000,-0.070000,0.120000,0.100000,0.109000,0.115000,-0.055000,-0.086000
-0.058000,-0.094000,-0.036000,0.076000,-0.011000,-0.065000,0.120000,0.099000,0.118000,0.116000,-0.056000,-0.085000
-0.063000,-0.088000,-0.025000,0.075000,-0.019000,-0.056000,0.119000,0.103000,0.130000,0.113000,-0.052000,-0.083000
-0.064000,-0.083000,-0.019000,0.074000,-0.022000,-0.051000,0.122000,0.131000,0.146000,0.110000,-0.043000,-0.080000
-0.060000,-0.075000,-0.015000,0.068000,-0.022000,-0.045000,0.140000,0.205000,0.190000,0.110000,-0.035000,-0.080000
-0.064000,-0.071000,-0.007000,0.068000,-0.028000,-0.039000,0.170000,0.313000,0.261000,0.110000,-0.027000,-0.076000
-0.065000,-0.064000,0.001000,0.064000,-0.033000,-0.031000,0.180000,0.372000,0.300000,0.107000,-0.019000,-0.074000
-0.066000,-0.058000,0.008000,0.062000,-0.037000,-0.024000,0.184000,0.398000,0.339000,0.104000,-0.011000,-0.076000
-0.062000,-0.053000,0.009000,0.058000,-0.035000,-0.021000,0.191000,0.399000,0.365000,0.105000,-0.003000,-0.073000
-0.050000,-0.050000,0.000000,0.050000,-0.025000,-0.025000,0.195000,0.360000,0.335000,0.105000,0.000000,-0.060000
-0.058000,-0.065000,-0.007000,0.062000,-0.025000,-0.036000,0.209000,0.330000,0.316000,0.101000,-0.013000,-0.052000
-0.056000,-0.042000,0.014000,0.049000,-0.034000,-0.014000,0.200000,0.227000,0.278000,0.100000,-0.011000,-0.045000
-0.046000,-0.001000,0.044000,0.023000,-0.045000,0.021000,0.183000,0.021000,0.188000,0.100000,0.000000,-0.034000
-0.038000,0.026000,0.064000,0.006000,-0.051000,0.045000,0.171000,-0.244000,0.063000,0.100000,0.007000,-0.022000
-0.025000,0.045000,0.070000,-0.010000,-0.048000,0.057000,0.125000,-0.555000,-0.085000,0.100000,0.015000,-0.015000
-0.007000,0.049000,0.056000,-0.021000,-0.031000,0.052000,0.008000,-0.946000,-0.297000,0.096000,0.023000,-0.010000
0.024000,0.059000,0.035000,-0.042000,-0.005000,0.047000,-0.112000,-1.284000,-0.487000,0.094000,0.037000,0.024000
0.037000,0.084000,0.048000,-0.061000,-0.006000,0.065000,-0.217000,-1.611000,-0.671000,0.096000,0.085000,0.061000
0.037000,0.110000,0.073000,-0.074000,-0.018000,0.091000,-0.331000,-1.994000,-0.904000,0.094000,0.158000,0.105000
0.055000,0.135000,0.080000,-0.095000,-0.013000,0.107000,-0.470000,-2.430000,-1.205000,0.090000,0.225000,0.180000
0.074000,0.183000,0.110000,-0.128000,-0.019000,0.146000,-0.639000,-2.944000,-1.580000,0.090000,0.288000,0.253000
0.141000,0.220000,0.079000,-0.180000,0.031000,0.149000,-0.864000,-3.451000,-1.945000,0.091000,0.357000,0.321000
0.192000,0.221000,0.030000,-0.207000,0.081000,0.125000,-1.065000,-3.887000,-2.297000,0.088000,0.418000,0.388000
0.240000,0.207000,-0.033000,-0.224000,0.137000,0.087000,-1.237000,-4.270000,-2.654000,0.085000,0.468000,0.449000
0.350000,0.200000,-0.150000,-0.275000,0.250000,0.025000,-1.445000,-4.625000,-2.990000,0.085000,0.540000,0.520000
0.432000,0.188000,-0.244000,-0.310000,0.338000,-0.028000,-1.655000,-4.899000,-3.272000,0.085000,0.644000,0.628000
0.537000,0.179000,-0.358000,-0.358000,0.447000,-0.089000,-1.881000,-5.173000,-3.583000,0.083000,0.706000,0.692000
0.582000,0.169000,-0.413000,-0.376000,0.498000,-0.122000,-2.054000,-5.386000,-3.863000,0.090000,0.782000,0.766000
0.607000,0.158000,-0.449000,-0.382000,0.528000,-0.146000,-2.179000,-5.514000,-4.068000,0.102000,0.898000,0.876000
0.715000,0.150000,-0.565000,-0.432000,0.640000,-0.207000,-2.325000,-5.610000,-4.235000,0.110000,1.010000,0.980000
0.791000,0.140000,-0.651000,-0.465000,0.721000,-0.255000,-2.444000,-5.641000,-4.351000,0.132000,1.150000,1.111000
0.884000,0.151000,-0.734000,-0.518000,0.809000,-0.291000,-2.541000,-5.630000,-4.411000,0.169000,1.276000,1.240000
0.976000,0.183000,-0.793000,-0.579000,0.884000,-0.304000,-2.626000,-5.626000,-4.498000,0.195000,1.366000,1.344000
1.031000,0.226000,-0.805000,-0.628000,0.917000,-0.289000,-2.669000,-5.601000,-4.589000,0.218000,1.438000,1.432000
1.075000,0.265000,-0.810000,-0.670000,0.942000,-0.272000,-2.660000,-5.515000,-4.615000,0.250000,1.500000,1.510000
1.139000,0.284000,-0.855000,-0.711000,0.997000,-0.285000,-2.662000,-5.452000,-4.673000,0.251000,1.526000,1.548000
1.157000,0.280000,-0.877000,-0.718000,1.017000,-0.299000,-2.639000,-5.404000,-4.731000,0.250000,1.509000,1.544000
1.159000,0.273000,-0.886000,-0.716000,1.022000,-0.306000,-2.605000,-5.320000,-4.730000,0.249000,1.484000,1.528000
1.182000,0.268000,-0.914000,-0.725000,1.048000,-0.323000,-2.577000,-5.183000,-4.692000,0.252000,1.464000,1.517000
1.220000,0.260000,-0.960000,-0.740000,1.090000,-0.350000,-2.545000,-5.045000,-4.665000,0.250000,1.435000,1.505000
1.256000,0.259000,-0.997000,-0.757000,1.126000,-0.369000,-2.516000,-4.952000,-4.615000,0.204000,1.406000,1.493000
1.222000,0.230000,-0.992000,-0.726000,1.107000,-0.381000,-2.458000,-4.817000,-4.516000,0.155000,1.382000,1.480000
1.196000,0.193000,-1.003000,-0.695000,1.100000,-0.405000,-2.396000,-4.671000,-4.412000,0.099000,1.357000,1.471000
1.196000,0.162000,-1.034000,-0.678000,1.115000,-0.436000,-2.322000,-4.523000,-4.312000,0.036000,1.336000,1.462000
1.170000,0.125000,-1.045000,-0.647000,1.107000,-0.460000,-2.220000,-4.345000,-4.190000,-0.025000,1.325000,1.450000
1.189000,0.092000,-1.096000,-0.640000,1.142000,-0.501000,-2.161000,-4.208000,-4.092000,-0.135000,1.317000,1.442000
1.200000,0.063000,-1.137000,-0.632000,1.168000,-0.536000,-2.112000,-4.096000,-4.003000,-0.326000,1.309000,1.431000
1.170000,0.037000,-1.133000,-0.603000,1.151000,-0.548000,-2.040000,-3.949000,-3.870000,-0.553000,1.301000,1.420000
1.135000,0.006000,-1.129000,-0.570000,1.132000,-0.561000,-1.955000,-3.772000,-3.714000,-0.776000,1.293000,1.414000
1.130000,-0.030000,-1.160000,-0.550000,1.145000,-0.595000,-1.875000,-3.605000,-3.580000,-1.005000,1.285000,1.415000
1.111000,-0.060000,-1.171000,-0.525000,1.141000,-0.615000,-1.787000,-3.433000,-3.425000,-1.233000,1.277000,1.416000
1.087000,-0.107000,-1.194000,-0.489000,1.141000,-0.650000,-1.705000,-3.258000,-3.262000,-1.425000,1.273000,1.407000
1.064000,-0.127000,-1.191000,-0.469000,1.128000,-0.659000,-1.621000,-3.050000,-3.049000,-1.628000,1.297000,1.411000
1.046000,-0.112000,-1.158000,-0.467000,1.102000,-0.635000,-1.517000,-2.818000,-2.799000,-1.829000,1.340000,1.437000
1.025000,-0.110000,-1.135000,-0.457000,1.080000,-0.622000,-1.410000,-2.605000,-2.580000,-1.965000,1.360000,1.450000
0.983000,-0.124000,-1.107000,-0.429000,1.045000,-0.616000,-1.329000,-2.415000,-2.405000,-2.077000,1.330000,1.423000
0.929000,-0.152000,-1.080000,-0.389000,1.005000,-0.616000,-1.249000,-2.269000,-2.282000,-2.152000,1.298000,1.395000
0.888000,-0.174000,-1.062000,-0.357000,0.976000,-0.618000,-1.161000,-2.105000,-2.141000,-2.192000,1.270000,1.360000
0.864000,-0.190000,-1.054000,-0.337000,0.959000,-0.622000,-1.074000,-1.906000,-1.960000,-2.243000,1.228000,1.313000
0.840000,-0.205000,-1.045000,-0.317000,0.943000,-0.625000,-0.990000,-1.715000,-1.780000,-2.320000,1.195000,1.270000
0.820000,-0.198000,-1.018000,-0.311000,0.920000,-0.608000,-0.907000,-1.534000,-1.600000,-2.364000,1.206000,1.230000
0.797000,-0.190000,-0.987000,-0.304000,0.893000,-0.588000,-0.849000,-1.394000,-1.458000,-2.462000,1.173000,1.191000
0.789000,-0.179000,-0.968000,-0.305000,0.879000,-0.573000,-0.782000,-1.259000,-1.327000,-2.595000,1.123000,1.148000
0.761000,-0.205000,-0.965000,-0.277000,0.863000,-0.585000,-0.702000,-1.116000,-1.195000,-2.704000,1.067000,1.087000
0.680000,-0.275000,-0.955000,-0.202000,0.818000,-0.615000,-0.635000,-0.980000,-1.075000,-2.780000,0.970000,0.995000
0.627000,-0.274000,-0.901000,-0.176000,0.764000,-0.587000,-0.545000,-0.822000,-0.929000,-2.842000,0.872000,0.885000
0.573000,-0.268000,-0.841000,-0.152000,0.707000,-0.554000,-0.478000,-0.689000,-0.808000,-2.883000,0.785000,0.794000
0.521000,-0.269000,-0.790000,-0.126000,0.656000,-0.529000,-0.402000,-0.552000,-0.700000,-2.886000,0.673000,0.681000
0.479000,-0.265000,-0.744000,-0.107000,0.612000,-0.504000,-0.316000,-0.407000,-0.588000,-2.873000,0.528000,0.525000
0.435000,-0.265000,-0.700000,-0.085000,0.568000,-0.482000,-0.255000,-0.290000,-0.480000,-2.860000,0.400000,0.380000
0.395000,-0.261000,-0.656000,-0.067000,0.526000,-0.458000,-0.195000,-0.175000,-0.367000,-2.809000,0.317000,0.285000
0.354000,-0.260000,-0.614000,-0.046000,0.484000,-0.436000,-0.138000,-0.057000,-0.264000,-2.759000,0.214000,0.168000
0.320000,-0.258000,-0.578000,-0.030000,0.449000,-0.418000,-0.082000,0.039000,-0.183000,-2.706000,0.100000,0.050000
0.293000,-0.255000,-0.548000,-0.019000,0.421000,-0.401000,-0.026000,0.113000,-0.120000,-2.619000,-0.008000,-0.052000
0.260000,-0.255000,-0.515000,-0.002000,0.388000,-0.385000,0.030000,0.190000,-0.055000,-2.505000,-0.115000,-0.160000
0.224000,-0.251000,-0.475000,0.014000,0.349000,-0.362000,0.082000,0.282000,0.018000,-2.414000,-0.192000,-0.250000
0.187000,-0.250000,-0.437000,0.032000,0.312000,-0.343000,0.134000,0.367000,0.082000,-2.308000,-0.266000,-0.330000
0.137000,-0.248000,-0.386000,0.056000,0.262000,-0.317000,0.185000,0.442000,0.137000,-2.211000,-0.345000,-0.411000
0.074000,-0.245000,-0.319000,0.086000,0.197000,-0.282000,0.239000,0.522000,0.196000,-2.090000,-0.424000,-0.497000
0.015000,-0.245000,-0.260000,0.115000,0.138000,-0.252000,0.295000,0.610000,0.260000,-1.895000,-0.495000,-0.580000
-0.029000,-0.241000,-0.212000,0.135000,0.091000,-0.226000,0.335000,0.684000,0.319000,-1.725000,-0.547000,-0.633000
-0.076000,-0.240000,-0.165000,0.158000,0.044000,-0.203000,0.382000,0.749000,0.387000,-1.601000,-0.564000,-0.651000
-0.123000,-0.237000,-0.114000,0.180000,-0.004000,-0.175000,0.437000,0.825000,0.463000,-1.520000,-0.569000,-0.662000
-0.166000,-0.228000,-0.062000,0.197000,-0.052000,-0.144000,0.486000,0.902000,0.539000,-1.450000,-0.575000,-0.671000
-0.205000,-0.220000,-0.015000,0.213000,-0.095000,-0.117000,0.525000,0.965000,0.610000,-1.355000,-0.570000,-0.665000
-0.230000,-0.212000,0.018000,0.221000,-0.124000,-0.097000,0.562000,1.031000,0.672000,-1.250000,-0.570000,-0.661000
-0.250000,-0.204000,0.046000,0.227000,-0.148000,-0.079000,0.587000,1.077000,0.717000,-1.124000,-0.570000,-0.657000
-0.269000,-0.196000,0.073000,0.232000,-0.171000,-0.061000,0.603000,1.114000,0.751000,-1.033000,-0.570000,-0.655000
-0.291000,-0.188000,0.103000,0.239000,-0.197000,-0.042000,0.619000,1.156000,0.783000,-0.963000,-0.570000,-0.654000
-0.310000,-0.180000,0.130000,0.245000,-0.220000,-0.025000,0.635000,1.195000,0.815000,-0.865000,-0.570000,-0.650000
-0.302000,-0.174000,0.128000,0.237000,-0.214000,-0.023000,0.650000,1.223000,0.846000,-0.800000,-0.566000,-0.646000
-0.306000,-0.185000,0.121000,0.245000,-0.213000,-0.031000,0.675000,1.255000,0.887000,-0.730000,-0.565000,-0.645000
-0.324000,-0.190000,0.135000,0.257000,-0.229000,-0.027000,0.689000,1.280000,0.916000,-0.652000,-0.565000,-0.644000
-0.337000,-0.184000,0.153000,0.260000,-0.244000,-0.015000,0.692000,1.293000,0.928000,-0.583000,-0.565000,-0.639000
-0.350000,-0.185000,0.165000,0.267000,-0.257000,-0.010000,0.710000,1.315000,0.950000,-0.520000,-0.565000,-0.635000
-0.390000,-0.185000,0.205000,0.287000,-0.297000,0.010000,0.736000,1.352000,0.984000,-0.458000,-0.564000,-0.634000
-0.417000,-0.185000,0.232000,0.300000,-0.324000,0.024000,0.741000,1.377000,0.997000,-0.378000,-0.570000,-0.641000
-0.420000,-0.185000,0.234000,0.302000,-0.326000,0.024000,0.742000,1.393000,1.007000,-0.310000,-0.580000,-0.646000
-0.413000,-0.184000,0.229000,0.298000,-0.320000,0.022000,0.754000,1.417000,1.032000,-0.263000,-0.585000,-0.645000
-0.405000,-0.180000,0.225000,0.292000,-0.315000,0.022000,0.765000,1.445000,1.055000,-0.215000,-0.585000,-0.655000
-0.401000,-0.180000,0.221000,0.290000,-0.311000,0.020000,0.764000,1.461000,1.062000,-0.174000,-0.601000,-0.681000
-0.399000,-0.180000,0.219000,0.290000,-0.309000,0.019000,0.776000,1.480000,1.083000,-0.138000,-0.609000,-0.686000
-0.403000,-0.180000,0.223000,0.291000,-0.313000,0.022000,0.791000,1.498000,1.103000,-0.102000,-0.614000,-0.688000
-0.413000,-0.180000,0.233000,0.296000,-0.323000,0.026000,0.805000,1.515000,1.122000,-0.066000,-0.621000,-0.696000
-0.430000,-0.180000,0.250000,0.305000,-0.340000,0.035000,0.830000,1.545000,1.155000,-0.030000,-0.620000,-0.695000
-0.461000,-0.180000,0.280000,0.320000,-0.371000,0.050000,0.852000,1.579000,1.180000,0.014000,-0.619000,-0.694000
-0.460000,-0.177000,0.283000,0.318000,-0.372000,0.053000,0.854000,1.596000,1.200000,0.054000,-0.626000,-0.701000
-0.441000,-0.174000,0.267000,0.307000,-0.353000,0.046000,0.849000,1.604000,1.203000,0.100000,-0.648000,-0.723000
-0.445000,-0.175000,0.270000,0.310000,-0.357000,0.047000,0.851000,1.621000,1.211000,0.161000,-0.667000,-0.743000
-0.470000,-0.175000,0.295000,0.322000,-0.382000,0.060000,0.865000,1.655000,1.250000,0.225000,-0.660000,-0.740000
-0.464000,-0.175000,0.289000,0.319000,-0.376000,0.057000,0.896000,1.689000,1.272000,0.277000,-0.652000,-0.737000
-0.453000,-0.176000,0.278000,0.314000,-0.365000,0.051000,0.897000,1.706000,1.283000,0.329000,-0.676000,-0.761000
-0.462000,-0.173000,0.289000,0.317000,-0.375000,0.057000,0.902000,1.716000,1.300000,0.364000,-0.696000,-0.781000
-0.478000,-0.170000,0.308000,0.323000,-0.393000,0.069000,0.925000,1.737000,1.327000,0.386000,-0.694000,-0.779000
-0.480000,-0.170000,0.310000,0.325000,-0.395000,0.070000,0.940000,1.765000,1.355000,0.415000,-0.695000,-0.780000
-0.483000,-0.170000,0.313000,0.326000,-0.398000,0.071000,0.949000,1.782000,1.372000,0.440000,-0.701000,-0.787000
-0.494000,-0.170000,0.324000,0.332000,-0.409000,0.077000,0.948000,1.792000,1.382000,0.459000,-0.722000,-0.802000
-0.503000,-0.170000,0.333000,0.336000,-0.418000,0.081000,0.960000,1.813000,1.404000,0.485000,-0.729000,-0.815000
-0.506000,-0.170000,0.336000,0.338000,-0.421000,0.082000,0.977000,1.841000,1.430000,0.508000,-0.727000,-0.822000
-0.520000,-0.170000,0.350000,0.345000,-0.435000,0.090000,0.980000,1.860000,1.445000,0.515000,-0.740000,-0.830000
-0.547000,-0.159000,0.388000,0.353000,-0.467000,0.114000,1.001000,1.886000,1.469000,0.535000,-0.736000,-0.825000
-0.544000,-0.142000,0.402000,0.343000,-0.472000,0.129000,1.008000,1.892000,1.487000,0.551000,-0.741000,-0.834000
-0.562000,-0.163000,0.399000,0.362000,-0.480000,0.118000,1.002000,1.890000,1.492000,0.557000,-0.760000,-0.857000
-0.592000,-0.192000,0.400000,0.392000,-0.496000,0.104000,1.009000,1.907000,1.507000,0.561000,-0.771000,-0.871000
-0.575000,-0.175000,0.400000,0.375000,-0.487000,0.112000,1.030000,1.935000,1.540000,0.570000,-0.765000,-0.865000
-0.566000,-0.167000,0.400000,0.366000,-0.482000,0.116000,1.035000,1.940000,1.553000,0.583000,-0.763000,-0.863000
-0.558000,-0.156000,0.402000,0.357000,-0.480000,0.122000,1.034000,1.941000,1.563000,0.583000,-0.778000,-0.875000
-0.541000,-0.145000,0.395000,0.343000,-0.468000,0.125000,1.039000,1.953000,1.578000,0.594000,-0.784000,-0.880000
-0.547000,-0.138000,0.409000,0.342000,-0.478000,0.136000,1.054000,1.976000,1.602000,0.612000,-0.772000,-0.873000
-0.575000,-0.125000,0.450000,0.350000,-0.512000,0.162000,1.065000,1.995000,1.625000,0.615000,-0.765000,-0.870000
-0.543000,-0.113000,0.430000,0.328000,-0.486000,0.158000,1.061000,1.992000,1.622000,0.634000,-0.766000,-0.876000
-0.531000,-0.137000,0.394000,0.334000,-0.462000,0.128000,1.059000,1.986000,1.617000,0.655000,-0.790000,-0.897000
-0.552000,-0.150000,0.402000,0.351000,-0.477000,0.125000,1.061000,1.983000,1.627000,0.660000,-0.800000,-0.904000
-0.584000,-0.138000,0.446000,0.360000,-0.515000,0.154000,1.059000,1.979000,1.644000,0.654000,-0.787000,-0.892000
-0.605000,-0.135000,0.470000,0.370000,-0.537000,0.167000,1.055000,1.975000,1.655000,0.655000,-0.780000,-0.885000
-0.588000,-0.132000,0.456000,0.359000,-0.522000,0.162000,1.055000,1.970000,1.659000,0.665000,-0.772000,-0.881000
-0.593000,-0.124000,0.469000,0.358000,-0.531000,0.172000,1.056000,1.971000,1.666000,0.687000,-0.764000,-0.875000
-0.599000,-0.117000,0.482000,0.358000,-0.540000,0.182000,1.050000,1.967000,1.674000,0.696000,-0.756000,-0.865000
-0.587000,-0.114000,0.473000,0.350000,-0.530000,0.179000,1.037000,1.958000,1.674000,0.696000,-0.748000,-0.859000
-0.580000,-0.110000,0.470000,0.345000,-0.525000,0.180000,1.025000,1.950000,1.665000,0.710000,-0.740000,-0.855000
-0.568000,-0.102000,0.466000,0.335000,-0.517000,0.182000,1.017000,1.942000,1.661000,0.727000,-0.724000,-0.843000
-0.556000,-0.094000,0.462000,0.325000,-0.509000,0.184000,1.007000,1.936000,1.654000,0.735000,-0.711000,-0.834000
-0.544000,-0.086000,0.458000,0.315000,-0.501000,0.186000,0.993000,1.920000,1.648000,0.735000,-0.699000,-0.826000
-0.531000,-0.078000,0.453000,0.304000,-0.492000,0.187000,0.983000,1.894000,1.643000,0.745000,-0.687000,-0.818000
-0.520000,-0.070000,0.450000,0.295000,-0.485000,0.190000,0.975000,1.870000,1.635000,0.765000,-0.675000,-0.810000
-0.530000,-0.062000,0.468000,0.295000,-0.499000,0.202000,0.963000,1.842000,1.632000,0.768000,-0.658000,-0.794000
-0.554000,-0.054000,0.501000,0.303000,-0.528000,0.223000,0.954000,1.816000,1.621000,0.782000,-0.647000,-0.779000
-0.570000,-0.047000,0.523000,0.308000,-0.546000,0.238000,0.946000,1.796000,1.611000,0.793000,-0.627000,-0.759000
-0.569000,-0.045000,0.524000,0.306000,-0.546000,0.240000,0.938000,1.782000,1.602000,0.789000,-0.599000,-0.734000
-0.560000,-0.045000,0.515000,0.302000,-0.537000,0.235000,0.930000,1.765000,1.590000,0.790000,-0.575000,-0.710000
-0.553000,-0.045000,0.507000,0.299000,-0.530000,0.231000,0.914000,1.733000,1.582000,0.810000,-0.543000,-0.686000
-0.572000,-0.042000,0.530000,0.307000,-0.551000,0.244000,0.899000,1.705000,1.570000,0.827000,-0.514000,-0.662000
-0.577000,-0.039000,0.538000,0.308000,-0.558000,0.250000,0.878000,1.671000,1.562000,0.830000,-0.486000,-0.636000
-0.563000,-0.041000,0.522000,0.301000,-0.542000,0.240000,0.855000,1.630000,1.550000,0.832000,-0.459000,-0.608000
-0.555000,-0.040000,0.515000,0.297000,-0.535000,0.237000,0.835000,1.590000,1.520000,0.850000,-0.435000,-0.580000
-0.521000,-0.014000,0.508000,0.267000,-0.514000,0.247000,0.807000,1.542000,1.492000,0.872000,-0.411000,-0.555000
-0.476000,0.020000,0.496000,0.228000,-0.486000,0.258000,0.782000,1.497000,1.461000,0.871000,-0.390000,-0.535000
-0.453000,0.032000,0.485000,0.210000,-0.469000,0.259000,0.756000,1.453000,1.431000,0.860000,-0.370000,-0.513000
-0.449000,0.030000,0.479000,0.209000,-0.464000,0.255000,0.729000,1.410000,1.402000,0.862000,-0.350000,-0.490000
-0.430000,0.040000,0.470000,0.195000,-0.450000,0.255000,0.705000,1.370000,1.370000,0.875000,-0.330000,-0.470000
-0.385000,0.058000,0.443000,0.163000,-0.414000,0.250000,0.674000,1.318000,1.338000,0.888000,-0.302000,-0.446000
-0.358000,0.057000,0.414000,0.150000,-0.386000,0.235000,0.640000,1.269000,1.303000,0.896000,-0.274000,-0.423000
-0.356000,0.044000,0.400000,0.155000,-0.378000,0.222000,0.612000,1.219000,1.269000,0.906000,-0.245000,-0.393000
-0.343000,0.050000,0.393000,0.146000,-0.369000,0.222000,0.589000,1.168000,1.236000,0.917000,-0.212000,-0.356000
-0.310000,0.075000,0.385000,0.117000,-0.348000,0.230000,0.565000,1.120000,1.200000,0.920000,-0.180000,-0.325000
-0.305000,0.076000,0.381000,0.114000,-0.343000,0.228000,0.537000,1.072000,1.164000,0.923000,-0.152000,-0.297000
-0.300000,0.074000,0.375000,0.113000,-0.338000,0.224000,0.512000,1.024000,1.128000,0.932000,-0.123000,-0.269000
-0.290000,0.076000,0.365000,0.107000,-0.328000,0.220000,0.488000,0.978000,1.092000,0.936000,-0.099000,-0.243000
-0.285000,0.074000,0.359000,0.105000,-0.322000,0.216000,0.465000,0.934000,1.056000,0.935000,-0.081000,-0.219000
-0.280000,0.075000,0.355000,0.102000,-0.318000,0.215000,0.445000,0.890000,1.020000,0.935000,-0.060000,-0.195000
-0.259000,0.088000,0.347000,0.085000,-0.303000,0.217000,0.417000,0.846000,0.984000,0.935000,-0.032000,-0.175000
-0.254000,0.088000,0.342000,0.083000,-0.298000,0.215000,0.392000,0.802000,0.948000,0.936000,-0.007000,-0.156000
-0.252000,0.084000,0.336000,0.084000,-0.295000,0.209000,0.368000,0.758000,0.912000,0.931000,0.018000,-0.132000
-0.243000,0.086000,0.329000,0.078000,-0.287000,0.207000,0.345000,0.714000,0.875000,0.933000,0.047000,-0.102000
-0.230000,0.095000,0.325000,0.067000,-0.278000,0.210000,0.325000,0.670000,0.835000,0.950000,0.070000,-0.075000
-0.193000,0.108000,0.302000,0.042000,-0.248000,0.205000,0.297000,0.618000,0.795000,0.943000,0.078000,-0.062000
-0.170000,0.108000,0.279000,0.031000,-0.225000,0.193000,0.271000,0.567000,0.758000,0.936000,0.086000,-0.054000
-0.159000,0.103000,0.262000,0.028000,-0.211000,0.182000,0.251000,0.528000,0.722000,0.933000,0.092000,-0.046000
-0.147000,0.099000,0.246000,0.024000,-0.197000,0.172000,0.237000,0.505000,0.686000,0.929000,0.105000,-0.038000
-0.135000,0.095000,0.230000,0.020000,-0.183000,0.162000,0.225000,0.480000,0.655000,0.925000,0.125000,-0.030000
-0.119000,0.095000,0.214000,0.012000,-0.167000,0.154000,0.202000,0.445000,0.627000,0.921000,0.121000,-0.022000
-0.108000,0.093000,0.200000,0.007000,-0.154000,0.146000,0.176000,0.407000,0.596000,0.918000,0.126000,-0.014000
-0.103000,0.087000,0.191000,0.007000,-0.147000,0.139000,0.157000,0.375000,0.565000,0.908000,0.145000,-0.008000
-0.098000,0.085000,0.183000,0.006000,-0.141000,0.134000,0.148000,0.349000,0.539000,0.891000,0.155000,-0.004000
-0.090000,0.085000,0.175000,0.002000,-0.133000,0.130000,0.140000,0.325000,0.515000,0.880000,0.150000,0.000000
-0.086000,0.081000,0.167000,0.002000,-0.126000,0.124000,0.128000,0.297000,0.491000,0.868000,0.150000,0.000000
-0.083000,0.076000,0.159000,0.003000,-0.121000,0.118000,0.119000,0.270000,0.467000,0.856000,0.147000,0.002000
-0.076000,0.075000,0.151000,0.000000,-0.114000,0.113000,0.109000,0.253000,0.444000,0.844000,0.145000,0.007000
-0.069000,0.074000,0.144000,-0.003000,-0.107000,0.109000,0.097000,0.242000,0.426000,0.833000,0.144000,0.010000
-0.070000,0.070000,0.140000,0.000000,-0.105000,0.105000,0.090000,0.230000,0.410000,0.825000,0.140000,0.010000
-0.067000,0.065000,0.132000,0.001000,-0.100000,0.098000,0.086000,0.218000,0.394000,0.813000,0.140000,0.006000
-0.059000,0.065000,0.124000,-0.003000,-0.092000,0.094000,0.085000,0.209000,0.378000,0.805000,0.137000,0.001000
-0.053000,0.063000,0.116000,-0.005000,-0.085000,0.089000,0.086000,0.201000,0.364000,0.790000,0.135000,0.000000
-0.048000,0.060000,0.108000,-0.006000,-0.078000,0.084000,0.084000,0.193000,0.352000,0.763000,0.134000,-0.001000
-0.040000,0.060000,0.100000,-0.010000,-0.070000,0.080000,0.080000,0.185000,0.340000,0.740000,0.130000,-0.005000
-0.035000,0.056000,0.092000,-0.011000,-0.064000,0.074000,0.080000,0.177000,0.332000,0.724000,0.130000,-0.010000
-0.036000,0.051000,0.087000,-0.008000,-0.062000,0.069000,0.081000,0.169000,0.324000,0.709000,0.125000,-0.009000
-0.032000,0.050000,0.082000,-0.010000,-0.057000,0.066000,0.078000,0.161000,0.316000,0.690000,0.115000,-0.013000
-0.023000,0.049000,0.072000,-0.014000,-0.048000,0.060000,0.075000,0.153000,0.308000,0.671000,0.109000,-0.022000
-0.025000,0.045000,0.070000,-0.010000,-0.048000,0.057000,0.075000,0.150000,0.300000,0.655000,0.105000,-0.030000
-0.050000,0.045000,0.095000,0.003000,-0.073000,0.070000,0.075000,0.154000,0.292000,0.627000,0.097000,-0.038000
-0.058000,0.042000,0.100000,0.007000,-0.079000,0.071000,0.072000,0.155000,0.286000,0.601000,0.088000,-0.046000
-0.054000,0.038000,0.092000,0.008000,-0.073000,0.064000,0.069000,0.155000,0.285000,0.578000,0.083000,-0.054000
-0.056000,0.034000,0.090000,0.011000,-0.074000,0.062000,0.070000,0.155000,0.284000,0.554000,0.079000,-0.062000
-0.060000,0.030000,0.090000,0.015000,-0.075000,0.060000,0.070000,0.155000,0.280000,0.530000,0.075000,-0.065000
-0.060000,0.026000,0.086000,0.017000,-0.073000,0.056000,0.066000,0.155000,0.280000,0.506000,0.071000,-0.065000
-0.060000,0.025000,0.085000,0.017000,-0.073000,0.055000,0.064000,0.155000,0.281000,0.481000,0.066000,-0.070000
-0.060000,0.024000,0.084000,0.018000,-0.072000,0.054000,0.066000,0.155000,0.278000,0.461000,0.065000,-0.080000
-0.060000,0.019000,0.079000,0.020000,-0.069000,0.049000,0.064000,0.155000,0.275000,0.447000,0.064000,-0.085000
-0.060000,0.015000,0.075000,0.022000,-0.068000,0.045000,0.060000,0.155000,0.275000,0.430000,0.060000,-0.085000
-0.064000,0.011000,0.075000,0.026000,-0.070000,0.043000,0.060000,0.155000,0.275000,0.406000,0.056000,-0.093000
-0.065000,0.006000,0.071000,0.029000,-0.068000,0.038000,0.061000,0.155000,0.272000,0.384000,0.055000,-0.096000
-0.066000,0.005000,0.071000,0.031000,-0.069000,0.037000,0.058000,0.155000,0.269000,0.367000,0.054000,-0.094000
-0.062000,0.004000,0.067000,0.029000,-0.065000,0.035000,0.055000,0.155000,0.270000,0.351000,0.049000,-0.096000
-0.045000,0.000000,0.045000,0.022000,-0.045000,0.022000,0.055000,0.155000,0.270000,0.335000,0.045000,-0.100000
-0.029000,-0.005000,0.024000,0.017000,-0.026000,0.009000,0.055000,0.155000,0.266000,0.319000,0.046000,-0.102000
-0.013000,-0.005000,0.009000,0.009000,-0.010000,0.002000,0.056000,0.155000,0.265000,0.303000,0.039000,-0.123000
0.004000,-0.007000,-0.010000,0.002000,0.007000,-0.008000,0.053000,0.155000,0.263000,0.288000,0.032000,-0.142000
0.009000,-0.010000,-0.019000,0.001000,0.014000,-0.015000,0.050000,0.155000,0.259000,0.278000,0.029000,-0.144000
-0.010000,-0.010000,0.000000,0.010000,-0.005000,-0.005000,0.050000,0.155000,0.260000,0.270000,0.025000,-0.140000
-0.032000,-0.014000,0.019000,0.023000,-0.025000,0.002000,0.050000,0.155000,0.260000,0.258000,0.017000,-0.140000
-0.031000,-0.019000,0.013000,0.025000,-0.022000,-0.003000,0.050000,0.155000,0.257000,0.249000,0.012000,-0.140000
-0.020000,-0.020000,0.000000,0.020000,-0.010000,-0.009000,0.050000,0.155000,0.254000,0.239000,0.008000,-0.140000
-0.014000,-0.021000,-0.007000,0.018000,-0.004000,-0.013000,0.050000,0.155000,0.255000,0.228000,0.004000,-0.140000
-0.010000,-0.025000,-0.015000,0.018000,0.003000,-0.020000,0.050000,0.155000,0.255000,0.220000,0.000000,-0.145000
-0.001000,-0.026000,-0.024000,0.014000,0.012000,-0.025000,0.047000,0.155000,0.251000,0.212000,0.000000,-0.154000
-0.001000,-0.022000,-0.020000,0.012000,0.010000,-0.021000,0.069000,0.156000,0.249000,0.207000,-0.003000,-0.156000
-0.010000,-0.020000,-0.010000,0.015000,0.000000,-0.014000,0.082000,0.153000,0.251000,0.201000,-0.005000,-0.155000
-0.015000,-0.019000,-0.004000,0.018000,-0.006000,-0.011000,0.073000,0.150000,0.249000,0.194000,-0.006000,-0.155000
-0.015000,-0.015000,0.000000,0.015000,-0.007000,-0.007000,0.070000,0.150000,0.245000,0.190000,-0.010000,-0.155000
-0.023000,-0.015000,0.008000,0.019000,-0.015000,-0.003000,0.070000,0.146000,0.245000,0.182000,-0.010000,-0.155000
-0.028000,-0.012000,0.016000,0.020000,-0.022000,0.002000,0.067000,0.145000,0.245000,0.177000,-0.012000,-0.157000
-0.033000,-0.009000,0.024000,0.021000,-0.029000,0.007000,0.063000,0.144000,0.246000,0.173000,-0.018000,-0.165000
-0.033000,-0.010000,0.023000,0.021000,-0.028000,0.006000,0.058000,0.138000,0.243000,0.170000,-0.028000,-0.179000
-0.015000,-0.005000,0.010000,0.010000,-0.012000,0.002000,0.060000,0.140000,0.240000,0.170000,-0.035000,-0.185000
0.002000,0.005000,0.003000,-0.003000,0.000000,0.003000,0.085000,0.169000,0.265000,0.170000,-0.020000,-0.166000
-0.025000,-0.036000,-0.011000,0.030000,-0.007000,-0.023000,0.096000,0.178000,0.271000,0.170000,-0.037000,-0.182000
-0.058000,-0.054000,0.004000,0.056000,-0.030000,-0.025000,0.093000,0.173000,0.259000,0.170000,-0.054000,-0.197000
-0.083000,-0.030000,0.053000,0.057000,-0.068000,0.011000,0.097000,0.176000,0.264000,0.170000,-0.049000,-0.189000
-0.105000,-0.020000,0.085000,0.062000,-0.095000,0.032000,0.110000,0.185000,0.285000,0.170000,-0.050000,-0.190000
-0.075000,-0.004000,0.071000,0.040000,-0.073000,0.033000,0.114000,0.197000,0.286000,0.170000,-0.050000,-0.190000
-0.077000,0.011000,0.088000,0.033000,-0.083000,0.050000,0.120000,0.205000,0.289000,0.167000,-0.050000,-0.190000
-0.099000,0.016000,0.115000,0.041000,-0.107000,0.065000,0.129000,0.217000,0.301000,0.164000,-0.050000,-0.190000
-0.097000,0.025000,0.121000,0.036000,-0.109000,0.073000,0.137000,0.225000,0.312000,0.165000,-0.050000,-0.190000
-0.090000,0.035000,0.125000,0.027000,-0.108000,0.080000,0.140000,0.220000,0.315000,0.165000,-0.050000,-0.190000
-0.119000,0.004000,0.123000,0.057000,-0.122000,0.064000,0.137000,0.230000,0.313000,0.165000,-0.050000,-0.190000
-0.092000,0.046000,0.138000,0.023000,-0.116000,0.092000,0.159000,0.252000,0.331000,0.165000,-0.050000,-0.190000
-0.062000,0.082000,0.144000,-0.010000,-0.103000,0.112000,0.171000,0.261000,0.340000,0.165000,-0.050000,-0.190000
-0.065000,0.068000,0.133000,-0.002000,-0.099000,0.100000,0.164000,0.252000,0.326000,0.165000,-0.050000,-0.190000
-0.060000,0.070000,0.130000,-0.005000,-0.095000,0.100000,0.165000,0.250000,0.325000,0.165000,-0.050000,-0.190000
-0.055000,0.071000,0.126000,-0.008000,-0.091000,0.098000,0.161000,0.276000,0.355000,0.161000,-0.050000,-0.190000
-0.055000,0.067000,0.122000,-0.006000,-0.089000,0.094000,0.160000,0.272000,0.358000,0.160000,-0.050000,-0.190000
-0.053000,0.065000,0.118000,-0.006000,-0.086000,0.091000,0.158000,0.252000,0.344000,0.160000,-0.050000,-0.190000
-0.049000,0.065000,0.114000,-0.008000,-0.082000,0.090000,0.155000,0.242000,0.339000,0.160000,-0.050000,-0.190000
-0.045000,0.065000,0.110000,-0.010000,-0.078000,0.087000,0.155000,0.230000,0.335000,0.160000,-0.050000,-0.190000
-0.034000,0.065000,0.100000,-0.016000,-0.067000,0.082000,0.140000,0.218000,0.327000,0.160000,-0.050000,-0.190000
-0.052000,0.062000,0.114000,-0.005000,-0.083000,0.088000,0.123000,0.209000,0.318000,0.160000,-0.050000,-0.190000
-0.087000,0.059000,0.146000,0.014000,-0.116000,0.103000,0.107000,0.201000,0.313000,0.160000,-0.050000,-0.190000
-0.100000,0.060000,0.160000,0.020000,-0.130000,0.110000,0.091000,0.193000,0.308000,0.160000,-0.050000,-0.190000
-0.085000,0.060000,0.145000,0.012000,-0.115000,0.102000,0.075000,0.185000,0.300000,0.160000,-0.050000,-0.190000
-0.076000,0.060000,0.136000,0.007000,-0.106000,0.098000,0.067000,0.177000,0.292000,0.160000,-0.042000,-0.183000
-0.073000,0.057000,0.130000,0.007000,-0.102000,0.093000,0.059000,0.169000,0.284000,0.160000,-0.036000,-0.173000
-0.064000,0.054000,0.119000,0.005000,-0.092000,0.086000,0.051000,0.163000,0.276000,0.160000,-0.037000,-0.170000
-0.053000,0.055000,0.108000,-0.001000,-0.081000,0.081000,0.043000,0.159000,0.268000,0.160000,-0.050000,-0.186000
-0.045000,0.055000,0.100000,-0.005000,-0.073000,0.077000,0.035000,0.155000,0.260000,0.160000,-0.070000,-0.210000
-0.039000,0.051000,0.090000,-0.006000,-0.065000,0.070000,0.027000,0.155000,0.256000,0.160000,-0.075000,-0.207000
-0.050000,0.050000,0.100000,0.000000,-0.075000,0.074000,0.022000,0.152000,0.252000,0.159000,-0.075000,-0.204000
-0.053000,0.050000,0.103000,0.001000,-0.078000,0.076000,0.018000,0.150000,0.248000,0.165000,-0.075000,-0.205000
-0.043000,0.050000,0.093000,-0.004000,-0.068000,0.071000,0.015000,0.149000,0.244000,0.178000,-0.075000,-0.205000
-0.040000,0.050000,0.090000,-0.005000,-0.065000,0.070000,0.015000,0.145000,0.240000,0.185000,-0.075000,-0.205000
-0.037000,0.046000,0.083000,-0.004000,-0.061000,0.064000,0.015000,0.145000,0.236000,0.190000,-0.075000,-0.205000
-0.026000,0.045000,0.070000,-0.010000,-0.049000,0.057000,0.015000,0.146000,0.235000,0.187000,-0.075000,-0.205000
-0.050000,0.045000,0.095000,0.002000,-0.073000,0.070000,0.015000,0.143000,0.234000,0.202000,-0.075000,-0.205000
-0.074000,0.045000,0.119000,0.014000,-0.097000,0.082000,0.015000,0.140000,0.229000,0.221000,-0.075000,-0.205000
-0.035000,0.045000,0.080000,-0.005000,-0.058000,0.062000,0.015000,0.140000,0.225000,0.205000,-0.075000,-0.205000
-0.009000,0.037000,0.046000,-0.014000,-0.028000,0.041000,0.015000,0.136000,0.221000,0.192000,-0.075000,-0.205000
0.004000,0.029000,0.025000,-0.017000,-0.011000,0.027000,0.015000,0.135000,0.216000,0.220000,-0.075000,-0.202000
0.018000,0.021000,0.003000,-0.020000,0.007000,0.012000,0.015000,0.133000,0.215000,0.238000,-0.075000,-0.199000
0.023000,0.013000,-0.010000,-0.018000,0.016000,0.001000,0.015000,0.129000,0.214000,0.228000,-0.075000,-0.200000
0.005000,0.005000,0.000000,-0.005000,0.002000,0.002000,0.015000,0.130000,0.210000,0.225000,-0.075000,-0.200000
-0.012000,-0.004000,0.008000,0.008000,-0.010000,0.002000,0.023000,0.130000,0.206000,0.225000,-0.075000,-0.200000
-0.023000,-0.007000,0.016000,0.015000,-0.019000,0.004000,0.031000,0.127000,0.202000,0.222000,-0.075000,-0.200000
-0.040000,-0.016000,0.024000,0.028000,-0.032000,0.004000,0.039000,0.123000,0.200000,0.217000,-0.075000,-0.200000
-0.057000,-0.026000,0.032000,0.042000,-0.044000,0.003000,0.047000,0.119000,0.199000,0.215000,-0.075000,-0.200000
-0.060000,-0.020000,0.040000,0.040000,-0.050000,0.010000,0.055000,0.115000,0.195000,0.215000,-0.075000,-0.200000
-0.067000,-0.018000,0.049000,0.043000,-0.058000,0.016000,0.059000,0.113000,0.191000,0.211000,-0.075000,-0.200000
-0.079000,-0.032000,0.047000,0.055000,-0.063000,0.007000,0.065000,0.127000,0.190000,0.207000,-0.075000,-0.201000
-0.089000,-0.044000,0.045000,0.066000,-0.066000,0.000000,0.077000,0.141000,0.189000,0.203000,-0.075000,-0.195000
-0.089000,-0.045000,0.044000,0.067000,-0.066000,0.000000,0.094000,0.155000,0.184000,0.199000,-0.075000,-0.182000
-0.085000,-0.045000,0.040000,0.065000,-0.062000,-0.002000,0.105000,0.170000,0.180000,0.195000,-0.075000,-0.175000
-0.085000,-0.045000,0.040000,0.065000,-0.062000,-0.002000,0.101000,0.159000,0.180000,0.195000,-0.075000,-0.189000
-0.083000,-0.046000,0.037000,0.064000,-0.059000,-0.004000,0.099000,0.148000,0.177000,0.192000,-0.076000,-0.213000
-0.076000,-0.042000,0.035000,0.058000,-0.055000,-0.003000,0.101000,0.141000,0.175000,0.188000,-0.073000,-0.220000
-0.077000,-0.043000,0.034000,0.059000,-0.056000,-0.004000,0.099000,0.133000,0.174000,0.184000,-0.070000,-0.214000
-0.090000,-0.060000,0.030000,0.075000,-0.060000,-0.015000,0.095000,0.125000,0.170000,0.180000,-0.070000,-0.215000
-0.098000,-0.068000,0.030000,0.083000,-0.064000,-0.019000,0.095000,0.118000,0.170000,0.176000,-0.070000,-0.216000
-0.104000,-0.077000,0.027000,0.090000,-0.066000,-0.025000,0.096000,0.106000,0.167000,0.175000,-0.070000,-0.212000
-0.104000,-0.079000,0.025000,0.091000,-0.064000,-0.027000,0.093000,0.112000,0.165000,0.173000,-0.070000,-0.209000
-0.099000,-0.074000,0.024000,0.086000,-0.061000,-0.025000,0.090000,0.126000,0.164000,0.169000,-0.069000,-0.210000
-0.095000,-0.075000,0.020000,0.085000,-0.057000,-0.027000,0.090000,0.120000,0.160000,0.170000,-0.065000,-0.210000
-0.091000,-0.076000,0.016000,0.083000,-0.053000,-0.030000,0.090000,0.119000,0.160000,0.170000,-0.065000,-0.206000
-0.084000,-0.072000,0.012000,0.078000,-0.048000,-0.030000,0.087000,0.121000,0.161000,0.167000,-0.065000,-0.204000
-0.078000,-0.070000,0.008000,0.074000,-0.043000,-0.031000,0.084000,0.118000,0.158000,0.164000,-0.065000,-0.206000
-0.073000,-0.070000,0.004000,0.071000,-0.039000,-0.033000,0.085000,0.115000,0.155000,0.165000,-0.065000,-0.204000
-0.070000,-0.070000,0.000000,0.070000,-0.035000,-0.035000,0.085000,0.115000,0.155000,0.165000,-0.065000,-0.200000
-0.079000,-0.078000,0.001000,0.079000,-0.040000,-0.039000,0.081000,0.115000,0.151000,0.161000,-0.065000,-0.200000
-0.070000,-0.080000,-0.010000,0.075000,-0.030000,-0.044000,0.079000,0.112000,0.150000,0.159000,-0.062000,-0.201000
-0.037000,-0.068000,-0.031000,0.053000,-0.003000,-0.049000,0.081000,0.109000,0.148000,0.161000,-0.059000,-0.198000
-0.038000,-0.078000,-0.039000,0.058000,0.000000,-0.058000,0.079000,0.110000,0.145000,0.159000,-0.060000,-0.195000
-0.090000,-0.115000,-0.025000,0.103000,-0.032000,-0.070000,0.075000,0.110000,0.145000,0.155000,-0.060000,-0.195000
-0.093000,-0.109000,-0.016000,0.101000,-0.037000,-0.063000,0.075000,0.106000,0.141000,0.155000,-0.060000,-0.195000
-0.091000,-0.100000,-0.010000,0.096000,-0.040000,-0.055000,0.076000,0.104000,0.140000,0.156000,-0.061000,-0.192000
-0.100000,-0.099000,0.001000,0.099000,-0.050000,-0.048000,0.073000,0.106000,0.140000,0.153000,-0.058000,-0.189000
-0.106000,-0.094000,0.012000,0.100000,-0.059000,-0.040000,0.070000,0.104000,0.140000,0.150000,-0.055000,-0.190000
-0.110000,-0.090000,0.020000,0.100000,-0.065000,-0.035000,0.070000,0.100000,0.140000,0.150000,-0.055000,-0.190000
-0.115000,-0.086000,0.029000,0.101000,-0.072000,-0.028000,0.070000,0.100000,0.140000,0.150000,-0.055000,-0.186000
-0.108000,-0.082000,0.026000,0.095000,-0.066000,-0.028000,0.069000,0.101000,0.140000,0.147000,-0.055000,-0.185000
-0.093000,-0.078000,0.015000,0.086000,-0.054000,-0.031000,0.072000,0.098000,0.140000,0.144000,-0.055000,-0.183000
-0.083000,-0.074000,0.009000,0.078000,-0.045000,-0.032000,0.075000,0.095000,0.140000,0.145000,-0.055000,-0.180000
-0.075000,-0.070000,0.005000,0.072000,-0.040000,-0.032000,0.075000,0.095000,0.140000,0.145000,-0.055000,-0.180000
-0.063000,-0.066000,-0.003000,0.065000,-0.030000,-0.034000,0.075000,0.094000,0.140000,0.141000,-0.051000,-0.176000
-0.054000,-0.065000,-0.011000,0.060000,-0.021000,-0.038000,0.075000,0.101000,0.140000,0.140000,-0.046000,-0.176000
-0.046000,-0.064000,-0.018000,0.055000,-0.014000,-0.041000,0.075000,0.106000,0.140000,0.140000,-0.045000,-0.172000
-0.039000,-0.059000,-0.020000,0.049000,-0.009000,-0.039000,0.076000,0.104000,0.141000,0.140000,-0.044000,-0.164000
-0.035000,-0.055000,-0.020000,0.045000,-0.007000,-0.037000,0.075000,0.105000,0.140000,0.140000,-0.040000,-0.160000
-0.033000,-0.055000,-0.022000,0.044000,-0.005000,-0.038000,0.065000,0.124000,0.136000,0.136000,-0.035000,-0.152000
-0.043000,-0.053000,-0.010000,0.048000,-0.016000,-0.031000,0.075000,0.187000,0.172000,0.135000,-0.036000,-0.147000
-0.024000,-0.047000,-0.023000,0.036000,0.000000,-0.035000,0.093000,0.275000,0.225000,0.135000,-0.032000,-0.141000
0.001000,-0.045000,-0.047000,0.023000,0.024000,-0.046000,0.110000,0.351000,0.273000,0.135000,-0.023000,-0.134000
-0.010000,-0.045000,-0.035000,0.028000,0.013000,-0.040000,0.125000,0.390000,0.325000,0.135000,-0.015000,-0.130000
0.002000,-0.029000,-0.031000,0.014000,0.017000,-0.030000,0.127000,0.387000,0.350000,0.135000,-0.007000,-0.122000
0.003000,-0.016000,-0.019000,0.006000,0.012000,-0.017000,0.153000,0.385000,0.337000,0.132000,0.001000,-0.114000
0.000000,-0.002000,-0.002000,0.001000,0.001000,-0.002000,0.164000,0.361000,0.316000,0.129000,0.010000,-0.106000
-0.001000,0.013000,0.014000,-0.006000,-0.008000,0.014000,0.155000,0.269000,0.291000,0.130000,0.016000,-0.098000
-0.005000,0.025000,0.030000,-0.010000,-0.018000,0.027000,0.150000,0.085000,0.225000,0.130000,0.020000,-0.090000
0.005000,0.046000,0.041000,-0.026000,-0.018000,0.043000,0.109000,-0.186000,0.101000,0.130000,0.029000,-0.081000
-0.005000,0.057000,0.062000,-0.026000,-0.034000,0.059000,0.083000,-0.485000,-0.045000,0.131000,0.026000,-0.080000
-0.005000,0.066000,0.071000,-0.030000,-0.038000,0.068000,-0.002000,-0.849000,-0.229000,0.128000,0.031000,-0.062000
0.005000,0.077000,0.073000,-0.041000,-0.035000,0.074000,-0.133000,-1.225000,-0.425000,0.124000,0.059000,-0.027000
0.015000,0.085000,0.070000,-0.050000,-0.028000,0.077000,-0.225000,-1.540000,-0.600000,0.125000,0.105000,0.005000
0.093000,0.112000,0.018000,-0.103000,0.037000,0.065000,-0.350000,-1.927000,-0.827000,0.132000,0.166000,0.061000
0.124000,0.178000,0.053000,-0.151000,0.035000,0.115000,-0.496000,-2.375000,-1.127000,0.146000,0.216000,0.114000
0.103000,0.214000,0.110000,-0.159000,-0.004000,0.162000,-0.676000,-2.882000,-1.498000,0.150000,0.268000,0.170000
0.125000,0.220000,0.095000,-0.173000,0.015000,0.157000,-0.898000,-3.398000,-1.882000,0.144000,0.331000,0.237000
0.210000,0.245000,0.035000,-0.228000,0.087000,0.140000,-1.110000,-3.835000,-2.220000,0.140000,0.400000,0.310000
0.258000,0.239000,-0.019000,-0.248000,0.138000,0.110000,-1.259000,-4.202000,-2.538000,0.136000,0.473000,0.391000
0.326000,0.228000,-0.098000,-0.276000,0.211000,0.065000,-1.454000,-4.556000,-2.873000,0.132000,0.539000,0.463000
0.412000,0.223000,-0.189000,-0.317000,0.300000,0.017000,-1.684000,-4.862000,-3.181000,0.128000,0.618000,0.542000
0.488000,0.218000,-0.270000,-0.353000,0.379000,-0.026000,-1.895000,-5.110000,-3.463000,0.124000,0.706000,0.633000
0.560000,0.210000,-0.350000,-0.385000,0.455000,-0.070000,-2.070000,-5.335000,-3.755000,0.120000,0.785000,0.720000
0.647000,0.202000,-0.445000,-0.424000,0.546000,-0.121000,-2.214000,-5.502000,-3.993000,0.120000,0.875000,0.807000
0.775000,0.196000,-0.579000,-0.485000,0.677000,-0.191000,-2.366000,-5.614000,-4.189000,0.123000,0.980000,0.908000
0.891000,0.194000,-0.697000,-0.542000,0.793000,-0.251000,-2.503000,-5.672000,-4.334000,0.143000,1.106000,1.026000
0.959000,0.187000,-0.772000,-0.573000,0.866000,-0.292000,-2.611000,-5.676000,-4.423000,0.170000,1.227000,1.142000
1.005000,0.185000,-0.820000,-0.595000,0.912000,-0.317000,-2.700000,-5.645000,-4.490000,0.190000,1.320000,1.245000
1.055000,0.231000,-0.824000,-0.643000,0.939000,-0.296000,-2.740000,-5.624000,-4.569000,0.231000,1.415000,1.349000
1.152000,0.276000,-0.876000,-0.714000,1.014000,-0.300000,-2.756000,-5.573000,-4.615000,0.256000,1.472000,1.412000
1.213000,0.284000,-0.929000,-0.749000,1.071000,-0.322000,-2.745000,-5.511000,-4.664000,0.277000,1.476000,1.446000
1.206000,0.272000,-0.934000,-0.739000,1.069000,-0.331000,-2.720000,-5.454000,-4.721000,0.290000,1.456000,1.461000
1.200000,0.265000,-0.935000,-0.732000,1.067000,-0.335000,-2.700000,-5.365000,-4.730000,0.275000,1.445000,1.450000
1.224000,0.257000,-0.967000,-0.740000,1.095000,-0.355000,-2.656000,-5.219000,-4.692000,0.263000,1.433000,1.442000
1.237000,0.249000,-0.987000,-0.743000,1.112000,-0.369000,-2.616000,-5.073000,-4.649000,0.250000,1.422000,1.434000
1.231000,0.240000,-0.991000,-0.735000,1.111000,-0.375000,-2.568000,-4.969000,-4.610000,0.242000,1.406000,1.426000
1.224000,0.235000,-0.989000,-0.730000,1.106000,-0.376000,-2.512000,-4.862000,-4.543000,0.221000,1.385000,1.418000
1.220000,0.230000,-0.990000,-0.725000,1.105000,-0.380000,-2.460000,-4.700000,-4.435000,0.170000,1.365000,1.410000
1.209000,0.188000,-1.021000,-0.698000,1.114000,-0.416000,-2.386000,-4.544000,-4.331000,0.123000,1.334000,1.402000
1.195000,0.139000,-1.056000,-0.667000,1.125000,-0.458000,-2.300000,-4.387000,-4.222000,0.059000,1.298000,1.397000
1.203000,0.104000,-1.099000,-0.653000,1.151000,-0.497000,-2.226000,-4.252000,-4.125000,-0.055000,1.280000,1.393000
1.232000,0.079000,-1.154000,-0.656000,1.193000,-0.537000,-2.172000,-4.134000,-4.036000,-0.237000,1.280000,1.389000
1.235000,0.050000,-1.185000,-0.642000,1.210000,-0.567000,-2.115000,-3.995000,-3.920000,-0.470000,1.280000,1.385000
1.175000,0.007000,-1.169000,-0.591000,1.172000,-0.580000,-2.035000,-3.833000,-3.777000,-0.705000,1.280000,1.381000
1.167000,-0.039000,-1.206000,-0.564000,1.187000,-0.622000,-1.960000,-3.661000,-3.634000,-0.918000,1.280000,1.377000
1.171000,-0.079000,-1.249000,-0.545000,1.210000,-0.664000,-1.887000,-3.491000,-3.494000,-1.138000,1.282000,1.373000
1.143000,-0.096000,-1.239000,-0.523000,1.191000,-0.667000,-1.802000,-3.313000,-3.330000,-1.356000,1.295000,1.378000
1.115000,-0.090000,-1.205000,-0.512000,1.160000,-0.647000,-1.700000,-3.100000,-3.115000,-1.545000,1.330000,1.400000
1.084000,-0.094000,-1.178000,-0.495000,1.131000,-0.636000,-1.584000,-2.856000,-2.859000,-1.740000,1.374000,1.423000
1.078000,-0.062000,-1.140000,-0.508000,1.109000,-0.601000,-1.504000,-2.659000,-2.650000,-1.902000,1.382000,1.422000
1.013000,-0.074000,-1.088000,-0.469000,1.051000,-0.581000,-1.412000,-2.473000,-2.470000,-2.033000,1.383000,1.422000
0.947000,-0.121000,-1.067000,-0.413000,1.007000,-0.594000,-1.308000,-2.289000,-2.310000,-2.129000,1.373000,1.414000
0.975000,-0.120000,-1.095000,-0.427000,1.035000,-0.607000,-1.235000,-2.135000,-2.180000,-2.180000,1.320000,1.370000
0.941000,-0.147000,-1.088000,-0.396000,1.015000,-0.617000,-1.148000,-1.950000,-2.016000,-2.230000,1.269000,1.329000
0.915000,-0.169000,-1.085000,-0.373000,1.001000,-0.627000,-1.062000,-1.751000,-1.832000,-2.294000,1.247000,1.295000
0.883000,-0.180000,-1.063000,-0.351000,0.973000,-0.621000,-0.990000,-1.581000,-1.666000,-2.353000,1.244000,1.266000
0.828000,-0.185000,-1.013000,-0.321000,0.921000,-0.599000,-0.914000,-1.430000,-1.519000,-2.430000,1.219000,1.229000
0.795000,-0.180000,-0.975000,-0.307000,0.885000,-0.577000,-0.830000,-1.275000,-1.380000,-2.545000,1.160000,1.170000
0.778000,-0.180000,-0.957000,-0.298000,0.867000,-0.568000,-0.775000,-1.155000,-1.260000,-2.636000,1.107000,1.092000
0.767000,-0.180000,-0.948000,-0.293000,0.857000,-0.563000,-0.702000,-1.018000,-1.134000,-2.709000,1.020000,1.002000
0.731000,-0.180000,-0.910000,-0.275000,0.821000,-0.545000,-0.621000,-0.861000,-0.993000,-2.766000,0.925000,0.907000
0.644000,-0.180000,-0.824000,-0.232000,0.734000,-0.502000,-0.545000,-0.717000,-0.859000,-2.802000,0.845000,0.820000
0.535000,-0.180000,-0.715000,-0.177000,0.625000,-0.447000,-0.465000,-0.585000,-0.745000,-2.815000,0.745000,0.725000
0.486000,-0.178000,-0.663000,-0.154000,0.575000,-0.420000,-0.407000,-0.437000,-0.638000,-2.803000,0.592000,0.560000
0.531000,-0.196000,-0.727000,-0.167000,0.630000,-0.462000,-0.358000,-0.330000,-0.555000,-2.798000,0.435000,0.391000
0.505000,-0.204000,-0.709000,-0.150000,0.607000,-0.456000,-0.281000,-0.215000,-0.451000,-2.769000,0.335000,0.276000
0.408000,-0.193000,-0.601000,-0.108000,0.505000,-0.396000,-0.198000,-0.069000,-0.318000,-2.719000,0.264000,0.193000
0.385000,-0.190000,-0.575000,-0.097000,0.480000,-0.382000,-0.145000,0.045000,-0.215000,-2.670000,0.160000,0.095000
0.358000,-0.187000,-0.545000,-0.085000,0.452000,-0.366000,-0.089000,0.102000,-0.157000,-2.577000,0.045000,-0.018000
0.326000,-0.179000,-0.505000,-0.073000,0.415000,-0.341000,-0.035000,0.167000,-0.108000,-2.472000,-0.074000,-0.151000
0.277000,-0.189000,-0.466000,-0.044000,0.372000,-0.327000,0.015000,0.256000,-0.049000,-2.366000,-0.166000,-0.253000
0.215000,-0.208000,-0.423000,-0.003000,0.319000,-0.315000,0.060000,0.338000,0.015000,-2.267000,-0.240000,-0.325000
0.155000,-0.215000,-0.370000,0.030000,0.263000,-0.292000,0.100000,0.405000,0.075000,-2.175000,-0.325000,-0.415000
0.094000,-0.228000,-0.322000,0.067000,0.208000,-0.275000,0.165000,0.489000,0.141000,-2.038000,-0.399000,-0.492000
0.046000,-0.226000,-0.272000,0.090000,0.159000,-0.248000,0.244000,0.598000,0.220000,-1.851000,-0.460000,-0.561000
0.003000,-0.215000,-0.219000,0.106000,0.111000,-0.217000,0.294000,0.675000,0.279000,-1.686000,-0.521000,-0.627000
-0.041000,-0.208000,-0.167000,0.124000,0.063000,-0.188000,0.325000,0.724000,0.322000,-1.566000,-0.569000,-0.672000
-0.080000,-0.200000,-0.120000,0.140000,0.020000,-0.160000,0.375000,0.795000,0.385000,-1.455000,-0.590000,-0.690000
-0.115000,-0.192000,-0.077000,0.154000,-0.019000,-0.134000,0.416000,0.863000,0.457000,-1.369000,-0.604000,-0.712000
-0.160000,-0.184000,-0.024000,0.172000,-0.068000,-0.103000,0.454000,0.930000,0.529000,-1.291000,-0.603000,-0.711000
-0.225000,-0.178000,0.047000,0.201000,-0.135000,-0.065000,0.498000,0.999000,0.601000,-1.190000,-0.599000,-0.702000
-0.261000,-0.174000,0.088000,0.217000,-0.174000,-0.043000,0.528000,1.048000,0.655000,-1.079000,-0.600000,-0.698000
-0.250000,-0.170000,0.080000,0.210000,-0.165000,-0.045000,0.535000,1.075000,0.685000,-0.985000,-0.600000,-0.690000
-0.282000,-0.170000,0.112000,0.226000,-0.197000,-0.029000,0.568000,1.131000,0.734000,-0.895000,-0.600000,-0.686000
-0.293000,-0.170000,0.123000,0.231000,-0.208000,-0.023000,0.584000,1.173000,0.769000,-0.824000,-0.601000,-0.679000
-0.276000,-0.170000,0.106000,0.222000,-0.191000,-0.032000,0.588000,1.196000,0.790000,-0.767000,-0.598000,-0.672000
-0.291000,-0.170000,0.120000,0.230000,-0.205000,-0.025000,0.607000,1.224000,0.819000,-0.702000,-0.595000,-0.671000
-0.345000,-0.170000,0.175000,0.257000,-0.260000,0.002000,0.635000,1.260000,0.855000,-0.620000,-0.595000,-0.675000
-0.351000,-0.166000,0.186000,0.258000,-0.268000,0.010000,0.644000,1.278000,0.872000,-0.533000,-0.595000,-0.675000
-0.352000,-0.165000,0.188000,0.258000,-0.269000,0.011000,0.649000,1.286000,0.888000,-0.474000,-0.595000,-0.675000
-0.355000,-0.165000,0.190000,0.260000,-0.272000,0.012000,0.665000,1.311000,0.914000,-0.439000,-0.594000,-0.675000
-0.356000,-0.165000,0.191000,0.260000,-0.273000,0.013000,0.684000,1.348000,0.941000,-0.379000,-0.596000,-0.676000
-0.360000,-0.165000,0.195000,0.262000,-0.277000,0.015000,0.695000,1.370000,0.960000,-0.285000,-0.605000,-0.680000
-0.358000,-0.165000,0.193000,0.261000,-0.275000,0.014000,0.703000,1.390000,0.972000,-0.242000,-0.618000,-0.683000
-0.378000,-0.166000,0.213000,0.272000,-0.295000,0.023000,0.710000,1.412000,0.989000,-0.207000,-0.622000,-0.692000
-0.410000,-0.163000,0.247000,0.287000,-0.329000,0.042000,0.722000,1.439000,1.012000,-0.164000,-0.617000,-0.696000
-0.426000,-0.160000,0.267000,0.293000,-0.347000,0.053000,0.730000,1.457000,1.026000,-0.126000,-0.624000,-0.704000
-0.420000,-0.160000,0.260000,0.290000,-0.340000,0.050000,0.735000,1.465000,1.035000,-0.090000,-0.640000,-0.725000
-0.413000,-0.160000,0.253000,0.286000,-0.333000,0.046000,0.764000,1.507000,1.077000,-0.045000,-0.626000,-0.726000
-0.430000,-0.160000,0.270000,0.295000,-0.350000,0.055000,0.776000,1.522000,1.094000,-0.007000,-0.640000,-0.725000
-0.443000,-0.160000,0.283000,0.302000,-0.363000,0.061000,0.790000,1.538000,1.117000,0.044000,-0.650000,-0.724000
-0.439000,-0.159000,0.280000,0.299000,-0.359000,0.060000,0.798000,1.563000,1.141000,0.093000,-0.656000,-0.736000
-0.435000,-0.155000,0.280000,0.295000,-0.357000,0.062000,0.785000,1.570000,1.135000,0.115000,-0.685000,-0.760000
-0.434000,-0.155000,0.279000,0.294000,-0.356000,0.062000,0.814000,1.607000,1.168000,0.157000,-0.680000,-0.751000
-0.440000,-0.155000,0.285000,0.298000,-0.362000,0.065000,0.819000,1.622000,1.180000,0.209000,-0.694000,-0.763000
-0.417000,-0.155000,0.262000,0.286000,-0.339000,0.053000,0.817000,1.637000,1.188000,0.260000,-0.710000,-0.782000
-0.414000,-0.155000,0.260000,0.285000,-0.337000,0.052000,0.836000,1.666000,1.218000,0.314000,-0.709000,-0.785000
-0.480000,-0.155000,0.325000,0.317000,-0.402000,0.085000,0.855000,1.685000,1.245000,0.365000,-0.710000,-0.785000
-0.491000,-0.155000,0.335000,0.323000,-0.413000,0.090000,0.858000,1.705000,1.260000,0.389000,-0.722000,-0.797000
-0.496000,-0.152000,0.344000,0.324000,-0.420000,0.096000,0.873000,1.721000,1.285000,0.418000,-0.729000,-0.804000
-0.498000,-0.149000,0.348000,0.324000,-0.423000,0.099000,0.879000,1.727000,1.298000,0.451000,-0.748000,-0.823000
-0.470000,-0.150000,0.320000,0.310000,-0.395000,0.085000,0.877000,1.741000,1.304000,0.474000,-0.766000,-0.840000
-0.460000,-0.150000,0.310000,0.305000,-0.385000,0.080000,0.900000,1.775000,1.335000,0.490000,-0.755000,-0.825000
-0.543000,-0.150000,0.393000,0.347000,-0.468000,0.122000,0.929000,1.812000,1.372000,0.515000,-0.745000,-0.815000
-0.566000,-0.150000,0.416000,0.357000,-0.491000,0.133000,0.945000,1.838000,1.398000,0.525000,-0.749000,-0.819000
-0.552000,-0.150000,0.401000,0.351000,-0.477000,0.125000,0.940000,1.847000,1.408000,0.528000,-0.763000,-0.834000
-0.555000,-0.149000,0.406000,0.352000,-0.480000,0.128000,0.937000,1.853000,1.412000,0.538000,-0.778000,-0.855000
-0.550000,-0.145000,0.405000,0.347000,-0.477000,0.130000,0.955000,1.870000,1.425000,0.550000,-0.785000,-0.865000
-0.546000,-0.141000,0.405000,0.343000,-0.475000,0.132000,0.964000,1.871000,1.446000,0.567000,-0.780000,-0.860000
-0.541000,-0.136000,0.405000,0.338000,-0.473000,0.134000,0.965000,1.869000,1.454000,0.576000,-0.790000,-0.867000
-0.541000,-0.135000,0.406000,0.337000,-0.473000,0.136000,0.965000,1.874000,1.457000,0.585000,-0.810000,-0.882000
-0.538000,-0.134000,0.403000,0.336000,-0.470000,0.134000,0.965000,1.882000,1.469000,0.598000,-0.820000,-0.893000
-0.525000,-0.130000,0.395000,0.327000,-0.460000,0.132000,0.975000,1.895000,1.495000,0.605000,-0.815000,-0.900000
-0.516000,-0.126000,0.390000,0.320000,-0.452000,0.132000,1.001000,1.928000,1.526000,0.601000,-0.815000,-0.896000
-0.487000,-0.125000,0.361000,0.306000,-0.423000,0.118000,1.005000,1.948000,1.529000,0.632000,-0.816000,-0.894000
-0.508000,-0.124000,0.384000,0.316000,-0.446000,0.130000,0.997000,1.949000,1.524000,0.643000,-0.813000,-0.896000
-0.564000,-0.119000,0.445000,0.341000,-0.505000,0.163000,0.994000,1.944000,1.526000,0.639000,-0.809000,-0.894000
-0.570000,-0.115000,0.455000,0.342000,-0.512000,0.170000,0.990000,1.940000,1.530000,0.660000,-0.810000,-0.890000
-0.567000,-0.116000,0.451000,0.341000,-0.509000,0.167000,0.990000,1.940000,1.542000,0.641000,-0.811000,-0.889000
-0.555000,-0.110000,0.446000,0.332000,-0.500000,0.168000,0.988000,1.938000,1.551000,0.660000,-0.804000,-0.891000
-0.549000,-0.101000,0.448000,0.324000,-0.498000,0.174000,0.982000,1.932000,1.560000,0.677000,-0.798000,-0.885000
-0.550000,-0.093000,0.457000,0.321000,-0.503000,0.182000,0.980000,1.930000,1.574000,0.670000,-0.793000,-0.872000
-0.550000,-0.085000,0.465000,0.317000,-0.507000,0.190000,0.980000,1.930000,1.585000,0.685000,-0.785000,-0.865000
-0.558000,-0.077000,0.481000,0.317000,-0.519000,0.202000,0.976000,1.914000,1.577000,0.703000,-0.781000,-0.857000
-0.566000,-0.069000,0.497000,0.317000,-0.531000,0.214000,0.971000,1.901000,1.572000,0.704000,-0.774000,-0.849000
-0.575000,-0.063000,0.513000,0.319000,-0.544000,0.225000,0.971000,1.887000,1.566000,0.712000,-0.769000,-0.841000
-0.579000,-0.059000,0.520000,0.319000,-0.550000,0.231000,0.968000,1.872000,1.559000,0.718000,-0.762000,-0.833000
-0.570000,-0.055000,0.515000,0.312000,-0.542000,0.230000,0.955000,1.860000,1.555000,0.705000,-0.745000,-0.825000
-0.566000,-0.051000,0.515000,0.308000,-0.540000,0.231000,0.943000,1.833000,1.547000,0.731000,-0.733000,-0.809000
-0.563000,-0.047000,0.516000,0.304000,-0.539000,0.234000,0.931000,1.803000,1.542000,0.764000,-0.721000,-0.793000
-0.556000,-0.043000,0.513000,0.299000,-0.534000,0.235000,0.919000,1.779000,1.535000,0.781000,-0.710000,-0.776000
-0.549000,-0.039000,0.510000,0.294000,-0.529000,0.235000,0.906000,1.760000,1.522000,0.785000,-0.695000,-0.762000
-0.545000,-0.035000,0.510000,0.290000,-0.527000,0.237000,0.890000,1.740000,1.510000,0.785000,-0.670000,-0.750000
-0.540000,-0.032000,0.508000,0.286000,-0.524000,0.238000,0.878000,1.719000,1.502000,0.784000,-0.646000,-0.722000
-0.544000,-0.021000,0.523000,0.283000,-0.534000,0.251000,0.866000,1.705000,1.492000,0.795000,-0.622000,-0.696000
-0.539000,-0.010000,0.529000,0.275000,-0.534000,0.259000,0.855000,1.679000,1.478000,0.800000,-0.598000,-0.675000
-0.520000,-0.003000,0.517000,0.262000,-0.519000,0.257000,0.841000,1.640000,1.468000,0.794000,-0.574000,-0.656000
-0.505000,0.005000,0.510000,0.250000,-0.508000,0.257000,0.820000,1.605000,1.460000,0.795000,-0.550000,-0.635000
-0.489000,0.013000,0.502000,0.238000,-0.496000,0.257000,0.800000,1.572000,1.444000,0.804000,-0.531000,-0.603000
-0.473000,0.021000,0.494000,0.226000,-0.484000,0.257000,0.777000,1.546000,1.430000,0.835000,-0.504000,-0.573000
-0.457000,0.029000,0.486000,0.214000,-0.472000,0.257000,0.756000,1.508000,1.405000,0.858000,-0.477000,-0.549000
-0.440000,0.038000,0.478000,0.201000,-0.459000,0.258000,0.733000,1.458000,1.372000,0.860000,-0.454000,-0.531000
-0.420000,0.050000,0.470000,0.185000,-0.445000,0.260000,0.700000,1.415000,1.345000,0.855000,-0.435000,-0.510000
-0.404000,0.057000,0.462000,0.174000,-0.433000,0.259000,0.672000,1.371000,1.313000,0.849000,-0.420000,-0.482000
-0.386000,0.071000,0.457000,0.157000,-0.422000,0.264000,0.644000,1.330000,1.281000,0.859000,-0.392000,-0.458000
-0.381000,0.072000,0.453000,0.155000,-0.417000,0.262000,0.617000,1.290000,1.250000,0.868000,-0.360000,-0.429000
-0.393000,0.057000,0.449000,0.168000,-0.421000,0.253000,0.594000,1.251000,1.225000,0.871000,-0.333000,-0.390000
-0.395000,0.050000,0.445000,0.172000,-0.420000,0.247000,0.575000,1.210000,1.200000,0.880000,-0.305000,-0.360000
-0.385000,0.044000,0.429000,0.170000,-0.407000,0.236000,0.560000,1.154000,1.149000,0.897000,-0.277000,-0.350000
-0.389000,0.024000,0.413000,0.182000,-0.401000,0.218000,0.532000,1.100000,1.096000,0.904000,-0.249000,-0.348000
-0.335000,0.062000,0.397000,0.136000,-0.366000,0.229000,0.500000,1.049000,1.058000,0.907000,-0.223000,-0.324000
-0.260000,0.122000,0.382000,0.069000,-0.321000,0.252000,0.473000,0.997000,1.027000,0.919000,-0.199000,-0.286000
-0.260000,0.110000,0.370000,0.075000,-0.315000,0.240000,0.445000,0.950000,0.995000,0.930000,-0.175000,-0.255000
-0.249000,0.109000,0.358000,0.070000,-0.304000,0.233000,0.421000,0.909000,0.966000,0.926000,-0.152000,-0.219000
-0.235000,0.111000,0.346000,0.062000,-0.290000,0.228000,0.399000,0.874000,0.943000,0.924000,-0.120000,-0.185000
-0.226000,0.108000,0.334000,0.059000,-0.280000,0.221000,0.381000,0.832000,0.913000,0.925000,-0.079000,-0.157000
-0.217000,0.105000,0.322000,0.056000,-0.270000,0.213000,0.357000,0.783000,0.876000,0.925000,-0.051000,-0.134000
-0.205000,0.105000,0.310000,0.050000,-0.258000,0.207000,0.320000,0.740000,0.840000,0.925000,-0.045000,-0.110000
-0.194000,0.104000,0.298000,0.044000,-0.247000,0.201000,0.287000,0.693000,0.796000,0.925000,-0.039000,-0.093000
-0.174000,0.111000,0.285000,0.031000,-0.230000,0.198000,0.264000,0.643000,0.754000,0.922000,-0.019000,-0.081000
-0.160000,0.116000,0.276000,0.022000,-0.218000,0.195000,0.247000,0.601000,0.717000,0.919000,0.010000,-0.067000
-0.153000,0.114000,0.268000,0.019000,-0.211000,0.191000,0.231000,0.566000,0.681000,0.920000,0.027000,-0.052000
-0.140000,0.115000,0.255000,0.012000,-0.198000,0.185000,0.215000,0.530000,0.645000,0.920000,0.030000,-0.040000
-0.119000,0.124000,0.242000,-0.003000,-0.181000,0.183000,0.200000,0.498000,0.613000,0.920000,0.055000,-0.024000
-0.112000,0.123000,0.235000,-0.005000,-0.173000,0.178000,0.175000,0.467000,0.581000,0.921000,0.064000,-0.011000
-0.103000,0.120000,0.223000,-0.008000,-0.163000,0.171000,0.146000,0.432000,0.549000,0.915000,0.069000,0.001000
-0.086000,0.119000,0.206000,-0.016000,-0.146000,0.162000,0.126000,0.397000,0.517000,0.903000,0.074000,0.012000
-0.075000,0.115000,0.190000,-0.020000,-0.133000,0.152000,0.115000,0.365000,0.485000,0.895000,0.070000,0.020000
-0.059000,0.115000,0.174000,-0.028000,-0.117000,0.144000,0.107000,0.333000,0.461000,0.883000,0.086000,0.028000
-0.045000,0.112000,0.157000,-0.033000,-0.101000,0.134000,0.096000,0.303000,0.437000,0.874000,0.098000,0.036000
-0.037000,0.110000,0.147000,-0.037000,-0.092000,0.128000,0.086000,0.279000,0.413000,0.864000,0.102000,0.044000
-0.035000,0.109000,0.144000,-0.038000,-0.090000,0.126000,0.077000,0.260000,0.390000,0.853000,0.105000,0.052000
-0.035000,0.105000,0.140000,-0.035000,-0.088000,0.122000,0.065000,0.240000,0.370000,0.845000,0.105000,0.060000
-0.035000,0.105000,0.140000,-0.035000,-0.088000,0.122000,0.057000,0.223000,0.354000,0.829000,0.105000,0.069000
-0.036000,0.102000,0.138000,-0.033000,-0.087000,0.119000,0.049000,0.211000,0.338000,0.815000,0.105000,0.068000
-0.033000,0.100000,0.132000,-0.034000,-0.082000,0.116000,0.041000,0.199000,0.322000,0.804000,0.105000,0.064000
-0.031000,0.099000,0.130000,-0.034000,-0.080000,0.115000,0.033000,0.187000,0.306000,0.792000,0.104000,0.065000
-0.035000,0.095000,0.130000,-0.030000,-0.083000,0.112000,0.025000,0.175000,0.290000,0.780000,0.105000,0.070000
-0.031000,0.091000,0.122000,-0.030000,-0.077000,0.107000,0.017000,0.163000,0.274000,0.764000,0.119000,0.084000
-0.027000,0.087000,0.114000,-0.030000,-0.071000,0.100000,0.009000,0.154000,0.258000,0.748000,0.113000,0.078000
-0.023000,0.083000,0.106000,-0.030000,-0.065000,0.094000,0.000000,0.146000,0.242000,0.731000,0.100000,0.065000
-0.018000,0.080000,0.098000,-0.031000,-0.058000,0.089000,-0.005000,0.138000,0.227000,0.717000,0.093000,0.058000
-0.010000,0.080000,0.090000,-0.035000,-0.050000,0.085000,0.000000,0.130000,0.215000,0.705000,0.085000,0.050000
-0.005000,0.076000,0.082000,-0.035000,-0.044000,0.078000,0.000000,0.122000,0.207000,0.678000,0.073000,0.038000
-0.005000,0.072000,0.077000,-0.034000,-0.041000,0.074000,0.003000,0.113000,0.202000,0.647000,0.064000,0.029000
-0.003000,0.068000,0.071000,-0.033000,-0.037000,0.069000,0.005000,0.111000,0.198000,0.626000,0.056000,0.021000
0.000000,0.064000,0.064000,-0.032000,-0.032000,0.064000,0.006000,0.116000,0.194000,0.612000,0.048000,0.013000
0.005000,0.060000,0.055000,-0.033000,-0.025000,0.057000,0.010000,0.115000,0.190000,0.595000,0.040000,0.005000
0.031000,0.060000,0.029000,-0.046000,0.001000,0.044000,0.011000,0.115000,0.186000,0.571000,0.036000,0.001000
0.063000,0.058000,-0.005000,-0.060000,0.034000,0.026000,0.007000,0.115000,0.182000,0.550000,0.032000,-0.003000
0.067000,0.052000,-0.015000,-0.059000,0.040000,0.019000,0.005000,0.115000,0.178000,0.527000,0.028000,-0.007000
0.052000,0.050000,-0.002000,-0.051000,0.027000,0.023000,0.004000,0.115000,0.175000,0.498000,0.024000,-0.011000
0.045000,0.050000,0.005000,-0.048000,0.020000,0.027000,0.000000,0.115000,0.175000,0.470000,0.020000,-0.015000
0.033000,0.046000,0.013000,-0.040000,0.010000,0.029000,0.000000,0.115000,0.175000,0.449000,0.016000,-0.019000
0.024000,0.045000,0.021000,-0.035000,0.001000,0.033000,-0.003000,0.115000,0.175000,0.433000,0.009000,-0.025000
0.014000,0.043000,0.029000,-0.029000,-0.007000,0.036000,-0.005000,0.115000,0.175000,0.415000,0.001000,-0.035000
0.002000,0.040000,0.038000,-0.021000,-0.018000,0.038000,-0.006000,0.115000,0.175000,0.396000,-0.007000,-0.040000
-0.005000,0.040000,0.045000,-0.018000,-0.025000,0.042000,-0.010000,0.115000,0.175000,0.380000,-0.015000,-0.035000
-0.005000,0.036000,0.041000,-0.016000,-0.023000,0.038000,-0.010000,0.115000,0.175000,0.364000,-0.023000,-0.028000
-0.009000,0.031000,0.040000,-0.011000,-0.025000,0.035000,-0.013000,0.115000,0.172000,0.351000,-0.031000,-0.050000
-0.008000,0.030000,0.038000,-0.011000,-0.023000,0.034000,-0.016000,0.115000,0.169000,0.337000,-0.037000,-0.072000
-0.005000,0.029000,0.034000,-0.012000,-0.020000,0.031000,-0.014000,0.115000,0.170000,0.322000,-0.041000,-0.076000
-0.010000,0.025000,0.035000,-0.008000,-0.023000,0.030000,-0.010000,0.115000,0.170000,0.310000,-0.045000,-0.080000
-0.010000,0.025000,0.035000,-0.008000,-0.023000,0.030000,-0.010000,0.115000,0.170000,0.294000,-0.045000,-0.080000
-0.010000,0.022000,0.032000,-0.006000,-0.021000,0.027000,-0.007000,0.115000,0.170000,0.281000,-0.045000,-0.080000
-0.009000,0.020000,0.029000,-0.005000,-0.019000,0.025000,-0.005000,0.115000,0.170000,0.267000,-0.045000,-0.080000
-0.012000,0.019000,0.030000,-0.004000,-0.021000,0.025000,-0.004000,0.115000,0.170000,0.252000,-0.045000,-0.080000
-0.020000,0.010000,0.030000,0.005000,-0.025000,0.020000,0.000000,0.115000,0.170000,0.240000,-0.045000,-0.080000
-0.024000,0.002000,0.026000,0.011000,-0.025000,0.013000,0.000000,0.115000,0.166000,0.228000,-0.045000,-0.080000
-0.030000,-0.006000,0.024000,0.018000,-0.027000,0.009000,-0.001000,0.115000,0.165000,0.219000,-0.045000,-0.080000
-0.040000,-0.014000,0.026000,0.026000,-0.033000,0.005000,0.002000,0.115000,0.165000,0.209000,-0.045000,-0.080000
-0.046000,-0.022000,0.024000,0.034000,-0.035000,0.001000,0.005000,0.115000,0.165000,0.198000,-0.045000,-0.080000
-0.050000,-0.030000,0.020000,0.040000,-0.035000,-0.005000,0.005000,0.115000,0.165000,0.190000,-0.045000,-0.080000
-0.055000,-0.035000,0.020000,0.045000,-0.037000,-0.007000,0.009000,0.118000,0.165000,0.178000,-0.044000,-0.079000
-0.050000,-0.033000,0.017000,0.041000,-0.033000,-0.007000,0.010000,0.130000,0.165000,0.168000,-0.049000,-0.084000
-0.042000,-0.027000,0.014000,0.034000,-0.028000,-0.006000,0.012000,0.135000,0.165000,0.162000,-0.048000,-0.084000
-0.040000,-0.025000,0.015000,0.032000,-0.027000,-0.005000,0.015000,0.129000,0.165000,0.152000,-0.054000,-0.088000
-0.040000,-0.025000,0.015000,0.032000,-0.027000,-0.005000,0.015000,0.130000,0.165000,0.150000,-0.075000,-0.105000
-0.032000,-0.021000,0.011000,0.026000,-0.021000,-0.005000,0.015000,0.130000,0.161000,0.171000,-0.069000,-0.099000
-0.029000,-0.020000,0.009000,0.025000,-0.019000,-0.005000,0.012000,0.130000,0.160000,0.174000,-0.057000,-0.088000
-0.029000,-0.019000,0.011000,0.024000,-0.020000,-0.004000,0.009000,0.131000,0.160000,0.169000,-0.072000,-0.100000
-0.023000,-0.014000,0.009000,0.018000,-0.015000,-0.002000,0.012000,0.129000,0.160000,0.169000,-0.092000,-0.117000
-0.015000,-0.010000,0.005000,0.012000,-0.010000,-0.002000,0.025000,0.130000,0.160000,0.165000,-0.085000,-0.110000
-0.016000,-0.010000,0.006000,0.013000,-0.011000,-0.002000,0.040000,0.147000,0.160000,0.165000,-0.084000,-0.106000
-0.006000,-0.007000,0.000000,0.006000,-0.003000,-0.003000,0.031000,0.150000,0.160000,0.166000,-0.085000,-0.103000
-0.030000,-0.005000,0.025000,0.017000,-0.026000,0.010000,0.040000,0.157000,0.160000,0.163000,-0.085000,-0.096000
-0.062000,-0.004000,0.058000,0.032000,-0.060000,0.027000,0.062000,0.173000,0.160000,0.160000,-0.085000,-0.098000
-0.045000,0.005000,0.050000,0.020000,-0.048000,0.027000,0.055000,0.175000,0.160000,0.160000,-0.085000,-0.120000
-0.040000,0.009000,0.050000,0.016000,-0.045000,0.029000,0.053000,0.175000,0.160000,0.160000,-0.085000,-0.130000
-0.035000,0.013000,0.048000,0.011000,-0.042000,0.030000,0.065000,0.175000,0.160000,0.157000,-0.085000,-0.128000
-0.026000,0.017000,0.043000,0.004000,-0.035000,0.030000,0.071000,0.175000,0.159000,0.154000,-0.085000,-0.122000
-0.027000,0.021000,0.048000,0.003000,-0.038000,0.034000,0.070000,0.176000,0.161000,0.155000,-0.085000,-0.120000
-0.045000,0.025000,0.070000,0.010000,-0.058000,0.047000,0.080000,0.185000,0.170000,0.155000,-0.085000,-0.120000
-0.067000,0.029000,0.096000,0.019000,-0.081000,0.062000,0.101000,0.201000,0.182000,0.151000,-0.085000,-0.116000
-0.070000,0.035000,0.105000,0.017000,-0.087000,0.070000,0.110000,0.216000,0.192000,0.150000,-0.085000,-0.115000
-0.059000,0.046000,0.105000,0.006000,-0.082000,0.075000,0.110000,0.221000,0.197000,0.148000,-0.085000,-0.114000
-0.056000,0.048000,0.105000,0.003000,-0.081000,0.076000,0.120000,0.229000,0.202000,0.144000,-0.085000,-0.109000
-0.080000,0.025000,0.105000,0.027000,-0.093000,0.065000,0.140000,0.250000,0.210000,0.145000,-0.085000,-0.105000
-0.109000,-0.001000,0.107000,0.054000,-0.109000,0.053000,0.137000,0.247000,0.210000,0.145000,-0.085000,-0.105000
-0.026000,0.063000,0.090000,-0.019000,-0.058000,0.076000,0.134000,0.241000,0.210000,0.142000,-0.085000,-0.102000
0.015000,0.109000,0.094000,-0.062000,-0.040000,0.101000,0.135000,0.240000,0.210000,0.139000,-0.085000,-0.100000
-0.027000,0.092000,0.119000,-0.033000,-0.073000,0.106000,0.135000,0.239000,0.210000,0.140000,-0.085000,-0.099000
-0.025000,0.095000,0.120000,-0.035000,-0.073000,0.107000,0.135000,0.235000,0.210000,0.140000,-0.085000,-0.095000
-0.025000,0.095000,0.120000,-0.035000,-0.073000,0.107000,0.135000,0.230000,0.210000,0.136000,-0.085000,-0.095000
-0.023000,0.095000,0.118000,-0.036000,-0.071000,0.106000,0.137000,0.231000,0.211000,0.134000,-0.085000,-0.095000
-0.033000,0.095000,0.128000,-0.031000,-0.081000,0.112000,0.127000,0.224000,0.205000,0.136000,-0.085000,-0.095000
-0.055000,0.094000,0.149000,-0.020000,-0.103000,0.122000,0.104000,0.206000,0.192000,0.134000,-0.085000,-0.095000
-0.065000,0.090000,0.155000,-0.013000,-0.110000,0.122000,0.085000,0.190000,0.185000,0.130000,-0.085000,-0.095000
-0.057000,0.090000,0.147000,-0.017000,-0.102000,0.118000,0.072000,0.174000,0.177000,0.130000,-0.086000,-0.091000
-0.051000,0.090000,0.141000,-0.020000,-0.096000,0.116000,0.064000,0.157000,0.169000,0.130000,-0.078000,-0.090000
-0.048000,0.090000,0.138000,-0.021000,-0.093000,0.114000,0.054000,0.145000,0.161000,0.130000,-0.093000,-0.090000
-0.044000,0.090000,0.134000,-0.024000,-0.089000,0.112000,0.043000,0.139000,0.153000,0.130000,-0.117000,-0.090000
-0.040000,0.090000,0.130000,-0.025000,-0.085000,0.110000,0.035000,0.135000,0.145000,0.130000,-0.110000,-0.090000
-0.044000,0.082000,0.126000,-0.020000,-0.085000,0.104000,0.023000,0.131000,0.137000,0.131000,-0.109000,-0.090000
-0.049000,0.074000,0.123000,-0.013000,-0.086000,0.098000,0.014000,0.127000,0.132000,0.127000,-0.111000,-0.091000
-0.050000,0.066000,0.116000,-0.008000,-0.083000,0.091000,0.006000,0.123000,0.128000,0.140000,-0.108000,-0.088000
-0.051000,0.058000,0.109000,-0.004000,-0.080000,0.083000,-0.001000,0.119000,0.124000,0.157000,-0.105000,-0.085000
-0.055000,0.050000,0.105000,0.002000,-0.080000,0.077000,-0.005000,0.115000,0.120000,0.155000,-0.105000,-0.085000
-0.055000,0.042000,0.097000,0.006000,-0.076000,0.069000,-0.013000,0.111000,0.116000,0.161000,-0.105000,-0.085000
-0.057000,0.035000,0.092000,0.011000,-0.075000,0.063000,-0.018000,0.110000,0.112000,0.178000,-0.105000,-0.085000
-0.046000,0.041000,0.086000,0.003000,-0.066000,0.063000,-0.024000,0.108000,0.108000,0.189000,-0.103000,-0.085000
-0.009000,0.069000,0.079000,-0.030000,-0.044000,0.074000,-0.031000,0.105000,0.104000,0.189000,-0.100000,-0.084000
0.025000,0.100000,0.075000,-0.063000,-0.025000,0.087000,-0.035000,0.105000,0.100000,0.190000,-0.100000,-0.080000
0.022000,0.090000,0.067000,-0.056000,-0.023000,0.078000,-0.040000,0.101000,0.096000,0.202000,-0.100000,-0.080000
0.019000,0.078000,0.059000,-0.049000,-0.021000,0.068000,-0.038000,0.100000,0.095000,0.207000,-0.097000,-0.080000
0.020000,0.071000,0.051000,-0.046000,-0.016000,0.061000,-0.047000,0.098000,0.094000,0.204000,-0.095000,-0.080000
0.020000,0.063000,0.043000,-0.042000,-0.012000,0.053000,-0.054000,0.095000,0.089000,0.207000,-0.095000,-0.080000
0.020000,0.055000,0.035000,-0.038000,-0.008000,0.045000,-0.040000,0.095000,0.085000,0.215000,-0.095000,-0.080000
0.020000,0.047000,0.027000,-0.034000,-0.004000,0.037000,-0.032000,0.091000,0.085000,0.212000,-0.095000,-0.080000
0.020000,0.039000,0.019000,-0.029000,0.000000,0.028000,-0.024000,0.090000,0.083000,0.207000,-0.092000,-0.077000
0.004000,0.033000,0.028000,-0.018000,-0.012000,0.030000,-0.016000,0.088000,0.077000,0.203000,-0.089000,-0.074000
-0.011000,0.029000,0.040000,-0.009000,-0.026000,0.035000,-0.008000,0.085000,0.075000,0.199000,-0.090000,-0.075000
-0.005000,0.025000,0.030000,-0.010000,-0.018000,0.027000,0.000000,0.085000,0.075000,0.195000,-0.090000,-0.075000
-0.005000,0.021000,0.026000,-0.009000,-0.015000,0.023000,0.008000,0.081000,0.071000,0.195000,-0.090000,-0.071000
-0.004000,0.016000,0.021000,-0.007000,-0.013000,0.018000,0.012000,0.080000,0.070000,0.192000,-0.090000,-0.069000
0.006000,0.015000,0.008000,-0.011000,-0.002000,0.011000,0.007000,0.080000,0.068000,0.188000,-0.090000,-0.071000
-0.002000,0.014000,0.017000,-0.006000,-0.010000,0.015000,0.015000,0.090000,0.065000,0.184000,-0.090000,-0.069000
-0.040000,0.010000,0.050000,0.015000,-0.045000,0.030000,0.045000,0.115000,0.065000,0.180000,-0.090000,-0.065000
-0.038000,0.006000,0.044000,0.016000,-0.042000,0.024000,0.055000,0.119000,0.061000,0.176000,-0.090000,-0.065000
-0.030000,0.003000,0.033000,0.014000,-0.032000,0.018000,0.055000,0.126000,0.060000,0.175000,-0.090000,-0.066000
-0.030000,-0.004000,0.026000,0.017000,-0.028000,0.011000,0.055000,0.130000,0.058000,0.173000,-0.090000,-0.063000
-0.020000,-0.002000,0.018000,0.011000,-0.019000,0.007000,0.055000,0.124000,0.055000,0.169000,-0.089000,-0.060000
-0.015000,-0.005000,0.010000,0.010000,-0.012000,0.002000,0.055000,0.120000,0.055000,0.170000,-0.090000,-0.060000
-0.062000,-0.060000,0.002000,0.061000,-0.032000,-0.029000,0.055000,0.116000,0.051000,0.170000,-0.103000,-0.060000
-0.062000,-0.068000,-0.005000,0.065000,-0.028000,-0.036000,0.055000,0.115000,0.050000,0.167000,-0.105000,-0.057000
-0.030000,-0.046000,-0.016000,0.039000,-0.007000,-0.031000,0.055000,0.114000,0.048000,0.164000,-0.109000,-0.054000
-0.020000,-0.047000,-0.027000,0.034000,0.004000,-0.037000,0.055000,0.109000,0.045000,0.165000,-0.115000,-0.055000
-0.035000,-0.065000,-0.030000,0.050000,-0.002000,-0.047000,0.055000,0.105000,0.045000,0.165000,-0.110000,-0.055000
-0.053000,-0.083000,-0.030000,0.068000,-0.011000,-0.056000,0.055000,0.105000,0.041000,0.161000,-0.110000,-0.051000
-0.053000,-0.083000,-0.030000,0.068000,-0.011000,-0.056000,0.055000,0.103000,0.040000,0.159000,-0.111000,-0.049000
-0.049000,-0.079000,-0.030000,0.064000,-0.010000,-0.055000,0.055000,0.097000,0.040000,0.161000,-0.108000,-0.051000
-0.050000,-0.080000,-0.030000,0.065000,-0.010000,-0.055000,0.055000,0.095000,0.040000,0.159000,-0.105000,-0.049000
-0.050000,-0.080000,-0.030000,0.065000,-0.010000,-0.055000,0.055000,0.095000,0.040000,0.155000,-0.105000,-0.045000
-0.050000,-0.080000,-0.031000,0.065000,-0.010000,-0.055000,0.055000,0.091000,0.040000,0.155000,-0.105000,-0.045000
-0.051000,-0.077000,-0.026000,0.064000,-0.012000,-0.052000,0.055000,0.086000,0.040000,0.156000,-0.102000,-0.045000
-0.049000,-0.074000,-0.026000,0.062000,-0.011000,-0.050000,0.055000,0.085000,0.040000,0.153000,-0.099000,-0.045000
-0.053000,-0.075000,-0.022000,0.064000,-0.015000,-0.049000,0.055000,0.084000,0.040000,0.150000,-0.100000,-0.044000
-0.060000,-0.075000,-0.015000,0.068000,-0.022000,-0.045000,0.055000,0.080000,0.040000,0.150000,-0.100000,-0.040000
-0.039000,-0.075000,-0.036000,0.057000,-0.001000,-0.055000,0.055000,0.080000,0.040000,0.150000,-0.096000,-0.040000
-0.035000,-0.072000,-0.037000,0.053000,0.001000,-0.054000,0.055000,0.078000,0.040000,0.147000,-0.094000,-0.041000
-0.043000,-0.069000,-0.026000,0.057000,-0.008000,-0.048000,0.055000,0.072000,0.040000,0.144000,-0.096000,-0.038000
-0.045000,-0.070000,-0.025000,0.058000,-0.010000,-0.047000,0.055000,0.070000,0.040000,0.145000,-0.094000,-0.035000
-0.050000,-0.070000,-0.020000,0.060000,-0.015000,-0.045000,0.055000,0.070000,0.040000,0.145000,-0.090000,-0.035000
-0.057000,-0.070000,-0.012000,0.064000,-0.022000,-0.041000,0.055000,0.066000,0.040000,0.141000,-0.090000,-0.035000
-0.034000,-0.071000,-0.037000,0.052000,0.002000,-0.053000,0.055000,0.062000,0.040000,0.140000,-0.091000,-0.035000
-0.016000,-0.068000,-0.052000,0.042000,0.018000,-0.060000,0.055000,0.075000,0.040000,0.138000,-0.088000,-0.033000
-0.021000,-0.065000,-0.044000,0.043000,0.012000,-0.054000,0.054000,0.092000,0.040000,0.134000,-0.085000,-0.030000
-0.020000,-0.065000,-0.045000,0.043000,0.013000,-0.055000,0.050000,0.095000,0.040000,0.135000,-0.085000,-0.030000
-0.020000,-0.065000,-0.045000,0.043000,0.013000,-0.055000,0.050000,0.104000,0.040000,0.135000,-0.085000,-0.030000
-0.020000,-0.066000,-0.045000,0.043000,0.013000,-0.055000,0.047000,0.103000,0.040000,0.132000,-0.082000,-0.027000
-0.019000,-0.063000,-0.044000,0.041000,0.013000,-0.053000,0.045000,0.098000,0.040000,0.129000,-0.077000,-0.025000
-0.013000,-0.060000,-0.047000,0.037000,0.017000,-0.052000,0.044000,0.094000,0.040000,0.130000,-0.075000,-0.025000
-0.015000,-0.060000,-0.045000,0.038000,0.015000,-0.052000,0.040000,0.090000,0.040000,0.130000,-0.075000,-0.025000
-0.040000,-0.060000,-0.021000,0.050000,-0.010000,-0.040000,0.040000,0.091000,0.040000,0.126000,-0.071000,-0.026000
-0.016000,-0.060000,-0.043000,0.038000,0.013000,-0.052000,0.040000,0.086000,0.038000,0.124000,-0.066000,-0.017000
0.002000,-0.061000,-0.062000,0.030000,0.032000,-0.062000,0.042000,0.105000,0.048000,0.126000,-0.066000,-0.005000
-0.013000,-0.059000,-0.046000,0.036000,0.017000,-0.052000,0.055000,0.171000,0.089000,0.124000,-0.063000,0.002000
-0.010000,-0.050000,-0.040000,0.030000,0.015000,-0.045000,0.075000,0.265000,0.150000,0.120000,-0.050000,0.010000
0.003000,-0.046000,-0.049000,0.021000,0.027000,-0.047000,0.086000,0.343000,0.200000,0.120000,-0.042000,0.022000
0.002000,-0.043000,-0.045000,0.020000,0.024000,-0.044000,0.108000,0.404000,0.268000,0.117000,-0.031000,0.032000
0.001000,-0.036000,-0.038000,0.018000,0.019000,-0.037000,0.111000,0.419000,0.303000,0.114000,-0.021000,0.037000
0.005000,-0.028000,-0.033000,0.012000,0.019000,-0.030000,0.117000,0.402000,0.301000,0.115000,-0.012000,0.050000
0.000000,-0.025000,-0.025000,0.013000,0.013000,-0.025000,0.155000,0.390000,0.300000,0.115000,0.000000,0.070000
-0.001000,-0.023000,-0.023000,0.012000,0.011000,-0.023000,0.144000,0.332000,0.248000,0.111000,0.008000,0.074000
0.003000,0.000000,-0.003000,-0.001000,0.002000,-0.002000,0.138000,0.184000,0.205000,0.109000,0.016000,0.080000
0.008000,0.027000,0.019000,-0.018000,-0.006000,0.023000,0.106000,-0.070000,0.107000,0.111000,0.025000,0.089000
0.009000,0.053000,0.044000,-0.032000,-0.017000,0.048000,0.047000,-0.384000,-0.056000,0.109000,0.038000,0.089000
0.015000,0.090000,0.075000,-0.053000,-0.030000,0.082000,-0.010000,-0.710000,-0.215000,0.105000,0.050000,0.090000
0.051000,0.116000,0.065000,-0.084000,-0.007000,0.091000,-0.121000,-1.074000,-0.391000,0.105000,0.059000,0.119000
0.077000,0.127000,0.050000,-0.102000,0.014000,0.088000,-0.227000,-1.397000,-0.566000,0.105000,0.096000,0.166000
0.095000,0.135000,0.040000,-0.115000,0.027000,0.087000,-0.342000,-1.747000,-0.766000,0.105000,0.158000,0.228000
0.124000,0.149000,0.025000,-0.136000,0.049000,0.086000,-0.479000,-2.177000,-1.036000,0.105000,0.218000,0.297000
0.170000,0.185000,0.015000,-0.178000,0.077000,0.100000,-0.640000,-2.655000,-1.385000,0.105000,0.265000,0.360000
0.229000,0.264000,0.036000,-0.247000,0.096000,0.150000,-0.868000,-3.173000,-1.761000,0.105000,0.319000,0.415000
0.257000,0.259000,0.002000,-0.258000,0.127000,0.131000,-1.076000,-3.616000,-2.096000,0.105000,0.389000,0.483000
0.263000,0.205000,-0.058000,-0.234000,0.161000,0.073000,-1.236000,-3.984000,-2.420000,0.105000,0.457000,0.555000
0.301000,0.193000,-0.108000,-0.246000,0.204000,0.042000,-1.402000,-4.323000,-2.751000,0.105000,0.523000,0.621000
0.395000,0.215000,-0.180000,-0.305000,0.287000,0.017000,-1.615000,-4.640000,-3.065000,0.105000,0.595000,0.685000
0.503000,0.209000,-0.294000,-0.355000,0.398000,-0.043000,-1.836000,-4.915000,-3.368000,0.101000,0.649000,0.755000
0.609000,0.198000,-0.411000,-0.403000,0.509000,-0.106000,-2.042000,-5.163000,-3.674000,0.097000,0.696000,0.810000
0.694000,0.191000,-0.503000,-0.443000,0.598000,-0.155000,-2.189000,-5.342000,-3.922000,0.093000,0.779000,0.895000
0.770000,0.183000,-0.588000,-0.476000,0.679000,-0.203000,-2.309000,-5.458000,-4.112000,0.099000,0.893000,1.015000
0.860000,0.175000,-0.685000,-0.517000,0.772000,-0.255000,-2.455000,-5.545000,-4.280000,0.125000,1.005000,1.130000
0.946000,0.169000,-0.778000,-0.557000,0.862000,-0.304000,-2.568000,-5.554000,-4.378000,0.154000,1.136000,1.248000
1.013000,0.153000,-0.860000,-0.583000,0.937000,-0.353000,-2.677000,-5.570000,-4.476000,0.175000,1.233000,1.344000
1.080000,0.189000,-0.891000,-0.634000,0.985000,-0.351000,-2.758000,-5.548000,-4.562000,0.215000,1.323000,1.441000
1.126000,0.250000,-0.876000,-0.688000,1.001000,-0.313000,-2.780000,-5.480000,-4.609000,0.256000,1.414000,1.534000
1.145000,0.265000,-0.880000,-0.705000,1.012000,-0.307000,-2.770000,-5.425000,-4.645000,0.265000,1.465000,1.590000
1.211000,0.291000,-0.920000,-0.751000,1.065000,-0.314000,-2.769000,-5.359000,-4.701000,0.288000,1.481000,1.626000
1.239000,0.292000,-0.947000,-0.765000,1.092000,-0.327000,-2.736000,-5.311000,-4.747000,0.308000,1.472000,1.630000
1.231000,0.280000,-0.951000,-0.755000,1.090000,-0.335000,-2.686000,-5.197000,-4.732000,0.305000,1.461000,1.639000
1.232000,0.273000,-0.959000,-0.752000,1.095000,-0.343000,-2.645000,-5.035000,-4.670000,0.293000,1.443000,1.649000
1.255000,0.265000,-0.990000,-0.760000,1.122000,-0.362000,-2.610000,-4.930000,-4.620000,0.280000,1.405000,1.625000
1.297000,0.264000,-1.033000,-0.780000,1.165000,-0.385000,-2.577000,-4.834000,-4.576000,0.245000,1.371000,1.608000
1.275000,0.235000,-1.040000,-0.755000,1.158000,-0.402000,-2.515000,-4.699000,-4.495000,0.210000,1.352000,1.599000
1.216000,0.198000,-1.019000,-0.707000,1.117000,-0.410000,-2.434000,-4.540000,-4.395000,0.164000,1.337000,1.591000
1.197000,0.167000,-1.030000,-0.682000,1.113000,-0.431000,-2.347000,-4.379000,-4.286000,0.097000,1.321000,1.583000
1.225000,0.135000,-1.090000,-0.680000,1.157000,-0.477000,-2.260000,-4.230000,-4.175000,0.000000,1.305000,1.575000
1.231000,0.104000,-1.127000,-0.667000,1.179000,-0.512000,-2.199000,-4.116000,-4.091000,-0.163000,1.288000,1.567000
1.225000,0.063000,-1.162000,-0.643000,1.193000,-0.549000,-2.135000,-3.974000,-3.960000,-0.391000,1.281000,1.559000
1.197000,0.018000,-1.179000,-0.607000,1.188000,-0.580000,-2.051000,-3.806000,-3.804000,-0.637000,1.280000,1.550000
1.184000,-0.017000,-1.201000,-0.583000,1.192000,-0.609000,-1.966000,-3.647000,-3.667000,-0.865000,1.280000,1.545000
1.205000,-0.040000,-1.245000,-0.582000,1.225000,-0.642000,-1.895000,-3.495000,-3.535000,-1.080000,1.285000,1.555000
1.159000,-0.058000,-1.217000,-0.550000,1.188000,-0.637000,-1.814000,-3.312000,-3.375000,-1.312000,1.304000,1.577000
1.122000,-0.056000,-1.178000,-0.532000,1.150000,-0.617000,-1.708000,-3.088000,-3.149000,-1.536000,1.364000,1.613000
1.108000,-0.045000,-1.153000,-0.531000,1.131000,-0.599000,-1.609000,-2.855000,-2.906000,-1.755000,1.415000,1.642000
1.081000,-0.048000,-1.129000,-0.516000,1.105000,-0.588000,-1.523000,-2.645000,-2.687000,-1.938000,1.443000,1.659000
1.040000,-0.065000,-1.105000,-0.487000,1.073000,-0.585000,-1.430000,-2.460000,-2.495000,-2.055000,1.460000,1.665000
1.017000,-0.071000,-1.088000,-0.472000,1.053000,-0.580000,-1.336000,-2.285000,-2.347000,-2.160000,1.423000,1.631000
0.979000,-0.097000,-1.075000,-0.440000,1.027000,-0.586000,-1.260000,-2.134000,-2.218000,-2.222000,1.376000,1.594000
0.934000,-0.115000,-1.050000,-0.409000,0.992000,-0.582000,-1.172000,-1.961000,-2.060000,-2.288000,1.349000,1.567000
0.895000,-0.115000,-1.010000,-0.390000,0.953000,-0.562000,-1.072000,-1.762000,-1.874000,-2.349000,1.338000,1.546000
0.860000,-0.115000,-0.975000,-0.372000,0.918000,-0.545000,-0.995000,-1.585000,-1.700000,-2.370000,1.325000,1.525000
0.852000,-0.109000,-0.961000,-0.371000,0.907000,-0.535000,-0.931000,-1.431000,-1.549000,-2.432000,1.293000,1.481000
0.835000,-0.122000,-0.957000,-0.357000,0.896000,-0.539000,-0.861000,-1.291000,-1.423000,-2.532000,1.265000,1.444000
0.804000,-0.133000,-0.937000,-0.335000,0.871000,-0.535000,-0.791000,-1.162000,-1.307000,-2.633000,1.211000,1.383000
0.772000,-0.137000,-0.909000,-0.317000,0.841000,-0.523000,-0.722000,-1.031000,-1.192000,-2.703000,1.114000,1.283000
0.735000,-0.150000,-0.885000,-0.292000,0.810000,-0.517000,-0.645000,-0.885000,-1.070000,-2.745000,1.015000,1.175000
0.683000,-0.155000,-0.838000,-0.264000,0.761000,-0.496000,-0.563000,-0.738000,-0.927000,-2.795000,0.933000,1.078000
0.634000,-0.154000,-0.788000,-0.240000,0.712000,-0.471000,-0.496000,-0.616000,-0.816000,-2.823000,0.827000,0.981000
0.582000,-0.159000,-0.741000,-0.211000,0.662000,-0.450000,-0.414000,-0.484000,-0.706000,-2.821000,0.687000,0.844000
0.518000,-0.175000,-0.693000,-0.171000,0.606000,-0.434000,-0.327000,-0.343000,-0.587000,-2.815000,0.558000,0.699000
0.460000,-0.190000,-0.650000,-0.135000,0.555000,-0.420000,-0.270000,-0.230000,-0.485000,-2.805000,0.470000,0.595000
0.430000,-0.187000,-0.617000,-0.122000,0.524000,-0.402000,-0.213000,-0.119000,-0.382000,-2.742000,0.364000,0.481000
0.407000,-0.181000,-0.588000,-0.113000,0.498000,-0.385000,-0.165000,-0.007000,-0.310000,-2.685000,0.246000,0.357000
0.366000,-0.180000,-0.546000,-0.093000,0.456000,-0.363000,-0.127000,0.059000,-0.261000,-2.597000,0.123000,0.234000
0.313000,-0.179000,-0.492000,-0.066000,0.403000,-0.335000,-0.081000,0.115000,-0.195000,-2.469000,0.008000,0.115000
0.270000,-0.175000,-0.445000,-0.047000,0.358000,-0.310000,-0.015000,0.220000,-0.110000,-2.360000,-0.085000,0.005000
0.230000,-0.171000,-0.400000,-0.029000,0.315000,-0.286000,0.047000,0.306000,-0.053000,-2.264000,-0.172000,-0.087000
0.191000,-0.169000,-0.361000,-0.011000,0.276000,-0.265000,0.093000,0.380000,0.002000,-2.164000,-0.272000,-0.185000
0.145000,-0.172000,-0.317000,0.013000,0.231000,-0.244000,0.142000,0.449000,0.055000,-2.019000,-0.375000,-0.282000
0.083000,-0.185000,-0.268000,0.051000,0.176000,-0.227000,0.208000,0.526000,0.112000,-1.834000,-0.459000,-0.364000
0.020000,-0.205000,-0.225000,0.093000,0.123000,-0.215000,0.275000,0.615000,0.185000,-1.660000,-0.520000,-0.430000
-0.016000,-0.208000,-0.192000,0.112000,0.088000,-0.200000,0.314000,0.682000,0.235000,-1.515000,-0.565000,-0.479000
-0.063000,-0.226000,-0.163000,0.145000,0.050000,-0.194000,0.337000,0.729000,0.274000,-1.413000,-0.605000,-0.520000
-0.112000,-0.235000,-0.122000,0.174000,0.006000,-0.179000,0.384000,0.789000,0.336000,-1.342000,-0.627000,-0.544000
-0.149000,-0.222000,-0.073000,0.186000,-0.038000,-0.147000,0.441000,0.862000,0.411000,-1.270000,-0.632000,-0.559000
-0.185000,-0.215000,-0.030000,0.200000,-0.077000,-0.122000,0.470000,0.925000,0.465000,-1.170000,-0.640000,-0.575000
-0.213000,-0.207000,0.006000,0.210000,-0.109000,-0.101000,0.502000,0.986000,0.520000,-1.049000,-0.637000,-0.572000
-0.243000,-0.199000,0.044000,0.221000,-0.143000,-0.077000,0.529000,1.038000,0.579000,-0.947000,-0.632000,-0.569000
-0.262000,-0.191000,0.070000,0.226000,-0.166000,-0.060000,0.553000,1.080000,0.626000,-0.865000,-0.628000,-0.570000
-0.275000,-0.183000,0.092000,0.228000,-0.183000,-0.045000,0.583000,1.120000,0.665000,-0.793000,-0.624000,-0.570000
-0.300000,-0.175000,0.125000,0.237000,-0.212000,-0.025000,0.610000,1.160000,0.705000,-0.735000,-0.620000,-0.570000
-0.316000,-0.170000,0.146000,0.243000,-0.231000,-0.012000,0.625000,1.192000,0.728000,-0.682000,-0.616000,-0.570000
-0.334000,-0.170000,0.164000,0.252000,-0.249000,-0.003000,0.650000,1.223000,0.761000,-0.603000,-0.614000,-0.570000
-0.340000,-0.168000,0.172000,0.254000,-0.256000,0.002000,0.663000,1.241000,0.782000,-0.538000,-0.619000,-0.570000
-0.352000,-0.165000,0.187000,0.258000,-0.269000,0.011000,0.669000,1.255000,0.796000,-0.483000,-0.625000,-0.570000
-0.380000,-0.165000,0.215000,0.272000,-0.297000,0.025000,0.690000,1.285000,0.830000,-0.405000,-0.620000,-0.570000
-0.353000,-0.161000,0.192000,0.257000,-0.272000,0.016000,0.699000,1.319000,0.851000,-0.340000,-0.617000,-0.571000
-0.307000,-0.160000,0.147000,0.233000,-0.227000,-0.006000,0.705000,1.337000,0.869000,-0.278000,-0.643000,-0.567000
-0.330000,-0.158000,0.171000,0.243000,-0.250000,0.007000,0.702000,1.342000,0.875000,-0.226000,-0.672000,-0.580000
-0.399000,-0.155000,0.245000,0.277000,-0.322000,0.044000,0.712000,1.365000,0.887000,-0.185000,-0.681000,-0.597000
-0.425000,-0.155000,0.270000,0.290000,-0.347000,0.057000,0.745000,1.410000,0.925000,-0.145000,-0.680000,-0.590000
-0.417000,-0.151000,0.267000,0.284000,-0.342000,0.057000,0.743000,1.420000,0.939000,-0.116000,-0.679000,-0.588000
-0.414000,-0.150000,0.264000,0.282000,-0.339000,0.056000,0.737000,1.427000,0.946000,-0.093000,-0.687000,-0.600000
-0.414000,-0.148000,0.266000,0.280000,-0.340000,0.059000,0.747000,1.445000,0.968000,-0.064000,-0.687000,-0.607000
-0.409000,-0.145000,0.264000,0.276000,-0.336000,0.060000,0.763000,1.464000,0.988000,-0.033000,-0.688000,-0.613000
-0.405000,-0.145000,0.260000,0.275000,-0.332000,0.057000,0.775000,1.485000,1.000000,-0.005000,-0.705000,-0.630000
-0.401000,-0.141000,0.261000,0.271000,-0.331000,0.060000,0.797000,1.518000,1.033000,0.034000,-0.708000,-0.633000
-0.397000,-0.140000,0.257000,0.268000,-0.327000,0.058000,0.798000,1.536000,1.051000,0.075000,-0.723000,-0.647000
-0.410000,-0.138000,0.272000,0.274000,-0.341000,0.066000,0.814000,1.562000,1.077000,0.099000,-0.731000,-0.657000
-0.409000,-0.135000,0.274000,0.271000,-0.341000,0.069000,0.845000,1.597000,1.111000,0.133000,-0.731000,-0.654000
-0.380000,-0.135000,0.245000,0.257000,-0.312000,0.055000,0.850000,1.615000,1.125000,0.200000,-0.740000,-0.655000
-0.419000,-0.135000,0.284000,0.277000,-0.351000,0.075000,0.861000,1.635000,1.140000,0.245000,-0.744000,-0.663000
-0.440000,-0.136000,0.304000,0.288000,-0.372000,0.084000,0.874000,1.649000,1.162000,0.288000,-0.749000,-0.669000
-0.429000,-0.133000,0.296000,0.281000,-0.362000,0.081000,0.871000,1.649000,1.171000,0.330000,-0.766000,-0.687000
-0.436000,-0.130000,0.307000,0.283000,-0.371000,0.089000,0.875000,1.662000,1.181000,0.362000,-0.781000,-0.708000
-0.470000,-0.130000,0.340000,0.300000,-0.405000,0.105000,0.900000,1.695000,1.210000,0.390000,-0.780000,-0.710000
-0.476000,-0.130000,0.346000,0.303000,-0.411000,0.108000,0.894000,1.709000,1.221000,0.423000,-0.793000,-0.709000
-0.473000,-0.131000,0.343000,0.301000,-0.408000,0.106000,0.915000,1.746000,1.251000,0.442000,-0.792000,-0.713000
-0.480000,-0.128000,0.352000,0.304000,-0.416000,0.112000,0.935000,1.772000,1.283000,0.461000,-0.793000,-0.716000
-0.501000,-0.125000,0.377000,0.313000,-0.439000,0.126000,0.936000,1.778000,1.298000,0.477000,-0.810000,-0.723000
-0.520000,-0.125000,0.395000,0.322000,-0.457000,0.135000,0.945000,1.795000,1.310000,0.480000,-0.830000,-0.740000
-0.508000,-0.125000,0.383000,0.317000,-0.445000,0.129000,0.949000,1.803000,1.321000,0.499000,-0.835000,-0.745000
-0.501000,-0.125000,0.376000,0.313000,-0.438000,0.125000,0.957000,1.815000,1.341000,0.520000,-0.836000,-0.746000
-0.482000,-0.125000,0.356000,0.304000,-0.419000,0.115000,0.960000,1.820000,1.355000,0.525000,-0.846000,-0.758000
-0.483000,-0.124000,0.359000,0.304000,-0.421000,0.117000,0.961000,1.822000,1.363000,0.518000,-0.856000,-0.772000
-0.540000,-0.120000,0.420000,0.330000,-0.480000,0.150000,0.970000,1.840000,1.385000,0.520000,-0.855000,-0.770000
-0.558000,-0.120000,0.438000,0.338000,-0.498000,0.159000,0.983000,1.859000,1.404000,0.545000,-0.853000,-0.768000
-0.536000,-0.120000,0.416000,0.328000,-0.476000,0.148000,0.989000,1.850000,1.397000,0.557000,-0.871000,-0.786000
-0.505000,-0.120000,0.384000,0.312000,-0.444000,0.132000,0.991000,1.852000,1.404000,0.552000,-0.881000,-0.796000
-0.480000,-0.119000,0.361000,0.299000,-0.420000,0.120000,0.988000,1.874000,1.429000,0.560000,-0.873000,-0.789000
-0.485000,-0.115000,0.370000,0.300000,-0.427000,0.127000,0.985000,1.880000,1.440000,0.585000,-0.870000,-0.790000
-0.547000,-0.115000,0.432000,0.330000,-0.489000,0.158000,0.998000,1.880000,1.460000,0.581000,-0.870000,-0.790000
-0.576000,-0.115000,0.461000,0.345000,-0.518000,0.172000,0.999000,1.880000,1.475000,0.588000,-0.868000,-0.790000
-0.573000,-0.115000,0.459000,0.344000,-0.516000,0.172000,0.992000,1.880000,1.486000,0.599000,-0.862000,-0.790000
-0.568000,-0.115000,0.453000,0.341000,-0.510000,0.169000,0.990000,1.880000,1.488000,0.609000,-0.860000,-0.791000
-0.570000,-0.115000,0.455000,0.342000,-0.512000,0.170000,0.990000,1.880000,1.480000,0.630000,-0.860000,-0.790000
-0.597000,-0.107000,0.490000,0.352000,-0.543000,0.191000,0.986000,1.880000,1.499000,0.634000,-0.848000,-0.778000
-0.588000,-0.099000,0.490000,0.343000,-0.539000,0.195000,0.981000,1.881000,1.514000,0.643000,-0.838000,-0.769000
-0.583000,-0.091000,0.492000,0.336000,-0.537000,0.200000,0.981000,1.875000,1.513000,0.657000,-0.831000,-0.759000
-0.588000,-0.083000,0.505000,0.335000,-0.546000,0.211000,0.978000,1.862000,1.510000,0.658000,-0.823000,-0.748000
-0.555000,-0.075000,0.480000,0.315000,-0.517000,0.202000,0.965000,1.850000,1.510000,0.650000,-0.815000,-0.740000
-0.519000,-0.067000,0.452000,0.293000,-0.485000,0.192000,0.957000,1.838000,1.506000,0.666000,-0.799000,-0.724000
-0.553000,-0.059000,0.494000,0.306000,-0.523000,0.218000,0.946000,1.827000,1.505000,0.675000,-0.786000,-0.708000
-0.578000,-0.052000,0.526000,0.315000,-0.552000,0.236000,0.936000,1.810000,1.503000,0.690000,-0.772000,-0.692000
-0.562000,-0.050000,0.512000,0.305000,-0.537000,0.231000,0.927000,1.791000,1.500000,0.715000,-0.757000,-0.677000
-0.560000,-0.050000,0.510000,0.305000,-0.535000,0.230000,0.915000,1.775000,1.500000,0.725000,-0.745000,-0.665000
-0.556000,-0.050000,0.506000,0.303000,-0.531000,0.227000,0.908000,1.747000,1.484000,0.719000,-0.729000,-0.649000
-0.552000,-0.047000,0.505000,0.299000,-0.528000,0.229000,0.893000,1.722000,1.471000,0.731000,-0.713000,-0.637000
-0.548000,-0.044000,0.504000,0.296000,-0.525000,0.230000,0.878000,1.697000,1.457000,0.744000,-0.696000,-0.620000
-0.545000,-0.046000,0.499000,0.295000,-0.521000,0.226000,0.867000,1.675000,1.442000,0.746000,-0.683000,-0.601000
-0.540000,-0.045000,0.495000,0.292000,-0.517000,0.225000,0.855000,1.655000,1.430000,0.755000,-0.670000,-0.585000
-0.521000,-0.026000,0.495000,0.273000,-0.508000,0.234000,0.843000,1.619000,1.418000,0.762000,-0.639000,-0.553000
-0.496000,-0.004000,0.493000,0.250000,-0.495000,0.244000,0.828000,1.586000,1.406000,0.777000,-0.608000,-0.523000
-0.475000,0.012000,0.487000,0.231000,-0.482000,0.249000,0.813000,1.551000,1.393000,0.773000,-0.581000,-0.496000
-0.463000,0.022000,0.485000,0.220000,-0.474000,0.253000,0.795000,1.510000,1.383000,0.768000,-0.553000,-0.468000
-0.455000,0.030000,0.485000,0.212000,-0.470000,0.257000,0.770000,1.470000,1.370000,0.795000,-0.525000,-0.445000
-0.431000,0.042000,0.474000,0.195000,-0.453000,0.257000,0.746000,1.433000,1.335000,0.798000,-0.504000,-0.428000
-0.409000,0.051000,0.460000,0.179000,-0.435000,0.255000,0.719000,1.402000,1.297000,0.817000,-0.486000,-0.415000
-0.390000,0.061000,0.451000,0.164000,-0.421000,0.256000,0.691000,1.366000,1.265000,0.838000,-0.461000,-0.390000
-0.370000,0.073000,0.442000,0.148000,-0.406000,0.257000,0.663000,1.325000,1.238000,0.848000,-0.434000,-0.357000
-0.350000,0.080000,0.430000,0.135000,-0.390000,0.255000,0.635000,1.285000,1.210000,0.855000,-0.410000,-0.330000
-0.338000,0.081000,0.418000,0.128000,-0.378000,0.249000,0.611000,1.241000,1.182000,0.844000,-0.378000,-0.298000
-0.328000,0.078000,0.405000,0.125000,-0.366000,0.241000,0.587000,1.200000,1.155000,0.865000,-0.346000,-0.265000
-0.325000,0.088000,0.413000,0.118000,-0.369000,0.250000,0.563000,1.158000,1.124000,0.886000,-0.314000,-0.236000
-0.323000,0.101000,0.424000,0.111000,-0.374000,0.262000,0.538000,1.115000,1.093000,0.885000,-0.282000,-0.208000
-0.310000,0.095000,0.405000,0.107000,-0.358000,0.250000,0.510000,1.075000,1.065000,0.890000,-0.250000,-0.180000
-0.294000,0.094000,0.389000,0.099000,-0.342000,0.242000,0.486000,1.027000,1.025000,0.894000,-0.222000,-0.156000
-0.278000,0.096000,0.373000,0.091000,-0.326000,0.235000,0.460000,0.979000,0.988000,0.900000,-0.196000,-0.132000
-0.263000,0.094000,0.356000,0.084000,-0.310000,0.225000,0.430000,0.931000,0.949000,0.912000,-0.175000,-0.109000
-0.245000,0.097000,0.342000,0.073000,-0.294000,0.220000,0.404000,0.884000,0.904000,0.920000,-0.163000,-0.091000
-0.225000,0.110000,0.335000,0.057000,-0.280000,0.222000,0.380000,0.840000,0.865000,0.915000,-0.150000,-0.070000
-0.216000,0.111000,0.327000,0.052000,-0.272000,0.218000,0.356000,0.792000,0.833000,0.915000,-0.119000,-0.035000
-0.209000,0.110000,0.319000,0.049000,-0.264000,0.214000,0.334000,0.747000,0.802000,0.915000,-0.087000,0.002000
-0.201000,0.111000,0.311000,0.045000,-0.256000,0.210000,0.316000,0.703000,0.767000,0.915000,-0.066000,0.021000
-0.193000,0.109000,0.303000,0.042000,-0.248000,0.206000,0.294000,0.659000,0.731000,0.915000,-0.051000,0.036000
-0.185000,0.110000,0.295000,0.037000,-0.240000,0.202000,0.270000,0.620000,0.695000,0.915000,-0.035000,0.065000
-0.168000,0.123000,0.291000,0.023000,-0.230000,0.207000,0.250000,0.588000,0.659000,0.913000,-0.019000,0.082000
-0.161000,0.121000,0.282000,0.020000,-0.222000,0.201000,0.230000,0.557000,0.622000,0.928000,-0.006000,0.093000
-0.158000,0.110000,0.268000,0.024000,-0.214000,0.189000,0.212000,0.522000,0.590000,0.934000,0.006000,0.109000
-0.145000,0.113000,0.258000,0.017000,-0.202000,0.185000,0.195000,0.486000,0.564000,0.922000,0.017000,0.131000
-0.120000,0.130000,0.250000,-0.005000,-0.185000,0.190000,0.175000,0.450000,0.535000,0.915000,0.025000,0.150000
-0.094000,0.144000,0.238000,-0.025000,-0.167000,0.191000,0.159000,0.418000,0.495000,0.907000,0.038000,0.156000
-0.083000,0.143000,0.225000,-0.030000,-0.154000,0.184000,0.143000,0.385000,0.456000,0.899000,0.044000,0.152000
-0.077000,0.139000,0.216000,-0.031000,-0.146000,0.177000,0.129000,0.357000,0.427000,0.891000,0.062000,0.166000
-0.067000,0.140000,0.208000,-0.036000,-0.138000,0.174000,0.117000,0.334000,0.404000,0.883000,0.083000,0.189000
-0.060000,0.140000,0.200000,-0.040000,-0.130000,0.170000,0.105000,0.310000,0.380000,0.875000,0.085000,0.195000
-0.061000,0.136000,0.196000,-0.038000,-0.129000,0.166000,0.093000,0.286000,0.363000,0.863000,0.087000,0.198000
-0.054000,0.134000,0.188000,-0.041000,-0.121000,0.161000,0.084000,0.264000,0.350000,0.854000,0.104000,0.210000
-0.050000,0.136000,0.185000,-0.043000,-0.118000,0.160000,0.076000,0.247000,0.327000,0.844000,0.109000,0.215000
-0.040000,0.134000,0.173000,-0.047000,-0.107000,0.153000,0.068000,0.231000,0.298000,0.833000,0.098000,0.209000
-0.005000,0.125000,0.130000,-0.060000,-0.068000,0.127000,0.060000,0.215000,0.275000,0.825000,0.095000,0.205000
0.026000,0.117000,0.091000,-0.072000,-0.033000,0.104000,0.052000,0.199000,0.258000,0.813000,0.091000,0.201000
0.031000,0.109000,0.078000,-0.071000,-0.024000,0.093000,0.044000,0.182000,0.246000,0.805000,0.087000,0.200000
0.031000,0.101000,0.070000,-0.066000,-0.020000,0.085000,0.038000,0.170000,0.232000,0.791000,0.083000,0.199000
0.018000,0.093000,0.075000,-0.055000,-0.029000,0.084000,0.034000,0.163000,0.217000,0.770000,0.079000,0.194000
-0.015000,0.085000,0.100000,-0.035000,-0.058000,0.092000,0.030000,0.155000,0.205000,0.750000,0.075000,0.190000
-0.010000,0.079000,0.089000,-0.035000,-0.050000,0.084000,0.030000,0.147000,0.193000,0.726000,0.071000,0.190000
0.012000,0.090000,0.078000,-0.052000,-0.033000,0.084000,0.030000,0.139000,0.184000,0.705000,0.066000,0.188000
0.022000,0.093000,0.071000,-0.058000,-0.025000,0.082000,0.030000,0.132000,0.176000,0.682000,0.065000,0.182000
0.029000,0.083000,0.054000,-0.056000,-0.013000,0.068000,0.030000,0.122000,0.168000,0.652000,0.065000,0.180000
0.030000,0.080000,0.050000,-0.055000,-0.010000,0.065000,0.030000,0.115000,0.160000,0.625000,0.060000,0.180000
-0.029000,0.076000,0.105000,-0.024000,-0.068000,0.091000,0.030000,0.132000,0.152000,0.608000,0.055000,0.172000
-0.040000,0.072000,0.112000,-0.016000,-0.077000,0.092000,0.030000,0.134000,0.144000,0.594000,0.056000,0.166000
-0.025000,0.068000,0.093000,-0.021000,-0.059000,0.080000,0.030000,0.129000,0.137000,0.576000,0.052000,0.163000
-0.025000,0.064000,0.089000,-0.020000,-0.057000,0.076000,0.030000,0.130000,0.135000,0.563000,0.043000,0.159000
-0.020000,0.060000,0.080000,-0.020000,-0.050000,0.070000,0.030000,0.130000,0.135000,0.550000,0.040000,0.155000
-0.012000,0.056000,0.068000,-0.022000,-0.040000,0.062000,0.030000,0.130000,0.131000,0.519000,0.037000,0.151000
-0.004000,0.055000,0.059000,-0.026000,-0.032000,0.057000,0.031000,0.130000,0.129000,0.487000,0.029000,0.147000
0.002000,0.053000,0.051000,-0.028000,-0.025000,0.052000,0.028000,0.130000,0.131000,0.464000,0.022000,0.143000
0.006000,0.049000,0.043000,-0.028000,-0.019000,0.046000,0.025000,0.130000,0.129000,0.446000,0.019000,0.140000
0.010000,0.050000,0.040000,-0.030000,-0.015000,0.045000,0.025000,0.130000,0.125000,0.430000,0.015000,0.140000
0.010000,0.050000,0.040000,-0.030000,-0.015000,0.045000,0.025000,0.130000,0.125000,0.410000,0.011000,0.140000
0.007000,0.047000,0.040000,-0.027000,-0.016000,0.043000,0.025000,0.130000,0.126000,0.393000,0.010000,0.137000
0.003000,0.044000,0.042000,-0.024000,-0.020000,0.042000,0.025000,0.130000,0.123000,0.376000,0.008000,0.134000
0.008000,0.045000,0.037000,-0.027000,-0.015000,0.041000,0.025000,0.130000,0.120000,0.355000,0.005000,0.135000
0.015000,0.045000,0.030000,-0.030000,-0.008000,0.037000,0.025000,0.130000,0.120000,0.335000,0.005000,0.135000
-0.014000,0.041000,0.055000,-0.013000,-0.035000,0.048000,0.025000,0.130000,0.121000,0.319000,0.001000,0.131000
-0.020000,0.039000,0.060000,-0.010000,-0.040000,0.049000,0.025000,0.130000,0.117000,0.303000,0.000000,0.129000
-0.013000,0.041000,0.054000,-0.014000,-0.033000,0.046000,0.025000,0.130000,0.115000,0.287000,-0.002000,0.131000
-0.016000,0.039000,0.055000,-0.012000,-0.036000,0.047000,0.025000,0.130000,0.114000,0.272000,-0.005000,0.129000
-0.020000,0.035000,0.055000,-0.008000,-0.038000,0.045000,0.025000,0.130000,0.110000,0.260000,-0.005000,0.125000
-0.020000,0.035000,0.055000,-0.008000,-0.038000,0.045000,0.025000,0.130000,0.110000,0.248000,-0.009000,0.125000
-0.023000,0.032000,0.055000,-0.005000,-0.039000,0.043000,0.025000,0.130000,0.111000,0.239000,-0.010000,0.126000
-0.026000,0.029000,0.055000,-0.002000,-0.040000,0.042000,0.025000,0.130000,0.108000,0.229000,-0.012000,0.123000
-0.025000,0.030000,0.055000,-0.003000,-0.040000,0.042000,0.025000,0.130000,0.105000,0.218000,-0.015000,0.120000
-0.025000,0.030000,0.055000,-0.003000,-0.040000,0.042000,0.025000,0.130000,0.105000,0.210000,-0.015000,0.120000
-0.025000,0.026000,0.051000,-0.001000,-0.038000,0.038000,0.025000,0.130000,0.105000,0.198000,-0.019000,0.120000
-0.025000,0.024000,0.050000,0.000000,-0.038000,0.037000,0.025000,0.130000,0.102000,0.188000,-0.020000,0.117000
-0.025000,0.026000,0.050000,-0.001000,-0.038000,0.037000,0.025000,0.130000,0.099000,0.183000,-0.022000,0.114000
-0.026000,0.024000,0.050000,0.001000,-0.038000,0.037000,0.025000,0.130000,0.100000,0.179000,-0.026000,0.115000
-0.030000,0.020000,0.050000,0.005000,-0.040000,0.035000,0.025000,0.130000,0.100000,0.175000,-0.025000,0.115000
-0.030000,0.020000,0.050000,0.005000,-0.040000,0.035000,0.025000,0.131000,0.100000,0.175000,-0.023000,0.111000
-0.029000,0.021000,0.050000,0.004000,-0.039000,0.035000,0.024000,0.125000,0.100000,0.172000,-0.037000,0.110000
-0.032000,0.018000,0.050000,0.007000,-0.042000,0.034000,0.029000,0.133000,0.100000,0.170000,-0.049000,0.110000
-0.035000,0.015000,0.049000,0.010000,-0.042000,0.031000,0.044000,0.146000,0.100000,0.169000,-0.050000,0.110000
-0.030000,0.015000,0.045000,0.007000,-0.038000,0.030000,0.055000,0.140000,0.100000,0.165000,-0.050000,0.110000
-0.030000,0.015000,0.045000,0.007000,-0.038000,0.030000,0.055000,0.140000,0.100000,0.165000,-0.050000,0.114000
-0.030000,0.015000,0.045000,0.007000,-0.038000,0.030000,0.055000,0.140000,0.099000,0.163000,-0.050000,0.115000
-0.031000,0.014000,0.045000,0.008000,-0.038000,0.030000,0.055000,0.139000,0.102000,0.157000,-0.050000,0.115000
-0.029000,0.016000,0.045000,0.006000,-0.038000,0.031000,0.055000,0.141000,0.105000,0.155000,-0.050000,0.115000
-0.030000,0.015000,0.045000,0.007000,-0.038000,0.030000,0.055000,0.150000,0.105000,0.155000,-0.050000,0.115000
-0.048000,-0.004000,0.045000,0.026000,-0.046000,0.020000,0.056000,0.159000,0.109000,0.151000,-0.050000,0.115000
-0.038000,0.009000,0.047000,0.014000,-0.042000,0.028000,0.052000,0.158000,0.109000,0.150000,-0.050000,0.115000
-0.002000,0.038000,0.040000,-0.019000,-0.021000,0.039000,0.066000,0.169000,0.116000,0.148000,-0.050000,0.115000
-0.003000,0.051000,0.055000,-0.025000,-0.029000,0.052000,0.089000,0.197000,0.135000,0.145000,-0.050000,0.123000
-0.055000,0.050000,0.105000,0.002000,-0.080000,0.077000,0.095000,0.215000,0.150000,0.145000,-0.050000,0.135000
-0.062000,0.050000,0.112000,0.006000,-0.087000,0.081000,0.099000,0.212000,0.151000,0.141000,-0.050000,0.128000
-0.057000,0.051000,0.109000,0.003000,-0.083000,0.080000,0.102000,0.207000,0.149000,0.140000,-0.050000,0.116000
-0.065000,0.047000,0.112000,0.009000,-0.088000,0.079000,0.112000,0.218000,0.154000,0.140000,-0.050000,0.121000
-0.060000,0.056000,0.116000,0.002000,-0.088000,0.085000,0.129000,0.240000,0.170000,0.140000,-0.050000,0.140000
-0.030000,0.085000,0.115000,-0.028000,-0.073000,0.100000,0.135000,0.255000,0.185000,0.140000,-0.050000,0.150000
-0.023000,0.086000,0.109000,-0.032000,-0.067000,0.097000,0.121000,0.260000,0.182000,0.140000,-0.050000,0.146000
-0.035000,0.084000,0.119000,-0.025000,-0.078000,0.101000,0.133000,0.259000,0.175000,0.140000,-0.050000,0.144000
-0.040000,0.085000,0.126000,-0.023000,-0.084000,0.106000,0.153000,0.265000,0.178000,0.140000,-0.050000,0.145000
-0.042000,0.085000,0.127000,-0.022000,-0.085000,0.106000,0.153000,0.269000,0.188000,0.140000,-0.050000,0.145000
-0.040000,0.085000,0.125000,-0.023000,-0.083000,0.105000,0.140000,0.255000,0.195000,0.140000,-0.050000,0.145000
-0.013000,0.084000,0.098000,-0.036000,-0.056000,0.091000,0.132000,0.242000,0.188000,0.140000,-0.050000,0.145000
-0.057000,0.088000,0.145000,-0.016000,-0.101000,0.116000,0.121000,0.234000,0.179000,0.137000,-0.050000,0.145000
-0.106000,0.077000,0.182000,0.014000,-0.144000,0.129000,0.111000,0.225000,0.171000,0.134000,-0.050000,0.145000
-0.093000,0.074000,0.167000,0.010000,-0.130000,0.120000,0.102000,0.212000,0.163000,0.135000,-0.050000,0.145000
-0.065000,0.100000,0.165000,-0.018000,-0.115000,0.132000,0.090000,0.200000,0.155000,0.135000,-0.050000,0.145000
-0.064000,0.097000,0.161000,-0.017000,-0.113000,0.128000,0.082000,0.192000,0.147000,0.135000,-0.046000,0.145000
-0.066000,0.094000,0.160000,-0.014000,-0.113000,0.127000,0.071000,0.184000,0.139000,0.135000,-0.042000,0.145000
-0.065000,0.094000,0.159000,-0.014000,-0.112000,0.126000,0.061000,0.177000,0.133000,0.135000,-0.038000,0.144000
-0.064000,0.089000,0.154000,-0.013000,-0.109000,0.121000,0.052000,0.174000,0.129000,0.135000,-0.044000,0.139000
-0.060000,0.090000,0.150000,-0.015000,-0.105000,0.120000,0.040000,0.170000,0.125000,0.135000,-0.060000,0.135000
-0.060000,0.090000,0.150000,-0.015000,-0.105000,0.120000,0.032000,0.162000,0.121000,0.135000,-0.057000,0.141000
-0.061000,0.087000,0.148000,-0.013000,-0.104000,0.117000,0.021000,0.157000,0.117000,0.135000,-0.054000,0.159000
-0.058000,0.084000,0.142000,-0.014000,-0.101000,0.113000,0.010000,0.153000,0.112000,0.136000,-0.055000,0.165000
-0.055000,0.085000,0.140000,-0.015000,-0.098000,0.112000,0.004000,0.149000,0.110000,0.142000,-0.055000,0.159000
-0.055000,0.085000,0.140000,-0.015000,-0.098000,0.112000,0.000000,0.145000,0.110000,0.155000,-0.055000,0.160000
-0.048000,0.081000,0.129000,-0.017000,-0.088000,0.104000,-0.004000,0.145000,0.102000,0.173000,-0.055000,0.160000
-0.036000,0.079000,0.115000,-0.022000,-0.075000,0.097000,-0.005000,0.145000,0.096000,0.174000,-0.055000,0.159000
-0.025000,0.081000,0.106000,-0.027000,-0.066000,0.093000,-0.006000,0.145000,0.094000,0.167000,-0.055000,0.165000
-0.018000,0.079000,0.097000,-0.031000,-0.058000,0.088000,-0.011000,0.145000,0.088000,0.174000,-0.054000,0.178000
-0.010000,0.075000,0.085000,-0.033000,-0.048000,0.080000,-0.015000,0.145000,0.080000,0.195000,-0.050000,0.185000
0.002000,0.075000,0.073000,-0.038000,-0.036000,0.073000,-0.014000,0.145000,0.076000,0.209000,-0.050000,0.189000
0.013000,0.076000,0.063000,-0.044000,-0.026000,0.069000,-0.022000,0.145000,0.072000,0.208000,-0.050000,0.192000
0.014000,0.072000,0.057000,-0.043000,-0.022000,0.064000,-0.023000,0.145000,0.068000,0.202000,-0.050000,0.199000
0.008000,0.063000,0.055000,-0.036000,-0.024000,0.059000,-0.013000,0.145000,0.065000,0.200000,-0.050000,0.207000
0.000000,0.055000,0.055000,-0.028000,-0.028000,0.055000,-0.010000,0.145000,0.065000,0.205000,-0.050000,0.210000
-0.008000,0.047000,0.055000,-0.020000,-0.032000,0.051000,-0.007000,0.145000,0.065000,0.218000,-0.050000,0.210000
-0.016000,0.039000,0.055000,-0.012000,-0.036000,0.047000,0.001000,0.146000,0.066000,0.218000,-0.051000,0.210000
-0.024000,0.031000,0.055000,-0.004000,-0.040000,0.043000,0.007000,0.143000,0.063000,0.215000,-0.048000,0.210000
-0.031000,0.024000,0.055000,0.003000,-0.044000,0.039000,0.011000,0.140000,0.060000,0.214000,-0.045000,0.210000
-0.035000,0.020000,0.055000,0.007000,-0.045000,0.037000,0.015000,0.140000,0.060000,0.210000,-0.045000,0.210000
-0.039000,0.016000,0.055000,0.011000,-0.047000,0.036000,0.016000,0.140000,0.060000,0.210000,-0.045000,0.210000
-0.043000,0.011000,0.055000,0.015000,-0.049000,0.033000,0.013000,0.140000,0.060000,0.207000,-0.045000,0.213000
-0.046000,0.010000,0.056000,0.017000,-0.051000,0.032000,0.022000,0.140000,0.060000,0.205000,-0.045000,0.216000
-0.044000,0.010000,0.054000,0.017000,-0.049000,0.031000,0.039000,0.140000,0.059000,0.204000,-0.045000,0.215000
-0.050000,0.005000,0.055000,0.022000,-0.053000,0.030000,0.050000,0.140000,0.055000,0.200000,-0.045000,0.215000
-0.076000,0.000000,0.077000,0.038000,-0.077000,0.039000,0.059000,0.140000,0.055000,0.200000,-0.045000,0.215000
-0.076000,0.001000,0.076000,0.038000,-0.076000,0.039000,0.060000,0.140000,0.055000,0.197000,-0.046000,0.212000
-0.070000,-0.004000,0.067000,0.037000,-0.068000,0.031000,0.063000,0.140000,0.055000,0.195000,-0.043000,0.210000
-0.076000,-0.011000,0.065000,0.043000,-0.070000,0.026000,0.073000,0.140000,0.055000,0.194000,-0.040000,0.209000
-0.075000,-0.015000,0.060000,0.045000,-0.067000,0.022000,0.080000,0.140000,0.055000,0.190000,-0.040000,0.205000
-0.075000,-0.023000,0.052000,0.049000,-0.063000,0.014000,0.076000,0.140000,0.051000,0.190000,-0.040000,0.205000
-0.074000,-0.028000,0.047000,0.051000,-0.060000,0.009000,0.074000,0.137000,0.050000,0.187000,-0.040000,0.202000
-0.077000,-0.034000,0.043000,0.055000,-0.060000,0.004000,0.075000,0.135000,0.050000,0.185000,-0.040000,0.200000
-0.080000,-0.041000,0.039000,0.060000,-0.059000,-0.001000,0.075000,0.134000,0.050000,0.185000,-0.039000,0.200000
-0.080000,-0.045000,0.035000,0.062000,-0.057000,-0.005000,0.075000,0.130000,0.050000,0.180000,-0.035000,0.195000
-0.094000,-0.060000,0.035000,0.076000,-0.064000,-0.012000,0.071000,0.130000,0.050000,0.175000,-0.035000,0.189000
-0.085000,-0.049000,0.036000,0.066000,-0.060000,-0.006000,0.070000,0.131000,0.050000,0.175000,-0.035000,0.204000
-0.086000,-0.053000,0.033000,0.070000,-0.059000,-0.010000,0.070000,0.128000,0.050000,0.173000,-0.035000,0.223000
-0.101000,-0.071000,0.029000,0.086000,-0.065000,-0.021000,0.070000,0.125000,0.049000,0.170000,-0.035000,0.232000
-0.090000,-0.060000,0.030000,0.075000,-0.060000,-0.015000,0.070000,0.125000,0.045000,0.170000,-0.035000,0.235000
-0.087000,-0.055000,0.031000,0.071000,-0.058000,-0.012000,0.070000,0.125000,0.045000,0.166000,-0.035000,0.235000
-0.074000,-0.052000,0.022000,0.063000,-0.048000,-0.015000,0.067000,0.122000,0.045000,0.165000,-0.032000,0.235000
-0.058000,-0.048000,0.010000,0.052000,-0.034000,-0.019000,0.064000,0.119000,0.045000,0.164000,-0.029000,0.235000
-0.047000,-0.044000,0.003000,0.045000,-0.025000,-0.020000,0.065000,0.120000,0.045000,0.159000,-0.030000,0.235000
-0.045000,-0.050000,-0.005000,0.048000,-0.020000,-0.027000,0.065000,0.120000,0.045000,0.155000,-0.030000,0.235000
-0.069000,-0.084000,-0.015000,0.077000,-0.027000,-0.049000,0.065000,0.116000,0.045000,0.155000,-0.030000,0.235000
-0.084000,-0.090000,-0.006000,0.087000,-0.038000,-0.048000,0.065000,0.115000,0.046000,0.152000,-0.031000,0.235000
-0.053000,-0.084000,-0.031000,0.068000,-0.010000,-0.057000,0.065000,0.113000,0.043000,0.150000,-0.028000,0.235000
-0.016000,-0.085000,-0.069000,0.051000,0.027000,-0.077000,0.065000,0.109000,0.040000,0.149000,-0.025000,0.235000
-0.025000,-0.080000,-0.055000,0.053000,0.015000,-0.067000,0.065000,0.110000,0.040000,0.145000,-0.025000,0.235000
-0.034000,-0.080000,-0.046000,0.057000,0.006000,-0.062000,0.067000,0.110000,0.040000,0.145000,-0.025000,0.232000
-0.038000,-0.081000,-0.042000,0.060000,0.002000,-0.061000,0.083000,0.107000,0.040000,0.142000,-0.025000,0.257000
-0.041000,-0.078000,-0.037000,0.060000,-0.002000,-0.057000,0.090000,0.104000,0.040000,0.138000,-0.025000,0.272000
-0.047000,-0.075000,-0.028000,0.061000,-0.009000,-0.051000,0.084000,0.105000,0.040000,0.134000,-0.025000,0.264000
-0.055000,-0.075000,-0.020000,0.065000,-0.017000,-0.047000,0.085000,0.105000,0.040000,0.130000,-0.025000,0.265000
-0.054000,-0.071000,-0.017000,0.063000,-0.018000,-0.043000,0.085000,0.101000,0.040000,0.126000,-0.025000,0.265000
-0.063000,-0.069000,-0.006000,0.067000,-0.029000,-0.037000,0.085000,0.100000,0.041000,0.125000,-0.025000,0.265000
-0.058000,-0.071000,-0.012000,0.065000,-0.023000,-0.041000,0.085000,0.100000,0.038000,0.124000,-0.025000,0.265000
-0.044000,-0.069000,-0.025000,0.057000,-0.009000,-0.047000,0.085000,0.100000,0.035000,0.119000,-0.025000,0.264000
-0.050000,-0.065000,-0.015000,0.058000,-0.017000,-0.040000,0.085000,0.100000,0.035000,0.115000,-0.025000,0.260000
-0.055000,-0.065000,-0.010000,0.060000,-0.022000,-0.037000,0.085000,0.101000,0.032000,0.111000,-0.025000,0.260000
-0.054000,-0.062000,-0.008000,0.059000,-0.023000,-0.034000,0.085000,0.096000,0.025000,0.106000,-0.026000,0.260000
-0.058000,-0.059000,-0.001000,0.059000,-0.029000,-0.030000,0.086000,0.113000,0.046000,0.105000,-0.020000,0.261000
-0.067000,-0.060000,0.006000,0.063000,-0.036000,-0.027000,0.084000,0.140000,0.072000,0.104000,-0.008000,0.259000
-0.070000,-0.060000,0.010000,0.065000,-0.040000,-0.025000,0.085000,0.170000,0.080000,0.100000,0.000000,0.260000
-0.071000,-0.056000,0.015000,0.063000,-0.042000,-0.020000,0.109000,0.268000,0.146000,0.100000,0.012000,0.285000
-0.064000,-0.054000,0.010000,0.059000,-0.037000,-0.022000,0.124000,0.359000,0.209000,0.100000,0.022000,0.290000
-0.057000,-0.057000,0.000000,0.057000,-0.028000,-0.028000,0.123000,0.397000,0.247000,0.100000,0.026000,0.282000
-0.046000,-0.052000,-0.007000,0.050000,-0.019000,-0.029000,0.121000,0.410000,0.278000,0.099000,0.034000,0.288000
-0.020000,-0.035000,-0.015000,0.028000,-0.002000,-0.025000,0.135000,0.425000,0.300000,0.100000,0.055000,0.305000
0.007000,-0.019000,-0.026000,0.007000,0.017000,-0.023000,0.167000,0.400000,0.292000,0.117000,0.060000,0.310000
0.005000,0.000000,-0.005000,-0.003000,0.005000,-0.003000,0.191000,0.387000,0.287000,0.118000,0.060000,0.313000
-0.016000,0.019000,0.035000,-0.002000,-0.025000,0.026000,0.176000,0.308000,0.260000,0.114000,0.075000,0.333000
-0.025000,0.033000,0.058000,-0.004000,-0.042000,0.045000,0.136000,0.096000,0.171000,0.114000,0.092000,0.351000
-0.015000,0.045000,0.060000,-0.015000,-0.038000,0.052000,0.105000,-0.190000,0.030000,0.110000,0.090000,0.345000
0.001000,0.063000,0.062000,-0.032000,-0.030000,0.062000,0.059000,-0.474000,-0.124000,0.110000,0.089000,0.357000
0.048000,0.099000,0.050000,-0.074000,-0.001000,0.075000,-0.040000,-0.837000,-0.298000,0.107000,0.101000,0.367000
0.078000,0.139000,0.061000,-0.108000,0.008000,0.100000,-0.155000,-1.188000,-0.481000,0.104000,0.135000,0.392000
0.074000,0.155000,0.081000,-0.115000,-0.004000,0.118000,-0.264000,-1.514000,-0.669000,0.105000,0.190000,0.444000
0.100000,0.155000,0.055000,-0.128000,0.022000,0.105000,-0.395000,-1.925000,-0.905000,0.105000,0.250000,0.500000
0.175000,0.199000,0.025000,-0.187000,0.074000,0.111000,-0.554000,-2.389000,-1.224000,0.101000,0.296000,0.553000
0.177000,0.259000,0.082000,-0.219000,0.047000,0.171000,-0.717000,-2.875000,-1.569000,0.100000,0.363000,0.630000
0.185000,0.272000,0.087000,-0.229000,0.049000,0.179000,-0.918000,-3.346000,-1.909000,0.098000,0.430000,0.701000
0.236000,0.243000,0.008000,-0.240000,0.114000,0.125000,-1.126000,-3.771000,-2.252000,0.095000,0.476000,0.753000
0.280000,0.225000,-0.055000,-0.252000,0.167000,0.085000,-1.285000,-4.135000,-2.590000,0.095000,0.530000,0.815000
0.372000,0.209000,-0.163000,-0.291000,0.267000,0.022000,-1.465000,-4.436000,-2.878000,0.091000,0.621000,0.898000
0.447000,0.193000,-0.254000,-0.320000,0.350000,-0.031000,-1.673000,-4.702000,-3.150000,0.090000,0.712000,0.988000
0.521000,0.177000,-0.344000,-0.348000,0.432000,-0.083000,-1.884000,-4.956000,-3.449000,0.088000,0.783000,1.069000
0.594000,0.161000,-0.434000,-0.377000,0.514000,-0.137000,-2.066000,-5.180000,-3.735000,0.095000,0.855000,1.144000
0.650000,0.145000,-0.505000,-0.397000,0.577000,-0.180000,-2.205000,-5.340000,-3.950000,0.115000,0.955000,1.235000
0.745000,0.134000,-0.611000,-0.439000,0.678000,-0.238000,-2.336000,-5.439000,-4.126000,0.112000,1.074000,1.354000
0.800000,0.114000,-0.685000,-0.457000,0.742000,-0.285000,-2.474000,-5.484000,-4.267000,0.142000,1.196000,1.475000
0.852000,0.134000,-0.719000,-0.492000,0.785000,-0.292000,-2.582000,-5.488000,-4.361000,0.183000,1.314000,1.595000
0.936000,0.195000,-0.741000,-0.565000,0.839000,-0.272000,-2.660000,-5.479000,-4.443000,0.205000,1.427000,1.714000
1.010000,0.245000,-0.765000,-0.627000,0.887000,-0.260000,-2.725000,-5.470000,-4.535000,0.225000,1.525000,1.815000
1.072000,0.277000,-0.794000,-0.674000,0.933000,-0.258000,-2.742000,-5.424000,-4.586000,0.253000,1.588000,1.881000
1.187000,0.311000,-0.876000,-0.748000,1.031000,-0.283000,-2.760000,-5.374000,-4.661000,0.276000,1.596000,1.899000
1.233000,0.333000,-0.900000,-0.783000,1.066000,-0.283000,-2.742000,-5.321000,-4.723000,0.294000,1.602000,1.920000
1.218000,0.333000,-0.885000,-0.775000,1.051000,-0.275000,-2.687000,-5.224000,-4.718000,0.299000,1.607000,1.941000
1.250000,0.320000,-0.930000,-0.785000,1.090000,-0.305000,-2.645000,-5.080000,-4.675000,0.290000,1.580000,1.925000
1.229000,0.312000,-0.917000,-0.771000,1.073000,-0.303000,-2.597000,-4.958000,-4.637000,0.289000,1.560000,1.912000
1.199000,0.303000,-0.895000,-0.751000,1.047000,-0.296000,-2.551000,-4.848000,-4.579000,0.260000,1.533000,1.904000
1.185000,0.298000,-0.887000,-0.742000,1.036000,-0.294000,-2.511000,-4.727000,-4.511000,0.224000,1.497000,1.895000
1.196000,0.283000,-0.913000,-0.739000,1.054000,-0.315000,-2.450000,-4.580000,-4.425000,0.181000,1.470000,1.882000
1.210000,0.235000,-0.975000,-0.722000,1.092000,-0.370000,-2.355000,-4.420000,-4.315000,0.115000,1.460000,1.870000
1.177000,0.184000,-0.993000,-0.680000,1.085000,-0.404000,-2.275000,-4.284000,-4.227000,0.059000,1.452000,1.862000
1.203000,0.195000,-1.008000,-0.698000,1.106000,-0.406000,-2.189000,-4.139000,-4.127000,-0.077000,1.445000,1.854000
1.229000,0.182000,-1.047000,-0.705000,1.138000,-0.432000,-2.122000,-4.012000,-4.014000,-0.266000,1.434000,1.846000
1.193000,0.113000,-1.080000,-0.652000,1.136000,-0.483000,-2.060000,-3.881000,-3.884000,-0.476000,1.423000,1.838000
1.145000,0.065000,-1.080000,-0.605000,1.112000,-0.507000,-1.965000,-3.705000,-3.730000,-0.720000,1.415000,1.830000
1.129000,0.052000,-1.078000,-0.590000,1.103000,-0.513000,-1.883000,-3.548000,-3.597000,-0.963000,1.406000,1.820000
1.136000,0.042000,-1.094000,-0.589000,1.115000,-0.526000,-1.810000,-3.389000,-3.461000,-1.177000,1.409000,1.829000
1.124000,0.029000,-1.095000,-0.576000,1.109000,-0.533000,-1.725000,-3.202000,-3.284000,-1.373000,1.439000,1.853000
1.093000,0.017000,-1.076000,-0.555000,1.085000,-0.530000,-1.623000,-2.974000,-3.045000,-1.579000,1.488000,1.883000
1.070000,0.005000,-1.065000,-0.537000,1.067000,-0.530000,-1.525000,-2.740000,-2.790000,-1.785000,1.525000,1.905000
1.041000,-0.008000,-1.049000,-0.516000,1.045000,-0.528000,-1.454000,-2.571000,-2.610000,-1.934000,1.529000,1.901000
1.023000,-0.013000,-1.036000,-0.505000,1.029000,-0.524000,-1.364000,-2.393000,-2.444000,-2.048000,1.540000,1.900000
0.988000,-0.036000,-1.024000,-0.476000,1.006000,-0.530000,-1.271000,-2.230000,-2.296000,-2.135000,1.526000,1.879000
0.940000,-0.073000,-1.012000,-0.433000,0.976000,-0.542000,-1.189000,-2.078000,-2.156000,-2.200000,1.479000,1.834000
0.910000,-0.090000,-1.000000,-0.410000,0.955000,-0.545000,-1.100000,-1.890000,-1.980000,-2.255000,1.445000,1.800000
0.887000,-0.101000,-0.987000,-0.392000,0.938000,-0.544000,-1.016000,-1.705000,-1.799000,-2.307000,1.431000,1.775000
0.857000,-0.122000,-0.978000,-0.367000,0.918000,-0.550000,-0.934000,-1.527000,-1.630000,-2.366000,1.429000,1.755000
0.824000,-0.130000,-0.955000,-0.347000,0.890000,-0.543000,-0.860000,-1.373000,-1.490000,-2.471000,1.399000,1.716000
0.791000,-0.124000,-0.915000,-0.333000,0.854000,-0.520000,-0.802000,-1.252000,-1.379000,-2.590000,1.332000,1.645000
0.755000,-0.125000,-0.880000,-0.315000,0.818000,-0.502000,-0.740000,-1.130000,-1.265000,-2.665000,1.255000,1.560000
0.727000,-0.125000,-0.852000,-0.301000,0.790000,-0.488000,-0.648000,-0.971000,-1.117000,-2.734000,1.175000,1.478000
0.698000,-0.127000,-0.825000,-0.285000,0.762000,-0.476000,-0.568000,-0.815000,-0.979000,-2.789000,1.091000,1.378000
0.674000,-0.118000,-0.793000,-0.278000,0.734000,-0.455000,-0.502000,-0.696000,-0.868000,-2.814000,0.994000,1.274000
0.636000,-0.120000,-0.756000,-0.258000,0.697000,-0.438000,-0.440000,-0.600000,-0.780000,-2.832000,0.862000,1.139000
0.570000,-0.150000,-0.720000,-0.210000,0.645000,-0.435000,-0.380000,-0.485000,-0.695000,-2.855000,0.705000,0.965000
0.525000,-0.147000,-0.672000,-0.189000,0.599000,-0.409000,-0.304000,-0.348000,-0.576000,-2.836000,0.598000,0.846000
0.483000,-0.144000,-0.626000,-0.169000,0.555000,-0.385000,-0.235000,-0.225000,-0.460000,-2.820000,0.501000,0.737000
0.438000,-0.146000,-0.584000,-0.145000,0.511000,-0.365000,-0.175000,-0.100000,-0.348000,-2.772000,0.399000,0.625000
0.403000,-0.144000,-0.547000,-0.129000,0.475000,-0.345000,-0.115000,0.005000,-0.259000,-2.675000,0.284000,0.510000
0.370000,-0.140000,-0.510000,-0.115000,0.440000,-0.325000,-0.055000,0.070000,-0.210000,-2.570000,0.160000,0.390000
0.311000,-0.140000,-0.451000,-0.085000,0.381000,-0.295000,0.001000,0.175000,-0.130000,-2.454000,0.063000,0.279000
0.253000,-0.138000,-0.391000,-0.057000,0.322000,-0.264000,0.056000,0.256000,-0.064000,-2.344000,-0.036000,0.160000
0.193000,-0.149000,-0.342000,-0.022000,0.268000,-0.245000,0.116000,0.331000,-0.001000,-2.249000,-0.127000,0.059000
0.131000,-0.168000,-0.299000,0.019000,0.215000,-0.233000,0.182000,0.423000,0.072000,-2.137000,-0.205000,-0.020000
0.080000,-0.175000,-0.255000,0.048000,0.168000,-0.215000,0.245000,0.505000,0.130000,-1.970000,-0.295000,-0.110000
0.028000,-0.191000,-0.219000,0.082000,0.124000,-0.204000,0.293000,0.572000,0.173000,-1.769000,-0.393000,-0.216000
-0.020000,-0.204000,-0.184000,0.112000,0.082000,-0.193000,0.343000,0.649000,0.230000,-1.622000,-0.468000,-0.299000
-0.057000,-0.202000,-0.145000,0.130000,0.045000,-0.174000,0.383000,0.712000,0.284000,-1.508000,-0.516000,-0.342000
-0.088000,-0.193000,-0.105000,0.141000,0.009000,-0.149000,0.422000,0.767000,0.336000,-1.408000,-0.546000,-0.366000
-0.125000,-0.190000,-0.065000,0.158000,-0.030000,-0.127000,0.480000,0.850000,0.415000,-1.335000,-0.560000,-0.390000
-0.172000,-0.187000,-0.015000,0.179000,-0.078000,-0.100000,0.523000,0.931000,0.491000,-1.251000,-0.567000,-0.402000
-0.223000,-0.179000,0.044000,0.201000,-0.132000,-0.067000,0.541000,0.970000,0.536000,-1.136000,-0.580000,-0.418000
-0.232000,-0.172000,0.059000,0.202000,-0.145000,-0.056000,0.565000,1.010000,0.580000,-1.019000,-0.585000,-0.425000
-0.239000,-0.169000,0.070000,0.204000,-0.154000,-0.050000,0.604000,1.069000,0.641000,-0.931000,-0.579000,-0.418000
-0.280000,-0.165000,0.115000,0.222000,-0.197000,-0.025000,0.630000,1.110000,0.690000,-0.870000,-0.575000,-0.415000
-0.254000,-0.157000,0.097000,0.205000,-0.175000,-0.030000,0.639000,1.135000,0.707000,-0.812000,-0.571000,-0.415000
-0.306000,-0.152000,0.155000,0.229000,-0.230000,0.002000,0.674000,1.190000,0.756000,-0.735000,-0.567000,-0.412000
-0.343000,-0.148000,0.195000,0.245000,-0.268000,0.023000,0.693000,1.224000,0.789000,-0.662000,-0.563000,-0.408000
-0.307000,-0.144000,0.163000,0.226000,-0.234000,0.009000,0.693000,1.237000,0.801000,-0.606000,-0.559000,-0.404000
-0.290000,-0.140000,0.150000,0.215000,-0.220000,0.005000,0.715000,1.275000,0.835000,-0.550000,-0.560000,-0.405000
-0.291000,-0.132000,0.159000,0.211000,-0.224000,0.013000,0.723000,1.287000,0.848000,-0.490000,-0.581000,-0.420000
-0.352000,-0.160000,0.192000,0.255000,-0.271000,0.016000,0.735000,1.306000,0.863000,-0.430000,-0.588000,-0.437000
-0.384000,-0.178000,0.206000,0.280000,-0.295000,0.014000,0.757000,1.333000,0.889000,-0.372000,-0.582000,-0.438000
-0.360000,-0.169000,0.191000,0.264000,-0.275000,0.011000,0.770000,1.347000,0.908000,-0.316000,-0.589000,-0.445000
-0.355000,-0.170000,0.185000,0.262000,-0.270000,0.007000,0.765000,1.355000,0.915000,-0.265000,-0.605000,-0.470000
-0.370000,-0.171000,0.200000,0.270000,-0.285000,0.014000,0.777000,1.382000,0.939000,-0.224000,-0.600000,-0.461000
-0.388000,-0.167000,0.221000,0.277000,-0.304000,0.027000,0.786000,1.409000,0.960000,-0.188000,-0.608000,-0.471000
-0.401000,-0.165000,0.237000,0.283000,-0.318000,0.036000,0.797000,1.431000,0.982000,-0.152000,-0.618000,-0.481000
-0.413000,-0.165000,0.248000,0.289000,-0.330000,0.042000,0.814000,1.457000,1.006000,-0.116000,-0.623000,-0.482000
-0.430000,-0.165000,0.265000,0.297000,-0.347000,0.050000,0.830000,1.485000,1.030000,-0.080000,-0.635000,-0.495000
-0.452000,-0.165000,0.286000,0.308000,-0.368000,0.060000,0.852000,1.511000,1.061000,-0.044000,-0.638000,-0.497000
-0.457000,-0.162000,0.295000,0.309000,-0.376000,0.066000,0.857000,1.523000,1.066000,-0.011000,-0.653000,-0.519000
-0.454000,-0.159000,0.295000,0.306000,-0.375000,0.067000,0.871000,1.542000,1.084000,0.021000,-0.661000,-0.533000
-0.455000,-0.160000,0.295000,0.307000,-0.375000,0.067000,0.884000,1.563000,1.115000,0.052000,-0.662000,-0.539000
-0.455000,-0.160000,0.295000,0.307000,-0.375000,0.067000,0.875000,1.570000,1.125000,0.085000,-0.675000,-0.560000
-0.454000,-0.160000,0.294000,0.307000,-0.374000,0.066000,0.898000,1.601000,1.152000,0.140000,-0.670000,-0.560000
-0.459000,-0.157000,0.302000,0.308000,-0.380000,0.072000,0.915000,1.632000,1.178000,0.195000,-0.678000,-0.566000
-0.457000,-0.154000,0.303000,0.305000,-0.379000,0.074000,0.912000,1.644000,1.188000,0.230000,-0.704000,-0.588000
-0.448000,-0.155000,0.293000,0.301000,-0.370000,0.069000,0.913000,1.655000,1.200000,0.259000,-0.723000,-0.609000
-0.445000,-0.155000,0.290000,0.300000,-0.367000,0.067000,0.930000,1.680000,1.225000,0.305000,-0.730000,-0.620000
-0.447000,-0.151000,0.296000,0.299000,-0.371000,0.072000,0.937000,1.691000,1.245000,0.349000,-0.747000,-0.641000
-0.467000,-0.150000,0.317000,0.308000,-0.392000,0.084000,0.960000,1.717000,1.270000,0.361000,-0.749000,-0.650000
-0.473000,-0.150000,0.323000,0.311000,-0.398000,0.086000,0.984000,1.750000,1.301000,0.392000,-0.742000,-0.652000
-0.456000,-0.150000,0.306000,0.303000,-0.381000,0.078000,0.990000,1.768000,1.324000,0.429000,-0.749000,-0.665000
-0.450000,-0.150000,0.300000,0.300000,-0.375000,0.075000,0.990000,1.775000,1.335000,0.425000,-0.770000,-0.685000
-0.473000,-0.146000,0.327000,0.310000,-0.400000,0.090000,0.996000,1.794000,1.354000,0.445000,-0.779000,-0.694000
-0.529000,-0.145000,0.384000,0.336000,-0.456000,0.120000,1.015000,1.819000,1.382000,0.456000,-0.781000,-0.699000
-0.554000,-0.145000,0.409000,0.349000,-0.481000,0.132000,1.032000,1.839000,1.405000,0.453000,-0.778000,-0.699000
-0.544000,-0.145000,0.398000,0.345000,-0.470000,0.126000,1.034000,1.853000,1.418000,0.458000,-0.783000,-0.703000
-0.545000,-0.145000,0.400000,0.345000,-0.472000,0.127000,1.030000,1.860000,1.430000,0.475000,-0.800000,-0.725000
-0.538000,-0.137000,0.401000,0.337000,-0.469000,0.131000,1.040000,1.866000,1.449000,0.475000,-0.801000,-0.738000
-0.529000,-0.131000,0.397000,0.330000,-0.463000,0.133000,1.059000,1.889000,1.478000,0.480000,-0.799000,-0.743000
-0.538000,-0.128000,0.409000,0.333000,-0.473000,0.140000,1.064000,1.904000,1.496000,0.490000,-0.804000,-0.748000
-0.542000,-0.124000,0.418000,0.333000,-0.480000,0.147000,1.051000,1.898000,1.493000,0.504000,-0.820000,-0.766000
-0.530000,-0.120000,0.410000,0.325000,-0.470000,0.145000,1.050000,1.900000,1.500000,0.520000,-0.835000,-0.790000
-0.559000,-0.116000,0.443000,0.338000,-0.501000,0.163000,1.088000,1.934000,1.545000,0.527000,-0.832000,-0.791000
-0.563000,-0.112000,0.451000,0.337000,-0.507000,0.169000,1.093000,1.938000,1.568000,0.544000,-0.826000,-0.789000
-0.550000,-0.107000,0.443000,0.328000,-0.496000,0.168000,1.081000,1.926000,1.556000,0.548000,-0.825000,-0.790000
-0.543000,-0.098000,0.446000,0.320000,-0.494000,0.173000,1.079000,1.924000,1.554000,0.548000,-0.824000,-0.790000
-0.535000,-0.090000,0.445000,0.312000,-0.490000,0.177000,1.075000,1.920000,1.585000,0.565000,-0.820000,-0.790000
-0.527000,-0.086000,0.441000,0.306000,-0.483000,0.177000,1.071000,1.916000,1.591000,0.560000,-0.815000,-0.790000
-0.519000,-0.080000,0.440000,0.299000,-0.479000,0.180000,1.067000,1.912000,1.589000,0.574000,-0.817000,-0.791000
-0.510000,-0.070000,0.440000,0.290000,-0.474000,0.184000,1.063000,1.908000,1.592000,0.589000,-0.808000,-0.785000
-0.505000,-0.064000,0.441000,0.284000,-0.472000,0.188000,1.058000,1.903000,1.596000,0.583000,-0.791000,-0.772000
-0.515000,-0.060000,0.455000,0.287000,-0.485000,0.197000,1.050000,1.895000,1.600000,0.585000,-0.780000,-0.765000
-0.540000,-0.056000,0.485000,0.298000,-0.512000,0.214000,1.046000,1.887000,1.611000,0.603000,-0.764000,-0.757000
-0.547000,-0.055000,0.491000,0.301000,-0.518000,0.218000,1.043000,1.879000,1.626000,0.602000,-0.751000,-0.749000
-0.531000,-0.053000,0.478000,0.292000,-0.504000,0.212000,1.036000,1.871000,1.628000,0.607000,-0.739000,-0.741000
-0.545000,-0.050000,0.496000,0.297000,-0.521000,0.222000,1.028000,1.863000,1.617000,0.631000,-0.727000,-0.733000
-0.595000,-0.050000,0.545000,0.322000,-0.570000,0.247000,1.025000,1.855000,1.610000,0.645000,-0.715000,-0.725000
-0.582000,-0.046000,0.536000,0.314000,-0.558000,0.245000,1.022000,1.849000,1.606000,0.641000,-0.695000,-0.713000
-0.565000,-0.046000,0.519000,0.305000,-0.542000,0.237000,1.009000,1.826000,1.600000,0.646000,-0.675000,-0.701000
-0.550000,-0.040000,0.510000,0.295000,-0.529000,0.235000,0.992000,1.796000,1.590000,0.668000,-0.656000,-0.689000
-0.524000,-0.027000,0.497000,0.276000,-0.511000,0.235000,0.976000,1.768000,1.584000,0.689000,-0.642000,-0.677000
-0.505000,-0.020000,0.485000,0.262000,-0.495000,0.232000,0.960000,1.740000,1.580000,0.695000,-0.630000,-0.665000
-0.486000,-0.012000,0.474000,0.249000,-0.480000,0.231000,0.949000,1.717000,1.568000,0.700000,-0.610000,-0.645000
-0.463000,-0.004000,0.459000,0.234000,-0.461000,0.227000,0.931000,1.684000,1.556000,0.698000,-0.594000,-0.629000
-0.469000,0.004000,0.473000,0.232000,-0.471000,0.239000,0.910000,1.648000,1.544000,0.710000,-0.571000,-0.607000
-0.486000,0.011000,0.497000,0.237000,-0.491000,0.253000,0.890000,1.617000,1.533000,0.727000,-0.537000,-0.578000
-0.465000,0.020000,0.485000,0.222000,-0.475000,0.252000,0.870000,1.590000,1.520000,0.720000,-0.510000,-0.555000
-0.436000,0.044000,0.480000,0.196000,-0.458000,0.262000,0.855000,1.568000,1.496000,0.716000,-0.482000,-0.531000
-0.418000,0.060000,0.478000,0.179000,-0.448000,0.269000,0.832000,1.528000,1.475000,0.749000,-0.457000,-0.507000
-0.415000,0.056000,0.471000,0.179000,-0.443000,0.263000,0.810000,1.485000,1.453000,0.781000,-0.430000,-0.481000
-0.431000,0.032000,0.463000,0.199000,-0.447000,0.248000,0.788000,1.444000,1.430000,0.776000,-0.396000,-0.453000
-0.440000,0.020000,0.460000,0.210000,-0.450000,0.240000,0.755000,1.395000,1.410000,0.765000,-0.365000,-0.430000
-0.392000,0.064000,0.457000,0.164000,-0.425000,0.260000,0.727000,1.346000,1.371000,0.785000,-0.344000,-0.413000
-0.391000,0.055000,0.446000,0.168000,-0.419000,0.250000,0.696000,1.309000,1.331000,0.796000,-0.330000,-0.400000
-0.363000,0.072000,0.435000,0.146000,-0.400000,0.253000,0.666000,1.281000,1.302000,0.794000,-0.304000,-0.374000
-0.308000,0.120000,0.428000,0.094000,-0.369000,0.274000,0.638000,1.243000,1.280000,0.796000,-0.266000,-0.335000
-0.315000,0.105000,0.420000,0.105000,-0.368000,0.262000,0.610000,1.190000,1.255000,0.805000,-0.235000,-0.300000
-0.312000,0.096000,0.408000,0.107000,-0.360000,0.252000,0.587000,1.142000,1.212000,0.813000,-0.210000,-0.279000
-0.307000,0.091000,0.398000,0.108000,-0.353000,0.245000,0.557000,1.092000,1.168000,0.825000,-0.191000,-0.261000
-0.283000,0.108000,0.392000,0.087000,-0.338000,0.250000,0.525000,1.038000,1.133000,0.846000,-0.165000,-0.238000
-0.249000,0.133000,0.382000,0.058000,-0.316000,0.257000,0.499000,0.988000,1.102000,0.862000,-0.132000,-0.215000
-0.240000,0.130000,0.370000,0.055000,-0.305000,0.250000,0.480000,0.945000,1.070000,0.860000,-0.100000,-0.195000
-0.232000,0.130000,0.362000,0.051000,-0.297000,0.246000,0.460000,0.901000,1.041000,0.858000,-0.064000,-0.160000
-0.224000,0.130000,0.355000,0.047000,-0.289000,0.242000,0.437000,0.857000,1.018000,0.871000,-0.029000,-0.121000
-0.214000,0.130000,0.344000,0.042000,-0.279000,0.237000,0.413000,0.813000,0.987000,0.886000,-0.005000,-0.095000
-0.202000,0.130000,0.332000,0.035000,-0.267000,0.231000,0.389000,0.769000,0.945000,0.890000,0.008000,-0.082000
-0.195000,0.130000,0.325000,0.032000,-0.260000,0.227000,0.365000,0.730000,0.905000,0.885000,0.025000,-0.070000
-0.191000,0.129000,0.320000,0.031000,-0.256000,0.224000,0.341000,0.695000,0.868000,0.881000,0.053000,-0.054000
-0.148000,0.137000,0.285000,0.005000,-0.216000,0.211000,0.317000,0.648000,0.837000,0.877000,0.077000,-0.041000
-0.100000,0.138000,0.237000,-0.019000,-0.169000,0.187000,0.292000,0.594000,0.800000,0.873000,0.089000,-0.029000
-0.084000,0.119000,0.203000,-0.018000,-0.144000,0.161000,0.270000,0.551000,0.753000,0.870000,0.090000,-0.018000
-0.085000,0.110000,0.195000,-0.013000,-0.140000,0.152000,0.255000,0.525000,0.710000,0.870000,0.100000,-0.005000
-0.077000,0.143000,0.220000,-0.034000,-0.148000,0.181000,0.239000,0.502000,0.689000,0.866000,0.141000,0.021000
-0.074000,0.151000,0.225000,-0.039000,-0.150000,0.187000,0.223000,0.469000,0.672000,0.862000,0.160000,0.056000
-0.075000,0.142000,0.217000,-0.033000,-0.146000,0.179000,0.207000,0.431000,0.645000,0.858000,0.160000,0.062000
-0.075000,0.139000,0.214000,-0.032000,-0.145000,0.176000,0.192000,0.398000,0.612000,0.854000,0.160000,0.057000
-0.075000,0.135000,0.210000,-0.030000,-0.143000,0.172000,0.180000,0.375000,0.580000,0.850000,0.160000,0.075000
-0.071000,0.135000,0.206000,-0.032000,-0.139000,0.171000,0.168000,0.355000,0.544000,0.851000,0.161000,0.069000
-0.069000,0.133000,0.201000,-0.032000,-0.135000,0.167000,0.156000,0.337000,0.509000,0.842000,0.156000,0.057000
-0.073000,0.127000,0.201000,-0.027000,-0.137000,0.164000,0.146000,0.323000,0.485000,0.829000,0.174000,0.072000
-0.073000,0.125000,0.198000,-0.026000,-0.136000,0.161000,0.138000,0.305000,0.472000,0.817000,0.197000,0.091000
-0.060000,0.125000,0.185000,-0.033000,-0.123000,0.155000,0.130000,0.280000,0.455000,0.805000,0.190000,0.080000
-0.051000,0.121000,0.172000,-0.035000,-0.112000,0.147000,0.122000,0.255000,0.431000,0.798000,0.186000,0.075000
-0.048000,0.116000,0.164000,-0.034000,-0.106000,0.140000,0.117000,0.240000,0.409000,0.779000,0.182000,0.073000
-0.039000,0.115000,0.155000,-0.038000,-0.097000,0.135000,0.112000,0.229000,0.393000,0.752000,0.178000,0.066000
-0.028000,0.114000,0.142000,-0.043000,-0.085000,0.128000,0.103000,0.217000,0.382000,0.731000,0.174000,0.059000
-0.025000,0.105000,0.130000,-0.040000,-0.078000,0.117000,0.095000,0.205000,0.370000,0.720000,0.170000,0.055000
-0.021000,0.101000,0.122000,-0.040000,-0.071000,0.111000,0.091000,0.193000,0.362000,0.708000,0.166000,0.051000
-0.020000,0.094000,0.114000,-0.037000,-0.066000,0.104000,0.087000,0.183000,0.352000,0.695000,0.159000,0.044000
-0.020000,0.088000,0.108000,-0.034000,-0.064000,0.098000,0.085000,0.178000,0.338000,0.685000,0.152000,0.036000
-0.020000,0.083000,0.103000,-0.032000,-0.062000,0.093000,0.085000,0.173000,0.328000,0.669000,0.149000,0.028000
-0.020000,0.075000,0.095000,-0.028000,-0.058000,0.085000,0.085000,0.165000,0.320000,0.640000,0.145000,0.020000
-0.020000,0.071000,0.091000,-0.025000,-0.056000,0.081000,0.085000,0.161000,0.312000,0.611000,0.141000,0.012000
-0.017000,0.067000,0.084000,-0.025000,-0.051000,0.075000,0.086000,0.154000,0.306000,0.589000,0.137000,0.004000
-0.013000,0.065000,0.077000,-0.026000,-0.046000,0.071000,0.083000,0.148000,0.304000,0.572000,0.132000,-0.004000
-0.009000,0.065000,0.074000,-0.028000,-0.042000,0.070000,0.080000,0.144000,0.298000,0.547000,0.132000,-0.012000
-0.005000,0.065000,0.070000,-0.030000,-0.038000,0.067000,0.080000,0.140000,0.290000,0.510000,0.140000,-0.020000
-0.001000,0.065000,0.066000,-0.032000,-0.034000,0.065000,0.080000,0.140000,0.286000,0.476000,0.133000,-0.024000
0.004000,0.065000,0.061000,-0.035000,-0.029000,0.063000,0.080000,0.140000,0.282000,0.457000,0.123000,-0.031000
0.005000,0.065000,0.060000,-0.035000,-0.028000,0.062000,0.080000,0.140000,0.280000,0.442000,0.118000,-0.039000
0.006000,0.065000,0.059000,-0.036000,-0.027000,0.062000,0.080000,0.140000,0.280000,0.426000,0.113000,-0.047000
0.010000,0.065000,0.055000,-0.038000,-0.023000,0.060000,0.080000,0.140000,0.280000,0.410000,0.105000,-0.055000
0.010000,0.061000,0.051000,-0.036000,-0.020000,0.056000,0.076000,0.140000,0.280000,0.395000,0.097000,-0.062000
0.010000,0.060000,0.050000,-0.034000,-0.020000,0.055000,0.075000,0.140000,0.280000,0.370000,0.090000,-0.076000
0.011000,0.060000,0.049000,-0.036000,-0.019000,0.054000,0.075000,0.140000,0.280000,0.340000,0.094000,-0.078000
0.016000,0.060000,0.044000,-0.039000,-0.014000,0.051000,0.075000,0.140000,0.280000,0.315000,0.100000,-0.077000
0.020000,0.060000,0.040000,-0.040000,-0.010000,0.050000,0.075000,0.140000,0.280000,0.300000,0.090000,-0.090000
0.020000,0.060000,0.041000,-0.040000,-0.011000,0.050000,0.075000,0.140000,0.280000,0.284000,0.081000,-0.084000
0.025000,0.060000,0.035000,-0.042000,-0.005000,0.047000,0.072000,0.140000,0.280000,0.268000,0.077000,-0.102000
0.035000,0.060000,0.026000,-0.048000,0.005000,0.043000,0.069000,0.140000,0.280000,0.252000,0.072000,-0.105000
0.041000,0.059000,0.018000,-0.050000,0.011000,0.039000,0.070000,0.140000,0.280000,0.237000,0.063000,-0.098000
0.045000,0.055000,0.010000,-0.050000,0.017000,0.032000,0.070000,0.140000,0.280000,0.225000,0.055000,-0.130000
0.053000,0.055000,0.002000,-0.054000,0.025000,0.028000,0.070000,0.140000,0.280000,0.213000,0.051000,-0.141000
0.061000,0.055000,-0.006000,-0.058000,0.033000,0.024000,0.070000,0.140000,0.280000,0.204000,0.048000,-0.135000
0.068000,0.055000,-0.013000,-0.062000,0.040000,0.020000,0.070000,0.140000,0.280000,0.195000,0.041000,-0.142000
0.069000,0.055000,-0.014000,-0.061000,0.041000,0.021000,0.070000,0.140000,0.280000,0.182000,0.043000,-0.158000
0.060000,0.055000,-0.005000,-0.057000,0.032000,0.025000,0.070000,0.140000,0.280000,0.170000,0.060000,-0.160000
0.052000,0.055000,0.003000,-0.054000,0.024000,0.029000,0.070000,0.140000,0.280000,0.162000,0.057000,-0.160000
0.044000,0.055000,0.011000,-0.050000,0.016000,0.033000,0.070000,0.140000,0.280000,0.154000,0.055000,-0.160000
0.036000,0.055000,0.019000,-0.046000,0.008000,0.037000,0.070000,0.140000,0.280000,0.148000,0.053000,-0.159000
0.027000,0.054000,0.027000,-0.041000,0.000000,0.041000,0.069000,0.140000,0.280000,0.143000,0.050000,-0.162000
0.015000,0.050000,0.035000,-0.033000,-0.010000,0.042000,0.070000,0.140000,0.280000,0.135000,0.050000,-0.175000
0.007000,0.046000,0.039000,-0.027000,-0.016000,0.042000,0.086000,0.139000,0.280000,0.131000,0.046000,-0.180000
-0.004000,0.041000,0.045000,-0.019000,-0.025000,0.043000,0.100000,0.149000,0.280000,0.124000,0.045000,-0.180000
-0.030000,0.040000,0.071000,-0.006000,-0.050000,0.055000,0.108000,0.158000,0.280000,0.118000,0.043000,-0.180000
-0.043000,0.039000,0.082000,0.002000,-0.063000,0.060000,0.110000,0.161000,0.280000,0.114000,0.039000,-0.179000
0.000000,0.040000,0.040000,-0.020000,-0.020000,0.040000,0.110000,0.170000,0.280000,0.110000,0.040000,-0.180000
0.065000,0.061000,-0.004000,-0.063000,0.034000,0.029000,0.110000,0.175000,0.273000,0.110000,0.041000,-0.197000
0.041000,0.064000,0.023000,-0.053000,0.008000,0.044000,0.108000,0.173000,0.263000,0.110000,0.037000,-0.199000
-0.010000,0.074000,0.084000,-0.032000,-0.047000,0.079000,0.119000,0.184000,0.276000,0.110000,0.035000,-0.194000
-0.020000,0.092000,0.112000,-0.036000,-0.066000,0.102000,0.139000,0.203000,0.298000,0.110000,0.034000,-0.195000
-0.020000,0.085000,0.105000,-0.033000,-0.063000,0.095000,0.150000,0.210000,0.300000,0.110000,0.030000,-0.195000
-0.027000,0.078000,0.105000,-0.026000,-0.066000,0.091000,0.159000,0.228000,0.313000,0.106000,0.030000,-0.195000
-0.004000,0.098000,0.103000,-0.047000,-0.053000,0.100000,0.156000,0.224000,0.316000,0.105000,0.027000,-0.195000
0.015000,0.113000,0.098000,-0.064000,-0.042000,0.106000,0.159000,0.225000,0.318000,0.105000,0.025000,-0.195000
0.008000,0.110000,0.102000,-0.059000,-0.047000,0.106000,0.174000,0.245000,0.336000,0.105000,0.024000,-0.195000
-0.005000,0.110000,0.115000,-0.053000,-0.060000,0.112000,0.180000,0.255000,0.355000,0.105000,0.020000,-0.195000
-0.022000,0.103000,0.125000,-0.041000,-0.074000,0.114000,0.168000,0.247000,0.348000,0.105000,0.020000,-0.195000
0.009000,0.124000,0.115000,-0.067000,-0.054000,0.119000,0.158000,0.242000,0.341000,0.106000,0.021000,-0.195000
0.040000,0.136000,0.097000,-0.088000,-0.029000,0.117000,0.151000,0.236000,0.338000,0.103000,0.018000,-0.195000
0.039000,0.129000,0.090000,-0.084000,-0.025000,0.109000,0.143000,0.229000,0.334000,0.100000,0.014000,-0.196000
0.025000,0.130000,0.105000,-0.078000,-0.040000,0.117000,0.135000,0.225000,0.330000,0.100000,0.010000,-0.200000
-0.014000,0.126000,0.140000,-0.056000,-0.077000,0.133000,0.127000,0.217000,0.326000,0.100000,0.006000,-0.204000
-0.017000,0.125000,0.142000,-0.054000,-0.080000,0.134000,0.119000,0.212000,0.323000,0.100000,0.005000,-0.208000
-0.008000,0.123000,0.131000,-0.058000,-0.070000,0.127000,0.111000,0.207000,0.316000,0.100000,0.004000,-0.228000
-0.010000,0.119000,0.130000,-0.055000,-0.070000,0.124000,0.103000,0.198000,0.309000,0.099000,-0.001000,-0.246000
-0.005000,0.120000,0.125000,-0.058000,-0.065000,0.122000,0.095000,0.190000,0.305000,0.095000,-0.005000,-0.240000
0.004000,0.121000,0.117000,-0.063000,-0.056000,0.118000,0.087000,0.186000,0.297000,0.095000,-0.005000,-0.252000
0.005000,0.117000,0.112000,-0.061000,-0.053000,0.114000,0.079000,0.179000,0.292000,0.095000,-0.007000,-0.253000
0.007000,0.115000,0.108000,-0.061000,-0.051000,0.111000,0.071000,0.171000,0.286000,0.095000,-0.013000,-0.249000
0.010000,0.114000,0.104000,-0.063000,-0.047000,0.109000,0.063000,0.163000,0.279000,0.095000,-0.015000,-0.249000
0.010000,0.110000,0.100000,-0.060000,-0.045000,0.105000,0.055000,0.160000,0.275000,0.095000,-0.015000,-0.245000
0.010000,0.110000,0.100000,-0.060000,-0.045000,0.105000,0.050000,0.164000,0.271000,0.095000,-0.020000,-0.244000
0.010000,0.107000,0.097000,-0.059000,-0.044000,0.102000,0.050000,0.165000,0.267000,0.096000,-0.019000,-0.250000
0.010000,0.104000,0.095000,-0.058000,-0.043000,0.099000,0.050000,0.165000,0.263000,0.093000,-0.026000,-0.262000
0.011000,0.105000,0.095000,-0.058000,-0.043000,0.100000,0.050000,0.165000,0.259000,0.099000,-0.036000,-0.270000
0.015000,0.105000,0.090000,-0.060000,-0.038000,0.097000,0.050000,0.165000,0.255000,0.120000,-0.030000,-0.265000
0.017000,0.103000,0.086000,-0.060000,-0.035000,0.094000,0.050000,0.165000,0.255000,0.124000,-0.030000,-0.265000
-0.001000,0.116000,0.117000,-0.057000,-0.059000,0.116000,0.050000,0.165000,0.252000,0.132000,-0.030000,-0.265000
-0.011000,0.117000,0.128000,-0.053000,-0.070000,0.122000,0.050000,0.165000,0.248000,0.132000,-0.030000,-0.265000
-0.004000,0.101000,0.105000,-0.049000,-0.055000,0.102000,0.050000,0.165000,0.244000,0.133000,-0.030000,-0.265000
0.000000,0.090000,0.090000,-0.045000,-0.045000,0.090000,0.050000,0.165000,0.240000,0.155000,-0.030000,-0.265000
0.008000,0.082000,0.074000,-0.045000,-0.033000,0.078000,0.050000,0.165000,0.236000,0.169000,-0.030000,-0.261000
0.015000,0.071000,0.057000,-0.043000,-0.021000,0.064000,0.049000,0.165000,0.235000,0.167000,-0.030000,-0.260000
0.012000,0.059000,0.047000,-0.036000,-0.018000,0.052000,0.052000,0.165000,0.233000,0.165000,-0.030000,-0.260000
0.003000,0.047000,0.044000,-0.025000,-0.021000,0.045000,0.055000,0.165000,0.230000,0.164000,-0.030000,-0.260000
0.000000,0.040000,0.040000,-0.020000,-0.020000,0.040000,0.055000,0.165000,0.230000,0.160000,-0.030000,-0.260000
0.013000,0.049000,0.036000,-0.031000,-0.012000,0.042000,0.068000,0.165000,0.226000,0.160000,-0.026000,-0.259000
0.014000,0.046000,0.032000,-0.030000,-0.009000,0.039000,0.071000,0.165000,0.224000,0.157000,-0.025000,-0.271000
0.006000,0.035000,0.029000,-0.021000,-0.012000,0.032000,0.072000,0.165000,0.226000,0.155000,-0.025000,-0.288000
-0.011000,0.029000,0.040000,-0.009000,-0.025000,0.034000,0.084000,0.165000,0.224000,0.154000,-0.025000,-0.296000
-0.035000,0.025000,0.060000,0.005000,-0.048000,0.042000,0.100000,0.165000,0.220000,0.150000,-0.025000,-0.295000
-0.040000,0.017000,0.057000,0.011000,-0.049000,0.037000,0.109000,0.165000,0.220000,0.150000,-0.025000,-0.295000
-0.043000,0.009000,0.052000,0.017000,-0.048000,0.030000,0.114000,0.163000,0.217000,0.147000,-0.025000,-0.295000
-0.046000,0.002000,0.048000,0.022000,-0.047000,0.024000,0.129000,0.171000,0.214000,0.145000,-0.025000,-0.295000
-0.044000,0.001000,0.045000,0.021000,-0.044000,0.022000,0.141000,0.180000,0.215000,0.144000,-0.025000,-0.295000
-0.035000,0.010000,0.045000,0.012000,-0.040000,0.027000,0.135000,0.175000,0.215000,0.140000,-0.025000,-0.295000
-0.026000,0.015000,0.041000,0.005000,-0.034000,0.028000,0.134000,0.175000,0.207000,0.140000,-0.024000,-0.293000
-0.026000,0.010000,0.036000,0.008000,-0.032000,0.023000,0.136000,0.172000,0.199000,0.137000,-0.034000,-0.308000
-0.035000,0.000000,0.035000,0.017000,-0.035000,0.018000,0.133000,0.170000,0.191000,0.135000,-0.041000,-0.316000
-0.041000,-0.006000,0.034000,0.023000,-0.037000,0.014000,0.130000,0.169000,0.183000,0.134000,-0.041000,-0.308000
-0.040000,-0.010000,0.030000,0.025000,-0.035000,0.010000,0.130000,0.165000,0.175000,0.130000,-0.050000,-0.310000
-0.043000,-0.018000,0.026000,0.030000,-0.035000,0.003000,0.130000,0.165000,0.167000,0.130000,-0.059000,-0.323000
-0.050000,-0.025000,0.025000,0.037000,-0.038000,0.000000,0.131000,0.162000,0.158000,0.127000,-0.057000,-0.323000
-0.059000,-0.036000,0.024000,0.047000,-0.041000,-0.006000,0.128000,0.160000,0.154000,0.125000,-0.055000,-0.319000
-0.048000,-0.029000,0.019000,0.039000,-0.033000,-0.005000,0.125000,0.159000,0.155000,0.124000,-0.054000,-0.320000
-0.020000,-0.005000,0.015000,0.012000,-0.017000,0.005000,0.125000,0.155000,0.155000,0.120000,-0.050000,-0.320000
-0.041000,-0.030000,0.011000,0.036000,-0.026000,-0.010000,0.125000,0.155000,0.164000,0.120000,-0.050000,-0.316000
-0.069000,-0.063000,0.006000,0.066000,-0.038000,-0.028000,0.125000,0.152000,0.163000,0.117000,-0.047000,-0.314000
-0.075000,-0.070000,0.005000,0.072000,-0.040000,-0.032000,0.123000,0.150000,0.159000,0.114000,-0.045000,-0.316000
-0.069000,-0.064000,0.004000,0.066000,-0.036000,-0.030000,0.120000,0.149000,0.160000,0.115000,-0.044000,-0.314000
-0.065000,-0.065000,0.000000,0.065000,-0.032000,-0.032000,0.120000,0.145000,0.160000,0.115000,-0.040000,-0.310000
-0.057000,-0.061000,-0.004000,0.059000,-0.026000,-0.032000,0.120000,0.145000,0.156000,0.111000,-0.040000,-0.310000
-0.051000,-0.059000,-0.008000,0.056000,-0.022000,-0.034000,0.117000,0.142000,0.155000,0.110000,-0.037000,-0.311000
-0.048000,-0.061000,-0.012000,0.055000,-0.018000,-0.036000,0.115000,0.140000,0.155000,0.108000,-0.035000,-0.308000
-0.044000,-0.059000,-0.016000,0.052000,-0.014000,-0.037000,0.115000,0.139000,0.155000,0.105000,-0.034000,-0.305000
-0.040000,-0.055000,-0.015000,0.048000,-0.012000,-0.035000,0.115000,0.135000,0.155000,0.105000,-0.030000,-0.305000
-0.045000,-0.055000,-0.011000,0.050000,-0.016000,-0.033000,0.115000,0.135000,0.151000,0.101000,-0.030000,-0.305000
-0.043000,-0.052000,-0.009000,0.048000,-0.017000,-0.030000,0.112000,0.136000,0.149000,0.100000,-0.027000,-0.302000
-0.054000,-0.049000,0.005000,0.052000,-0.029000,-0.022000,0.109000,0.133000,0.151000,0.098000,-0.025000,-0.299000
-0.064000,-0.050000,0.014000,0.057000,-0.039000,-0.018000,0.110000,0.130000,0.149000,0.094000,-0.024000,-0.300000
-0.045000,-0.050000,-0.005000,0.048000,-0.020000,-0.027000,0.110000,0.130000,0.145000,0.095000,-0.020000,-0.300000
-0.028000,-0.046000,-0.017000,0.037000,-0.005000,-0.031000,0.110000,0.130000,0.145000,0.095000,-0.020000,-0.296000
-0.014000,-0.045000,-0.031000,0.029000,0.009000,-0.038000,0.107000,0.127000,0.145000,0.092000,-0.017000,-0.294000
0.005000,-0.043000,-0.048000,0.020000,0.027000,-0.045000,0.104000,0.124000,0.145000,0.089000,-0.015000,-0.295000
0.016000,-0.039000,-0.055000,0.012000,0.036000,-0.047000,0.105000,0.125000,0.144000,0.090000,-0.014000,-0.294000
0.010000,-0.040000,-0.050000,0.015000,0.030000,-0.045000,0.105000,0.125000,0.140000,0.090000,-0.010000,-0.290000
0.005000,-0.040000,-0.045000,0.018000,0.025000,-0.042000,0.101000,0.121000,0.140000,0.086000,-0.010000,-0.286000
0.008000,-0.037000,-0.045000,0.015000,0.027000,-0.041000,0.099000,0.119000,0.140000,0.084000,-0.007000,-0.282000
0.009000,-0.034000,-0.044000,0.013000,0.027000,-0.039000,0.101000,0.121000,0.141000,0.086000,-0.005000,-0.278000
0.003000,-0.035000,-0.039000,0.016000,0.022000,-0.037000,0.099000,0.119000,0.139000,0.084000,-0.004000,-0.274000
0.000000,-0.035000,-0.035000,0.018000,0.018000,-0.035000,0.095000,0.120000,0.140000,0.080000,0.000000,-0.270000
0.004000,-0.031000,-0.036000,0.014000,0.020000,-0.033000,0.107000,0.142000,0.163000,0.080000,-0.001000,-0.270000
0.002000,-0.027000,-0.029000,0.013000,0.016000,-0.028000,0.112000,0.181000,0.190000,0.081000,0.008000,-0.268000
-0.001000,-0.023000,-0.022000,0.012000,0.011000,-0.023000,0.124000,0.265000,0.240000,0.078000,0.020000,-0.262000
0.000000,-0.019000,-0.019000,0.009000,0.010000,-0.019000,0.143000,0.358000,0.304000,0.075000,0.027000,-0.260000
0.000000,-0.015000,-0.015000,0.008000,0.008000,-0.015000,0.150000,0.395000,0.350000,0.075000,0.035000,-0.260000
-0.004000,-0.010000,-0.007000,0.008000,0.002000,-0.008000,0.158000,0.411000,0.387000,0.075000,0.044000,-0.256000
-0.010000,-0.011000,-0.001000,0.010000,-0.004000,-0.006000,0.167000,0.390000,0.376000,0.072000,0.041000,-0.251000
-0.007000,-0.006000,0.001000,0.006000,-0.004000,-0.003000,0.186000,0.365000,0.349000,0.069000,0.028000,-0.251000
-0.008000,0.000000,0.008000,0.003000,-0.008000,0.004000,0.193000,0.323000,0.329000,0.070000,0.028000,-0.248000
-0.010000,0.005000,0.015000,0.002000,-0.013000,0.010000,0.170000,0.190000,0.275000,0.070000,0.045000,-0.235000
0.028000,0.040000,0.012000,-0.034000,0.008000,0.026000,0.153000,-0.041000,0.161000,0.066000,0.052000,-0.223000
0.003000,0.077000,0.074000,-0.040000,-0.035000,0.075000,0.139000,-0.303000,0.042000,0.064000,0.072000,-0.210000
-0.011000,0.100000,0.111000,-0.045000,-0.061000,0.105000,0.068000,-0.648000,-0.123000,0.066000,0.079000,-0.201000
0.021000,0.112000,0.091000,-0.067000,-0.035000,0.101000,-0.055000,-1.027000,-0.321000,0.064000,0.086000,-0.184000
0.035000,0.120000,0.085000,-0.078000,-0.025000,0.102000,-0.170000,-1.350000,-0.500000,0.060000,0.120000,-0.155000
0.057000,0.135000,0.078000,-0.097000,-0.011000,0.106000,-0.289000,-1.730000,-0.728000,0.060000,0.135000,-0.136000
0.093000,0.158000,0.065000,-0.126000,0.014000,0.111000,-0.414000,-2.130000,-0.982000,0.060000,0.201000,-0.070000
0.124000,0.198000,0.074000,-0.161000,0.024000,0.136000,-0.566000,-2.600000,-1.321000,0.060000,0.264000,0.000000
0.164000,0.237000,0.073000,-0.200000,0.046000,0.155000,-0.764000,-3.131000,-1.714000,0.060000,0.312000,0.056000
0.230000,0.245000,0.015000,-0.238000,0.107000,0.130000,-0.975000,-3.605000,-2.055000,0.060000,0.400000,0.135000
0.281000,0.248000,-0.033000,-0.264000,0.157000,0.107000,-1.138000,-3.985000,-2.376000,0.060000,0.471000,0.211000
0.349000,0.259000,-0.089000,-0.303000,0.219000,0.084000,-1.327000,-4.348000,-2.723000,0.060000,0.522000,0.259000
0.415000,0.250000,-0.164000,-0.332000,0.289000,0.043000,-1.545000,-4.673000,-3.038000,0.060000,0.603000,0.339000
0.470000,0.216000,-0.254000,-0.343000,0.361000,-0.018000,-1.764000,-4.948000,-3.317000,0.060000,0.709000,0.451000
0.540000,0.190000,-0.350000,-0.365000,0.445000,-0.080000,-1.960000,-5.195000,-3.605000,0.060000,0.790000,0.540000
0.618000,0.182000,-0.437000,-0.399000,0.528000,-0.127000,-2.106000,-5.366000,-3.847000,0.059000,0.875000,0.626000
0.677000,0.174000,-0.503000,-0.425000,0.589000,-0.164000,-2.244000,-5.486000,-4.045000,0.068000,0.983000,0.730000
0.757000,0.183000,-0.574000,-0.470000,0.665000,-0.196000,-2.384000,-5.560000,-4.204000,0.082000,1.111000,0.854000
0.885000,0.205000,-0.680000,-0.545000,0.782000,-0.238000,-2.508000,-5.580000,-4.312000,0.102000,1.242000,0.981000
1.005000,0.225000,-0.780000,-0.615000,0.892000,-0.277000,-2.605000,-5.565000,-4.385000,0.135000,1.360000,1.100000
1.050000,0.265000,-0.785000,-0.657000,0.917000,-0.260000,-2.682000,-5.556000,-4.470000,0.167000,1.459000,1.212000
1.076000,0.300000,-0.776000,-0.688000,0.925000,-0.237000,-2.715000,-5.517000,-4.538000,0.197000,1.531000,1.289000
1.152000,0.331000,-0.821000,-0.741000,0.986000,-0.245000,-2.706000,-5.466000,-4.592000,0.220000,1.571000,1.337000
1.215000,0.353000,-0.862000,-0.784000,1.038000,-0.254000,-2.686000,-5.417000,-4.650000,0.223000,1.578000,1.374000
1.205000,0.355000,-0.850000,-0.780000,1.027000,-0.247000,-2.670000,-5.345000,-4.690000,0.210000,1.560000,1.395000
1.252000,0.355000,-0.897000,-0.804000,1.074000,-0.270000,-2.631000,-5.233000,-4.668000,0.202000,1.544000,1.384000
1.283000,0.354000,-0.929000,-0.818000,1.106000,-0.288000,-2.593000,-5.099000,-4.647000,0.193000,1.528000,1.374000
1.270000,0.359000,-0.911000,-0.814000,1.090000,-0.276000,-2.554000,-4.977000,-4.612000,0.190000,1.514000,1.364000
1.254000,0.348000,-0.906000,-0.801000,1.080000,-0.279000,-2.509000,-4.867000,-4.540000,0.170000,1.493000,1.354000
1.255000,0.300000,-0.955000,-0.777000,1.105000,-0.327000,-2.465000,-4.750000,-4.455000,0.115000,1.455000,1.345000
1.241000,0.260000,-0.981000,-0.750000,1.111000,-0.361000,-2.417000,-4.618000,-4.370000,0.066000,1.418000,1.311000
1.254000,0.218000,-1.036000,-0.736000,1.145000,-0.409000,-2.332000,-4.451000,-4.260000,-0.017000,1.387000,1.271000
1.267000,0.173000,-1.094000,-0.720000,1.180000,-0.460000,-2.247000,-4.290000,-4.143000,-0.110000,1.352000,1.259000
1.240000,0.129000,-1.110000,-0.685000,1.175000,-0.491000,-2.184000,-4.158000,-4.040000,-0.244000,1.327000,1.266000
1.200000,0.085000,-1.115000,-0.642000,1.157000,-0.515000,-2.110000,-4.020000,-3.930000,-0.465000,1.325000,1.265000
1.195000,0.038000,-1.157000,-0.616000,1.176000,-0.559000,-2.026000,-3.857000,-3.778000,-0.682000,1.321000,1.265000
1.184000,0.018000,-1.166000,-0.601000,1.175000,-0.573000,-1.943000,-3.693000,-3.638000,-0.898000,1.318000,1.265000
1.168000,0.010000,-1.158000,-0.589000,1.163000,-0.574000,-1.869000,-3.538000,-3.510000,-1.124000,1.310000,1.265000
1.157000,-0.003000,-1.160000,-0.577000,1.158000,-0.582000,-1.787000,-3.369000,-3.358000,-1.341000,1.315000,1.265000
1.145000,-0.015000,-1.160000,-0.565000,1.153000,-0.587000,-1.690000,-3.170000,-3.165000,-1.535000,1.345000,1.265000
1.140000,-0.023000,-1.163000,-0.559000,1.152000,-0.592000,-1.615000,-2.964000,-2.948000,-1.725000,1.360000,1.259000
1.102000,-0.034000,-1.136000,-0.534000,1.119000,-0.585000,-1.521000,-2.743000,-2.709000,-1.893000,1.389000,1.274000
1.051000,-0.045000,-1.096000,-0.502000,1.073000,-0.570000,-1.425000,-2.536000,-2.496000,-2.028000,1.397000,1.275000
1.011000,-0.060000,-1.071000,-0.475000,1.041000,-0.565000,-1.337000,-2.365000,-2.340000,-2.126000,1.376000,1.256000
0.975000,-0.085000,-1.060000,-0.445000,1.018000,-0.572000,-1.240000,-2.205000,-2.205000,-2.190000,1.360000,1.240000
0.944000,-0.104000,-1.048000,-0.419000,0.997000,-0.576000,-1.146000,-2.022000,-2.035000,-2.241000,1.325000,1.197000
0.938000,-0.098000,-1.036000,-0.420000,0.987000,-0.566000,-1.066000,-1.836000,-1.859000,-2.306000,1.286000,1.151000
0.923000,-0.101000,-1.025000,-0.411000,0.974000,-0.562000,-0.994000,-1.657000,-1.692000,-2.371000,1.257000,1.111000
0.885000,-0.126000,-1.011000,-0.379000,0.948000,-0.568000,-0.922000,-1.490000,-1.530000,-2.449000,1.242000,1.077000
0.850000,-0.140000,-0.990000,-0.355000,0.920000,-0.565000,-0.850000,-1.340000,-1.380000,-2.565000,1.220000,1.045000
0.826000,-0.144000,-0.970000,-0.341000,0.899000,-0.557000,-0.776000,-1.205000,-1.246000,-2.675000,1.156000,1.001000
0.799000,-0.150000,-0.949000,-0.324000,0.874000,-0.549000,-0.720000,-1.090000,-1.127000,-2.767000,1.098000,0.925000
0.773000,-0.160000,-0.933000,-0.306000,0.853000,-0.546000,-0.651000,-0.944000,-0.995000,-2.854000,1.019000,0.821000
0.739000,-0.165000,-0.904000,-0.287000,0.822000,-0.534000,-0.565000,-0.776000,-0.849000,-2.915000,0.925000,0.725000
0.685000,-0.160000,-0.845000,-0.262000,0.765000,-0.502000,-0.490000,-0.645000,-0.725000,-2.925000,0.845000,0.640000
0.633000,-0.160000,-0.792000,-0.236000,0.713000,-0.476000,-0.414000,-0.527000,-0.634000,-2.930000,0.709000,0.497000
0.581000,-0.160000,-0.741000,-0.210000,0.661000,-0.450000,-0.339000,-0.389000,-0.524000,-2.954000,0.558000,0.332000
0.528000,-0.160000,-0.689000,-0.184000,0.609000,-0.424000,-0.274000,-0.260000,-0.411000,-2.937000,0.460000,0.216000
0.478000,-0.160000,-0.638000,-0.159000,0.558000,-0.399000,-0.215000,-0.145000,-0.301000,-2.883000,0.380000,0.123000
0.430000,-0.160000,-0.590000,-0.135000,0.510000,-0.375000,-0.155000,-0.025000,-0.190000,-2.840000,0.260000,0.000000
0.383000,-0.162000,-0.545000,-0.110000,0.464000,-0.353000,-0.095000,0.072000,-0.123000,-2.762000,0.158000,-0.102000
0.362000,-0.146000,-0.507000,-0.108000,0.435000,-0.326000,-0.038000,0.131000,-0.070000,-2.644000,0.031000,-0.227000
0.311000,-0.161000,-0.472000,-0.075000,0.392000,-0.316000,0.018000,0.215000,0.010000,-2.534000,-0.074000,-0.341000
0.243000,-0.193000,-0.436000,-0.024000,0.339000,-0.314000,0.073000,0.325000,0.100000,-2.441000,-0.143000,-0.427000
0.220000,-0.180000,-0.400000,-0.020000,0.310000,-0.290000,0.125000,0.405000,0.160000,-2.340000,-0.225000,-0.515000
0.194000,-0.173000,-0.366000,-0.010000,0.281000,-0.269000,0.177000,0.480000,0.211000,-2.226000,-0.308000,-0.598000
0.117000,-0.192000,-0.309000,0.038000,0.214000,-0.251000,0.231000,0.562000,0.275000,-2.089000,-0.396000,-0.689000
0.030000,-0.213000,-0.243000,0.092000,0.137000,-0.228000,0.290000,0.646000,0.343000,-1.909000,-0.465000,-0.762000
-0.026000,-0.213000,-0.187000,0.119000,0.081000,-0.200000,0.340000,0.714000,0.397000,-1.731000,-0.512000,-0.812000
-0.060000,-0.200000,-0.140000,0.130000,0.040000,-0.170000,0.375000,0.770000,0.450000,-1.620000,-0.545000,-0.845000
-0.099000,-0.192000,-0.093000,0.145000,-0.003000,-0.142000,0.432000,0.854000,0.534000,-1.546000,-0.541000,-0.845000
-0.145000,-0.185000,-0.039000,0.165000,-0.053000,-0.112000,0.474000,0.928000,0.611000,-1.446000,-0.551000,-0.857000
-0.194000,-0.174000,0.020000,0.184000,-0.107000,-0.077000,0.508000,0.993000,0.680000,-1.339000,-0.563000,-0.865000
-0.223000,-0.163000,0.060000,0.192000,-0.141000,-0.051000,0.543000,1.054000,0.744000,-1.238000,-0.559000,-0.859000
-0.215000,-0.155000,0.060000,0.185000,-0.137000,-0.047000,0.570000,1.100000,0.790000,-1.130000,-0.560000,-0.860000
-0.205000,-0.147000,0.058000,0.176000,-0.131000,-0.044000,0.591000,1.144000,0.835000,-1.041000,-0.560000,-0.856000
-0.214000,-0.141000,0.073000,0.178000,-0.143000,-0.034000,0.607000,1.184000,0.869000,-0.958000,-0.560000,-0.854000
-0.221000,-0.140000,0.082000,0.180000,-0.152000,-0.029000,0.623000,1.212000,0.889000,-0.887000,-0.560000,-0.856000
-0.229000,-0.140000,0.089000,0.184000,-0.159000,-0.025000,0.639000,1.239000,0.912000,-0.823000,-0.560000,-0.854000
-0.255000,-0.140000,0.115000,0.197000,-0.185000,-0.012000,0.660000,1.280000,0.950000,-0.745000,-0.560000,-0.850000
-0.273000,-0.136000,0.137000,0.204000,-0.205000,0.001000,0.683000,1.312000,0.985000,-0.651000,-0.560000,-0.850000
-0.313000,-0.134000,0.179000,0.224000,-0.245000,0.022000,0.682000,1.316000,0.994000,-0.581000,-0.560000,-0.847000
-0.349000,-0.136000,0.213000,0.242000,-0.280000,0.038000,0.700000,1.336000,1.019000,-0.528000,-0.560000,-0.845000
-0.354000,-0.134000,0.220000,0.244000,-0.287000,0.042000,0.728000,1.372000,1.056000,-0.461000,-0.560000,-0.845000
-0.345000,-0.130000,0.215000,0.237000,-0.280000,0.042000,0.725000,1.390000,1.065000,-0.380000,-0.560000,-0.845000
-0.342000,-0.130000,0.213000,0.236000,-0.278000,0.041000,0.737000,1.418000,1.089000,-0.323000,-0.565000,-0.850000
-0.359000,-0.130000,0.229000,0.244000,-0.294000,0.049000,0.744000,1.443000,1.107000,-0.270000,-0.563000,-0.848000
-0.362000,-0.130000,0.232000,0.245000,-0.297000,0.050000,0.746000,1.453000,1.111000,-0.223000,-0.573000,-0.859000
-0.339000,-0.130000,0.209000,0.234000,-0.274000,0.039000,0.752000,1.465000,1.119000,-0.186000,-0.587000,-0.877000
-0.330000,-0.130000,0.200000,0.230000,-0.265000,0.035000,0.765000,1.495000,1.145000,-0.150000,-0.585000,-0.875000
-0.368000,-0.130000,0.238000,0.249000,-0.303000,0.054000,0.781000,1.523000,1.172000,-0.110000,-0.585000,-0.875000
-0.405000,-0.130000,0.275000,0.268000,-0.340000,0.073000,0.797000,1.551000,1.204000,-0.073000,-0.587000,-0.874000
-0.403000,-0.130000,0.273000,0.266000,-0.338000,0.071000,0.798000,1.561000,1.217000,-0.034000,-0.611000,-0.895000
-0.363000,-0.130000,0.233000,0.246000,-0.298000,0.051000,0.797000,1.562000,1.217000,0.012000,-0.638000,-0.925000
-0.340000,-0.130000,0.210000,0.235000,-0.275000,0.040000,0.820000,1.590000,1.240000,0.055000,-0.635000,-0.930000
-0.395000,-0.130000,0.265000,0.263000,-0.330000,0.068000,0.846000,1.632000,1.278000,0.089000,-0.633000,-0.925000
-0.432000,-0.131000,0.302000,0.281000,-0.367000,0.085000,0.855000,1.654000,1.293000,0.147000,-0.645000,-0.933000
-0.434000,-0.128000,0.306000,0.280000,-0.369000,0.088000,0.855000,1.669000,1.300000,0.207000,-0.651000,-0.946000
-0.429000,-0.125000,0.305000,0.276000,-0.367000,0.090000,0.864000,1.699000,1.322000,0.259000,-0.650000,-0.950000
-0.430000,-0.125000,0.305000,0.277000,-0.367000,0.090000,0.880000,1.725000,1.350000,0.315000,-0.660000,-0.950000
-0.431000,-0.125000,0.306000,0.277000,-0.368000,0.090000,0.878000,1.718000,1.361000,0.352000,-0.678000,-0.967000
-0.426000,-0.125000,0.301000,0.275000,-0.363000,0.088000,0.897000,1.747000,1.387000,0.384000,-0.677000,-0.969000
-0.443000,-0.125000,0.318000,0.284000,-0.380000,0.096000,0.917000,1.784000,1.422000,0.414000,-0.680000,-0.978000
-0.460000,-0.125000,0.335000,0.292000,-0.397000,0.105000,0.922000,1.798000,1.443000,0.434000,-0.699000,-1.000000
-0.450000,-0.125000,0.325000,0.287000,-0.387000,0.100000,0.935000,1.815000,1.455000,0.450000,-0.710000,-1.010000
-0.477000,-0.125000,0.352000,0.301000,-0.414000,0.113000,0.957000,1.849000,1.483000,0.469000,-0.713000,-1.013000
-0.497000,-0.125000,0.372000,0.311000,-0.434000,0.123000,0.960000,1.863000,1.501000,0.494000,-0.724000,-1.024000
-0.485000,-0.125000,0.360000,0.305000,-0.422000,0.117000,0.967000,1.870000,1.509000,0.497000,-0.732000,-1.034000
-0.451000,-0.125000,0.326000,0.287000,-0.388000,0.101000,0.974000,1.883000,1.517000,0.500000,-0.738000,-1.043000
-0.430000,-0.125000,0.305000,0.277000,-0.367000,0.090000,0.965000,1.895000,1.530000,0.530000,-0.750000,-1.050000
-0.455000,-0.125000,0.330000,0.290000,-0.392000,0.102000,0.986000,1.920000,1.563000,0.534000,-0.744000,-1.045000
-0.493000,-0.122000,0.371000,0.307000,-0.431000,0.124000,0.988000,1.929000,1.580000,0.546000,-0.760000,-1.056000
-0.510000,-0.119000,0.391000,0.314000,-0.451000,0.135000,0.988000,1.934000,1.594000,0.559000,-0.771000,-1.070000
-0.510000,-0.120000,0.389000,0.315000,-0.450000,0.135000,1.004000,1.949000,1.615000,0.560000,-0.764000,-1.077000
-0.520000,-0.120000,0.400000,0.320000,-0.460000,0.140000,1.015000,1.965000,1.630000,0.560000,-0.765000,-1.085000
-0.554000,-0.116000,0.438000,0.335000,-0.496000,0.161000,1.027000,1.977000,1.646000,0.568000,-0.761000,-1.082000
-0.560000,-0.114000,0.446000,0.337000,-0.502000,0.165000,1.037000,1.990000,1.661000,0.574000,-0.760000,-1.077000
-0.554000,-0.116000,0.438000,0.335000,-0.496000,0.161000,1.041000,1.996000,1.665000,0.592000,-0.758000,-1.073000
-0.554000,-0.114000,0.440000,0.334000,-0.497000,0.163000,1.040000,1.995000,1.667000,0.613000,-0.755000,-1.070000
-0.545000,-0.105000,0.440000,0.325000,-0.492000,0.167000,1.040000,1.995000,1.685000,0.610000,-0.755000,-1.070000
-0.536000,-0.096000,0.440000,0.316000,-0.487000,0.171000,1.040000,1.996000,1.702000,0.607000,-0.751000,-1.066000
-0.536000,-0.092000,0.444000,0.314000,-0.490000,0.176000,1.040000,1.993000,1.710000,0.629000,-0.750000,-1.061000
-0.545000,-0.087000,0.458000,0.316000,-0.502000,0.186000,1.040000,2.003000,1.723000,0.642000,-0.748000,-1.060000
-0.550000,-0.078000,0.473000,0.314000,-0.511000,0.197000,1.041000,2.015000,1.737000,0.641000,-0.745000,-1.060000
-0.545000,-0.070000,0.475000,0.307000,-0.510000,0.202000,1.040000,2.005000,1.740000,0.655000,-0.745000,-1.055000
-0.540000,-0.067000,0.473000,0.303000,-0.506000,0.203000,1.028000,2.001000,1.749000,0.669000,-0.733000,-1.050000
-0.545000,-0.057000,0.488000,0.300000,-0.516000,0.215000,1.018000,1.993000,1.745000,0.668000,-0.723000,-1.051000
-0.538000,-0.044000,0.494000,0.290000,-0.516000,0.225000,1.012000,1.990000,1.737000,0.680000,-0.717000,-1.045000
-0.514000,-0.032000,0.482000,0.273000,-0.498000,0.225000,1.002000,1.979000,1.734000,0.704000,-0.707000,-1.032000
-0.495000,-0.020000,0.475000,0.257000,-0.485000,0.227000,0.990000,1.945000,1.730000,0.710000,-0.695000,-1.020000
-0.481000,-0.010000,0.471000,0.246000,-0.476000,0.231000,0.982000,1.916000,1.722000,0.717000,-0.687000,-1.008000
-0.480000,-0.016000,0.464000,0.248000,-0.472000,0.224000,0.975000,1.894000,1.716000,0.733000,-0.680000,-1.000000
-0.475000,-0.018000,0.457000,0.247000,-0.466000,0.220000,0.962000,1.877000,1.713000,0.743000,-0.668000,-0.988000
-0.453000,-0.008000,0.446000,0.230000,-0.449000,0.219000,0.946000,1.860000,1.708000,0.747000,-0.651000,-0.971000
-0.445000,0.000000,0.445000,0.222000,-0.445000,0.222000,0.935000,1.835000,1.700000,0.755000,-0.635000,-0.955000
-0.493000,0.008000,0.501000,0.242000,-0.497000,0.254000,0.923000,1.811000,1.692000,0.754000,-0.607000,-0.935000
-0.488000,0.016000,0.504000,0.236000,-0.496000,0.260000,0.911000,1.787000,1.684000,0.767000,-0.582000,-0.916000
-0.476000,0.024000,0.501000,0.225000,-0.489000,0.262000,0.897000,1.764000,1.677000,0.776000,-0.555000,-0.890000
-0.501000,0.031000,0.532000,0.235000,-0.517000,0.281000,0.881000,1.737000,1.666000,0.777000,-0.522000,-0.857000
-0.505000,0.035000,0.540000,0.235000,-0.523000,0.287000,0.865000,1.705000,1.645000,0.790000,-0.495000,-0.830000
-0.459000,0.044000,0.503000,0.208000,-0.482000,0.273000,0.838000,1.674000,1.630000,0.801000,-0.474000,-0.813000
-0.408000,0.045000,0.453000,0.182000,-0.431000,0.249000,0.808000,1.630000,1.603000,0.820000,-0.458000,-0.800000
-0.393000,0.048000,0.441000,0.173000,-0.417000,0.244000,0.782000,1.583000,1.568000,0.837000,-0.440000,-0.776000
-0.384000,0.067000,0.450000,0.159000,-0.417000,0.259000,0.760000,1.538000,1.538000,0.839000,-0.420000,-0.741000
-0.350000,0.090000,0.440000,0.130000,-0.395000,0.265000,0.740000,1.490000,1.510000,0.835000,-0.400000,-0.710000
-0.351000,0.081000,0.432000,0.135000,-0.392000,0.256000,0.712000,1.446000,1.483000,0.845000,-0.372000,-0.689000
-0.363000,0.061000,0.424000,0.151000,-0.394000,0.242000,0.684000,1.399000,1.448000,0.864000,-0.347000,-0.675000
-0.346000,0.070000,0.416000,0.138000,-0.381000,0.243000,0.656000,1.352000,1.413000,0.870000,-0.320000,-0.651000
-0.314000,0.094000,0.408000,0.110000,-0.361000,0.251000,0.629000,1.310000,1.383000,0.872000,-0.287000,-0.617000
-0.300000,0.100000,0.400000,0.100000,-0.350000,0.250000,0.605000,1.270000,1.355000,0.890000,-0.255000,-0.585000
-0.272000,0.120000,0.392000,0.076000,-0.332000,0.255000,0.573000,1.232000,1.328000,0.903000,-0.227000,-0.553000
-0.251000,0.135000,0.386000,0.058000,-0.319000,0.260000,0.542000,1.177000,1.288000,0.911000,-0.200000,-0.525000
-0.255000,0.130000,0.385000,0.062000,-0.320000,0.257000,0.521000,1.114000,1.243000,0.919000,-0.169000,-0.493000
-0.267000,0.118000,0.385000,0.074000,-0.326000,0.251000,0.507000,1.064000,1.208000,0.927000,-0.138000,-0.456000
-0.275000,0.110000,0.385000,0.082000,-0.330000,0.247000,0.490000,1.030000,1.185000,0.935000,-0.110000,-0.425000
-0.292000,0.094000,0.385000,0.098000,-0.339000,0.239000,0.458000,0.996000,1.163000,0.935000,-0.082000,-0.400000
-0.263000,0.121000,0.384000,0.070000,-0.324000,0.252000,0.429000,0.945000,1.121000,0.935000,-0.053000,-0.380000
-0.224000,0.164000,0.389000,0.030000,-0.307000,0.276000,0.400000,0.886000,1.070000,0.935000,-0.031000,-0.359000
-0.196000,0.181000,0.377000,0.007000,-0.287000,0.279000,0.367000,0.832000,1.025000,0.935000,-0.016000,-0.334000
-0.150000,0.175000,0.325000,-0.013000,-0.238000,0.250000,0.335000,0.780000,0.985000,0.935000,0.000000,-0.310000
-0.107000,0.170000,0.277000,-0.032000,-0.192000,0.224000,0.307000,0.731000,0.945000,0.935000,0.020000,-0.294000
-0.094000,0.170000,0.264000,-0.039000,-0.179000,0.217000,0.278000,0.692000,0.908000,0.935000,0.041000,-0.278000
-0.096000,0.168000,0.264000,-0.036000,-0.180000,0.216000,0.256000,0.657000,0.872000,0.936000,0.056000,-0.262000
-0.094000,0.165000,0.258000,-0.036000,-0.177000,0.211000,0.241000,0.621000,0.837000,0.943000,0.069000,-0.246000
-0.090000,0.165000,0.255000,-0.038000,-0.173000,0.210000,0.225000,0.585000,0.810000,0.950000,0.095000,-0.230000
-0.096000,0.161000,0.256000,-0.033000,-0.176000,0.208000,0.205000,0.554000,0.783000,0.938000,0.126000,-0.214000
-0.084000,0.160000,0.244000,-0.039000,-0.164000,0.201000,0.188000,0.513000,0.746000,0.929000,0.132000,-0.200000
-0.070000,0.159000,0.228000,-0.045000,-0.149000,0.193000,0.172000,0.468000,0.703000,0.919000,0.132000,-0.190000
-0.063000,0.154000,0.216000,-0.045000,-0.140000,0.185000,0.156000,0.433000,0.668000,0.908000,0.143000,-0.184000
-0.050000,0.150000,0.200000,-0.050000,-0.125000,0.175000,0.140000,0.410000,0.645000,0.900000,0.155000,-0.180000
-0.037000,0.150000,0.187000,-0.057000,-0.112000,0.168000,0.124000,0.387000,0.621000,0.888000,0.164000,-0.172000
-0.032000,0.147000,0.179000,-0.058000,-0.106000,0.163000,0.111000,0.359000,0.595000,0.879000,0.166000,-0.167000
-0.026000,0.145000,0.171000,-0.060000,-0.099000,0.158000,0.099000,0.332000,0.565000,0.869000,0.164000,-0.161000
-0.020000,0.144000,0.164000,-0.063000,-0.092000,0.154000,0.088000,0.310000,0.540000,0.858000,0.166000,-0.154000
-0.020000,0.140000,0.160000,-0.060000,-0.090000,0.150000,0.080000,0.295000,0.525000,0.850000,0.175000,-0.150000
-0.012000,0.141000,0.152000,-0.064000,-0.082000,0.146000,0.068000,0.279000,0.509000,0.838000,0.184000,-0.146000
-0.009000,0.134000,0.143000,-0.063000,-0.076000,0.139000,0.059000,0.263000,0.490000,0.830000,0.180000,-0.144000
-0.011000,0.127000,0.138000,-0.058000,-0.075000,0.133000,0.050000,0.247000,0.470000,0.818000,0.170000,-0.146000
-0.009000,0.124000,0.133000,-0.058000,-0.071000,0.128000,0.037000,0.232000,0.451000,0.802000,0.164000,-0.144000
0.000000,0.120000,0.120000,-0.060000,-0.060000,0.120000,0.030000,0.220000,0.435000,0.790000,0.160000,-0.140000
0.008000,0.116000,0.108000,-0.062000,-0.050000,0.112000,0.039000,0.212000,0.419000,0.773000,0.152000,-0.140000
0.016000,0.112000,0.096000,-0.064000,-0.040000,0.104000,0.038000,0.205000,0.403000,0.763000,0.143000,-0.138000
0.025000,0.108000,0.083000,-0.066000,-0.030000,0.096000,0.034000,0.194000,0.388000,0.741000,0.138000,-0.149000
0.031000,0.104000,0.073000,-0.068000,-0.022000,0.089000,0.035000,0.183000,0.378000,0.707000,0.133000,-0.168000
0.030000,0.100000,0.070000,-0.065000,-0.020000,0.085000,0.035000,0.175000,0.370000,0.680000,0.125000,-0.175000
0.026000,0.096000,0.070000,-0.061000,-0.023000,0.083000,0.035000,0.167000,0.362000,0.655000,0.121000,-0.188000
0.025000,0.092000,0.067000,-0.059000,-0.021000,0.079000,0.035000,0.161000,0.354000,0.635000,0.118000,-0.189000
0.023000,0.088000,0.065000,-0.056000,-0.021000,0.076000,0.035000,0.160000,0.346000,0.613000,0.111000,-0.180000
0.021000,0.085000,0.064000,-0.053000,-0.022000,0.074000,0.035000,0.160000,0.338000,0.589000,0.104000,-0.183000
0.025000,0.085000,0.060000,-0.055000,-0.018000,0.072000,0.035000,0.160000,0.330000,0.570000,0.100000,-0.205000
0.021000,0.081000,0.060000,-0.051000,-0.020000,0.071000,0.031000,0.156000,0.322000,0.553000,0.096000,-0.217000
0.020000,0.077000,0.057000,-0.049000,-0.019000,0.067000,0.030000,0.155000,0.316000,0.543000,0.092000,-0.230000
0.018000,0.073000,0.055000,-0.046000,-0.019000,0.064000,0.030000,0.155000,0.315000,0.521000,0.088000,-0.236000
0.015000,0.069000,0.054000,-0.042000,-0.020000,0.061000,0.030000,0.155000,0.315000,0.487000,0.084000,-0.235000
0.015000,0.065000,0.050000,-0.040000,-0.018000,0.057000,0.030000,0.155000,0.315000,0.460000,0.080000,-0.235000
0.015000,0.065000,0.050000,-0.040000,-0.018000,0.057000,0.030000,0.151000,0.315000,0.443000,0.080000,-0.235000
0.015000,0.062000,0.047000,-0.039000,-0.016000,0.054000,0.030000,0.150000,0.312000,0.429000,0.078000,-0.236000
0.015000,0.059000,0.045000,-0.038000,-0.015000,0.052000,0.030000,0.150000,0.309000,0.409000,0.072000,-0.232000
0.016000,0.060000,0.044000,-0.038000,-0.014000,0.052000,0.029000,0.150000,0.310000,0.384000,0.070000,-0.232000
0.020000,0.060000,0.040000,-0.040000,-0.010000,0.050000,0.025000,0.150000,0.310000,0.360000,0.070000,-0.250000
0.019000,0.060000,0.041000,-0.040000,-0.011000,0.050000,0.025000,0.146000,0.310000,0.343000,0.066000,-0.263000
0.028000,0.062000,0.034000,-0.045000,-0.004000,0.048000,0.025000,0.144000,0.307000,0.331000,0.061000,-0.272000
0.042000,0.070000,0.028000,-0.056000,0.007000,0.048000,0.025000,0.146000,0.304000,0.319000,0.060000,-0.276000
0.052000,0.075000,0.023000,-0.064000,0.014000,0.049000,0.025000,0.144000,0.305000,0.307000,0.059000,-0.275000
0.055000,0.070000,0.015000,-0.063000,0.020000,0.042000,0.025000,0.140000,0.305000,0.295000,0.050000,-0.275000
0.058000,0.070000,0.011000,-0.064000,0.024000,0.040000,0.025000,0.140000,0.305000,0.279000,0.046000,-0.275000
0.067000,0.071000,0.004000,-0.069000,0.031000,0.037000,0.025000,0.140000,0.306000,0.263000,0.039000,-0.273000
0.070000,0.068000,-0.002000,-0.069000,0.036000,0.033000,0.025000,0.140000,0.303000,0.247000,0.033000,-0.283000
0.071000,0.065000,-0.006000,-0.067000,0.038000,0.029000,0.024000,0.139000,0.300000,0.231000,0.028000,-0.297000
0.080000,0.065000,-0.015000,-0.072000,0.047000,0.025000,0.020000,0.135000,0.300000,0.215000,0.020000,-0.295000
0.090000,0.065000,-0.024000,-0.077000,0.056000,0.021000,0.020000,0.135000,0.300000,0.207000,0.016000,-0.294000
0.085000,0.062000,-0.023000,-0.073000,0.054000,0.019000,0.018000,0.136000,0.301000,0.199000,0.012000,-0.300000
0.077000,0.059000,-0.017000,-0.068000,0.047000,0.021000,0.013000,0.133000,0.298000,0.191000,0.010000,-0.312000
0.075000,0.060000,-0.015000,-0.067000,0.045000,0.022000,0.018000,0.138000,0.295000,0.183000,0.010000,-0.321000
0.075000,0.060000,-0.015000,-0.067000,0.045000,0.022000,0.035000,0.155000,0.295000,0.175000,0.010000,-0.320000
0.067000,0.056000,-0.011000,-0.061000,0.039000,0.022000,0.040000,0.156000,0.295000,0.167000,0.010000,-0.319000
0.061000,0.054000,-0.006000,-0.057000,0.033000,0.024000,0.040000,0.154000,0.295000,0.159000,0.007000,-0.326000
0.061000,0.056000,-0.006000,-0.058000,0.033000,0.025000,0.040000,0.155000,0.295000,0.152000,0.004000,-0.331000
0.057000,0.054000,-0.003000,-0.055000,0.030000,0.026000,0.040000,0.155000,0.295000,0.150000,0.005000,-0.329000
0.040000,0.050000,0.010000,-0.045000,0.015000,0.030000,0.040000,0.155000,0.295000,0.150000,0.005000,-0.330000
0.031000,0.050000,0.018000,-0.041000,0.007000,0.034000,0.043000,0.163000,0.293000,0.146000,0.005000,-0.338000
0.025000,0.051000,0.026000,-0.038000,0.000000,0.038000,0.053000,0.170000,0.312000,0.145000,0.002000,-0.341000
0.014000,0.048000,0.034000,-0.031000,-0.010000,0.041000,0.067000,0.183000,0.332000,0.143000,-0.001000,-0.340000
0.003000,0.045000,0.042000,-0.024000,-0.020000,0.043000,0.077000,0.197000,0.335000,0.140000,0.000000,-0.340000
-0.005000,0.045000,0.050000,-0.020000,-0.028000,0.047000,0.080000,0.195000,0.335000,0.140000,0.000000,-0.340000
-0.016000,0.041000,0.057000,-0.012000,-0.037000,0.049000,0.079000,0.194000,0.334000,0.136000,0.000000,-0.340000
0.001000,0.073000,0.071000,-0.037000,-0.035000,0.071000,0.085000,0.204000,0.344000,0.134000,0.001000,-0.340000
-0.009000,0.079000,0.088000,-0.035000,-0.049000,0.083000,0.094000,0.214000,0.352000,0.136000,-0.002000,-0.340000
-0.028000,0.067000,0.095000,-0.020000,-0.062000,0.081000,0.102000,0.224000,0.357000,0.134000,-0.005000,-0.340000
0.005000,0.095000,0.090000,-0.050000,-0.043000,0.092000,0.110000,0.235000,0.365000,0.130000,-0.005000,-0.340000
0.004000,0.090000,0.086000,-0.048000,-0.041000,0.088000,0.115000,0.225000,0.360000,0.130000,-0.005000,-0.340000
-0.009000,0.073000,0.083000,-0.032000,-0.047000,0.078000,0.115000,0.237000,0.368000,0.127000,-0.004000,-0.340000
0.012000,0.088000,0.077000,-0.050000,-0.033000,0.082000,0.118000,0.260000,0.379000,0.125000,-0.007000,-0.340000
0.027000,0.112000,0.085000,-0.069000,-0.029000,0.099000,0.128000,0.273000,0.388000,0.124000,-0.010000,-0.340000
-0.010000,0.100000,0.110000,-0.045000,-0.060000,0.105000,0.135000,0.280000,0.400000,0.120000,-0.010000,-0.340000
-0.014000,0.093000,0.107000,-0.040000,-0.061000,0.100000,0.128000,0.273000,0.397000,0.120000,-0.010000,-0.340000
0.007000,0.111000,0.104000,-0.060000,-0.048000,0.107000,0.119000,0.264000,0.391000,0.117000,-0.010000,-0.340000
0.015000,0.121000,0.106000,-0.068000,-0.046000,0.113000,0.111000,0.256000,0.390000,0.114000,-0.010000,-0.340000
0.010000,0.114000,0.104000,-0.063000,-0.047000,0.109000,0.103000,0.248000,0.389000,0.115000,-0.011000,-0.340000
0.010000,0.115000,0.105000,-0.063000,-0.048000,0.110000,0.095000,0.240000,0.385000,0.115000,-0.015000,-0.340000
-0.011000,0.111000,0.122000,-0.050000,-0.067000,0.116000,0.087000,0.232000,0.380000,0.111000,-0.015000,-0.340000
-0.012000,0.109000,0.121000,-0.049000,-0.066000,0.115000,0.082000,0.227000,0.381000,0.109000,-0.014000,-0.339000
-0.001000,0.111000,0.112000,-0.055000,-0.056000,0.111000,0.076000,0.221000,0.376000,0.111000,-0.019000,-0.343000
0.000000,0.109000,0.109000,-0.054000,-0.055000,0.109000,0.069000,0.214000,0.369000,0.109000,-0.026000,-0.352000
0.000000,0.105000,0.105000,-0.053000,-0.053000,0.105000,0.065000,0.210000,0.365000,0.105000,-0.030000,-0.360000
0.009000,0.105000,0.097000,-0.057000,-0.045000,0.101000,0.057000,0.202000,0.357000,0.105000,-0.042000,-0.369000
0.010000,0.102000,0.092000,-0.056000,-0.041000,0.097000,0.052000,0.197000,0.352000,0.103000,-0.053000,-0.368000
0.012000,0.099000,0.087000,-0.056000,-0.037000,0.093000,0.046000,0.191000,0.346000,0.112000,-0.054000,-0.364000
0.014000,0.100000,0.087000,-0.058000,-0.036000,0.093000,0.039000,0.184000,0.339000,0.128000,-0.049000,-0.365000
-0.005000,0.100000,0.105000,-0.048000,-0.055000,0.102000,0.035000,0.180000,0.335000,0.135000,-0.050000,-0.365000
-0.036000,0.096000,0.132000,-0.030000,-0.084000,0.114000,0.027000,0.172000,0.327000,0.140000,-0.051000,-0.365000
-0.034000,0.095000,0.129000,-0.031000,-0.082000,0.112000,0.018000,0.167000,0.321000,0.139000,-0.047000,-0.365000
-0.019000,0.093000,0.113000,-0.037000,-0.066000,0.102000,0.013000,0.161000,0.319000,0.145000,-0.045000,-0.365000
-0.014000,0.089000,0.103000,-0.039000,-0.058000,0.096000,0.008000,0.154000,0.313000,0.157000,-0.045000,-0.365000
-0.005000,0.090000,0.095000,-0.043000,-0.050000,0.092000,0.000000,0.150000,0.305000,0.160000,-0.045000,-0.365000
0.007000,0.091000,0.083000,-0.049000,-0.038000,0.087000,-0.008000,0.142000,0.301000,0.168000,-0.045000,-0.361000
0.016000,0.087000,0.071000,-0.052000,-0.028000,0.079000,-0.015000,0.137000,0.298000,0.174000,-0.042000,-0.360000
0.025000,0.085000,0.060000,-0.055000,-0.018000,0.073000,-0.012000,0.133000,0.291000,0.174000,-0.039000,-0.360000
0.031000,0.084000,0.054000,-0.058000,-0.012000,0.069000,-0.012000,0.130000,0.284000,0.177000,-0.040000,-0.360000
0.035000,0.085000,0.050000,-0.060000,-0.008000,0.067000,-0.025000,0.130000,0.280000,0.190000,-0.040000,-0.360000
0.053000,0.103000,0.050000,-0.078000,0.001000,0.076000,-0.022000,0.130000,0.276000,0.204000,-0.040000,-0.360000
0.049000,0.099000,0.050000,-0.074000,-0.001000,0.074000,-0.017000,0.130000,0.269000,0.203000,-0.037000,-0.360000
0.033000,0.083000,0.050000,-0.058000,-0.009000,0.066000,-0.013000,0.130000,0.262000,0.200000,-0.034000,-0.360000
0.023000,0.073000,0.050000,-0.048000,-0.014000,0.061000,-0.009000,0.130000,0.259000,0.199000,-0.035000,-0.359000
0.015000,0.065000,0.050000,-0.040000,-0.018000,0.057000,-0.005000,0.130000,0.255000,0.195000,-0.035000,-0.355000
0.003000,0.053000,0.050000,-0.028000,-0.023000,0.052000,-0.001000,0.126000,0.251000,0.195000,-0.031000,-0.355000
-0.009000,0.041000,0.050000,-0.016000,-0.030000,0.045000,0.002000,0.123000,0.250000,0.192000,-0.030000,-0.355000
-0.020000,0.030000,0.050000,-0.005000,-0.035000,0.040000,0.010000,0.130000,0.248000,0.189000,-0.030000,-0.355000
-0.026000,0.024000,0.050000,0.001000,-0.039000,0.036000,0.023000,0.143000,0.245000,0.190000,-0.030000,-0.355000
-0.030000,0.020000,0.050000,0.005000,-0.040000,0.035000,0.035000,0.150000,0.245000,0.190000,-0.030000,-0.355000
-0.030000,0.020000,0.050000,0.005000,-0.040000,0.035000,0.047000,0.153000,0.241000,0.186000,-0.026000,-0.355000
-0.033000,0.017000,0.050000,0.008000,-0.042000,0.033000,0.058000,0.162000,0.240000,0.185000,-0.025000,-0.355000
-0.035000,0.015000,0.050000,0.010000,-0.043000,0.032000,0.059000,0.164000,0.238000,0.183000,-0.025000,-0.355000
-0.036000,0.014000,0.050000,0.011000,-0.043000,0.032000,0.054000,0.160000,0.235000,0.180000,-0.025000,-0.355000
-0.040000,0.010000,0.050000,0.015000,-0.045000,0.030000,0.055000,0.160000,0.235000,0.180000,-0.025000,-0.355000
-0.040000,0.011000,0.051000,0.015000,-0.046000,0.031000,0.068000,0.156000,0.231000,0.176000,-0.029000,-0.355000
-0.038000,0.004000,0.042000,0.016000,-0.040000,0.023000,0.068000,0.154000,0.230000,0.174000,-0.030000,-0.356000
-0.031000,-0.003000,0.029000,0.017000,-0.030000,0.012000,0.064000,0.156000,0.227000,0.176000,-0.032000,-0.353000
-0.023000,-0.006000,0.017000,0.014000,-0.019000,0.005000,0.065000,0.154000,0.218000,0.174000,-0.044000,-0.359000
-0.015000,-0.010000,0.005000,0.012000,-0.010000,-0.002000,0.065000,0.150000,0.210000,0.170000,-0.055000,-0.375000
-0.011000,-0.018000,-0.007000,0.014000,-0.002000,-0.012000,0.065000,0.150000,0.206000,0.170000,-0.051000,-0.372000
-0.005000,-0.024000,-0.019000,0.015000,0.007000,-0.021000,0.066000,0.151000,0.199000,0.167000,-0.049000,-0.370000
0.005000,-0.026000,-0.031000,0.011000,0.019000,-0.029000,0.063000,0.148000,0.191000,0.165000,-0.051000,-0.368000
0.001000,-0.032000,-0.033000,0.016000,0.017000,-0.032000,0.060000,0.145000,0.183000,0.164000,-0.049000,-0.364000
-0.030000,-0.045000,-0.015000,0.038000,-0.007000,-0.030000,0.060000,0.145000,0.180000,0.160000,-0.045000,-0.365000
-0.058000,-0.059000,0.000000,0.059000,-0.029000,-0.030000,0.060000,0.146000,0.189000,0.160000,-0.045000,-0.366000
-0.048000,-0.056000,-0.008000,0.052000,-0.020000,-0.031000,0.060000,0.142000,0.188000,0.157000,-0.045000,-0.362000
-0.025000,-0.045000,-0.020000,0.036000,-0.003000,-0.032000,0.060000,0.140000,0.184000,0.155000,-0.045000,-0.360000
-0.011000,-0.039000,-0.028000,0.026000,0.008000,-0.033000,0.060000,0.139000,0.185000,0.154000,-0.044000,-0.359000
0.005000,-0.035000,-0.040000,0.015000,0.023000,-0.037000,0.060000,0.135000,0.185000,0.150000,-0.040000,-0.355000
0.021000,-0.027000,-0.048000,0.003000,0.035000,-0.037000,0.056000,0.135000,0.185000,0.150000,-0.040000,-0.355000
0.035000,-0.019000,-0.054000,-0.008000,0.045000,-0.036000,0.055000,0.136000,0.182000,0.147000,-0.040000,-0.356000
0.043000,-0.012000,-0.055000,-0.015000,0.049000,-0.034000,0.055000,0.133000,0.179000,0.145000,-0.040000,-0.353000
0.045000,-0.010000,-0.055000,-0.017000,0.050000,-0.032000,0.055000,0.130000,0.180000,0.144000,-0.039000,-0.350000
0.030000,-0.025000,-0.055000,-0.002000,0.043000,-0.040000,0.055000,0.130000,0.180000,0.140000,-0.035000,-0.350000
-0.014000,-0.068000,-0.054000,0.042000,0.020000,-0.061000,0.055000,0.130000,0.180000,0.140000,-0.035000,-0.346000
-0.012000,-0.074000,-0.062000,0.043000,0.025000,-0.068000,0.052000,0.127000,0.181000,0.137000,-0.036000,-0.344000
0.005000,-0.059000,-0.064000,0.028000,0.035000,-0.062000,0.049000,0.124000,0.178000,0.134000,-0.033000,-0.346000
0.006000,-0.053000,-0.060000,0.024000,0.033000,-0.056000,0.050000,0.125000,0.175000,0.135000,-0.030000,-0.344000
0.015000,-0.045000,-0.060000,0.015000,0.038000,-0.052000,0.050000,0.125000,0.175000,0.135000,-0.030000,-0.340000
0.019000,-0.037000,-0.056000,0.009000,0.038000,-0.046000,0.050000,0.121000,0.175000,0.131000,-0.030000,-0.340000
0.024000,-0.030000,-0.054000,0.003000,0.040000,-0.042000,0.050000,0.120000,0.176000,0.130000,-0.031000,-0.341000
0.038000,-0.018000,-0.056000,-0.009000,0.047000,-0.037000,0.050000,0.120000,0.173000,0.130000,-0.028000,-0.336000
0.035000,-0.019000,-0.054000,-0.008000,0.045000,-0.036000,0.051000,0.120000,0.170000,0.130000,-0.025000,-0.328000
0.010000,-0.040000,-0.050000,0.015000,0.030000,-0.045000,0.055000,0.120000,0.170000,0.130000,-0.025000,-0.325000
0.013000,-0.037000,-0.050000,0.012000,0.032000,-0.043000,0.055000,0.120000,0.170000,0.126000,-0.025000,-0.321000
0.013000,-0.034000,-0.047000,0.011000,0.030000,-0.041000,0.055000,0.120000,0.170000,0.125000,-0.026000,-0.317000
0.011000,-0.033000,-0.044000,0.012000,0.028000,-0.039000,0.055000,0.119000,0.171000,0.125000,-0.022000,-0.313000
0.016000,-0.029000,-0.045000,0.007000,0.031000,-0.037000,0.055000,0.113000,0.168000,0.125000,-0.013000,-0.309000
0.015000,-0.030000,-0.045000,0.008000,0.030000,-0.037000,0.055000,0.115000,0.165000,0.125000,-0.010000,-0.305000
0.010000,-0.031000,-0.041000,0.010000,0.025000,-0.036000,0.055000,0.147000,0.184000,0.121000,-0.006000,-0.297000
0.013000,-0.027000,-0.040000,0.007000,0.027000,-0.033000,0.057000,0.175000,0.207000,0.119000,0.001000,-0.289000
0.013000,-0.025000,-0.038000,0.006000,0.026000,-0.031000,0.065000,0.246000,0.251000,0.121000,0.008000,-0.281000
0.010000,-0.024000,-0.034000,0.007000,0.023000,-0.029000,0.079000,0.345000,0.307000,0.119000,0.011000,-0.273000
0.015000,-0.020000,-0.035000,0.003000,0.025000,-0.027000,0.095000,0.395000,0.350000,0.115000,0.015000,-0.265000
0.015000,-0.020000,-0.035000,0.003000,0.025000,-0.027000,0.104000,0.416000,0.395000,0.115000,0.022000,-0.257000
0.015000,-0.017000,-0.032000,0.001000,0.024000,-0.024000,0.108000,0.395000,0.392000,0.115000,0.035000,-0.250000
-0.002000,-0.031000,-0.029000,0.016000,0.014000,-0.030000,0.127000,0.372000,0.374000,0.115000,0.040000,-0.255000
-0.004000,-0.036000,-0.031000,0.020000,0.013000,-0.033000,0.139000,0.333000,0.358000,0.114000,0.034000,-0.258000
0.040000,0.010000,-0.030000,-0.025000,0.035000,-0.010000,0.120000,0.210000,0.305000,0.110000,0.035000,-0.240000
0.063000,0.054000,-0.009000,-0.058000,0.036000,0.022000,0.112000,0.003000,0.213000,0.110000,0.043000,-0.228000
0.064000,0.065000,0.001000,-0.065000,0.031000,0.033000,0.062000,-0.271000,0.087000,0.110000,0.047000,-0.212000
0.023000,0.069000,0.046000,-0.046000,-0.012000,0.058000,0.007000,-0.600000,-0.075000,0.110000,0.058000,-0.201000
-0.001000,0.093000,0.094000,-0.046000,-0.048000,0.093000,-0.067000,-0.953000,-0.254000,0.109000,0.081000,-0.183000
0.050000,0.120000,0.070000,-0.085000,-0.010000,0.095000,-0.200000,-1.300000,-0.435000,0.105000,0.110000,-0.145000
0.076000,0.129000,0.053000,-0.103000,0.011000,0.090000,-0.307000,-1.663000,-0.646000,0.105000,0.149000,-0.111000
0.131000,0.171000,0.040000,-0.151000,0.045000,0.105000,-0.436000,-2.073000,-0.901000,0.105000,0.196000,-0.059000
0.190000,0.208000,0.018000,-0.199000,0.086000,0.112000,-0.583000,-2.542000,-1.231000,0.105000,0.243000,-0.003000
0.222000,0.236000,0.014000,-0.229000,0.103000,0.125000,-0.761000,-3.056000,-1.610000,0.105000,0.303000,0.057000
0.250000,0.280000,0.030000,-0.265000,0.110000,0.155000,-0.985000,-3.560000,-1.975000,0.105000,0.380000,0.135000
0.290000,0.270000,-0.020000,-0.280000,0.155000,0.125000,-1.173000,-3.982000,-2.321000,0.101000,0.440000,0.204000
0.327000,0.258000,-0.069000,-0.292000,0.198000,0.094000,-1.341000,-4.333000,-2.652000,0.100000,0.506000,0.269000
0.383000,0.250000,-0.133000,-0.316000,0.258000,0.058000,-1.544000,-4.655000,-2.963000,0.100000,0.587000,0.346000
0.477000,0.238000,-0.239000,-0.357000,0.358000,-0.001000,-1.777000,-4.957000,-3.258000,0.100000,0.679000,0.439000
0.585000,0.230000,-0.355000,-0.407000,0.470000,-0.062000,-1.980000,-5.210000,-3.550000,0.100000,0.770000,0.535000
0.667000,0.218000,-0.449000,-0.442000,0.557000,-0.115000,-2.144000,-5.405000,-3.825000,0.099000,0.836000,0.626000
0.741000,0.208000,-0.533000,-0.474000,0.636000,-0.162000,-2.284000,-5.542000,-4.033000,0.109000,0.933000,0.712000
0.821000,0.202000,-0.618000,-0.511000,0.719000,-0.208000,-2.415000,-5.624000,-4.192000,0.119000,1.060000,0.817000
0.898000,0.191000,-0.708000,-0.544000,0.803000,-0.258000,-2.541000,-5.643000,-4.307000,0.137000,1.186000,0.940000
0.975000,0.190000,-0.785000,-0.582000,0.880000,-0.297000,-2.650000,-5.615000,-4.370000,0.170000,1.305000,1.060000
1.072000,0.249000,-0.822000,-0.660000,0.947000,-0.286000,-2.718000,-5.596000,-4.441000,0.197000,1.419000,1.186000
1.153000,0.294000,-0.859000,-0.723000,1.005000,-0.283000,-2.763000,-5.564000,-4.518000,0.233000,1.479000,1.252000
1.199000,0.284000,-0.915000,-0.741000,1.056000,-0.315000,-2.793000,-5.528000,-4.588000,0.261000,1.511000,1.290000
1.245000,0.281000,-0.964000,-0.762000,1.104000,-0.342000,-2.789000,-5.489000,-4.651000,0.263000,1.524000,1.327000
1.295000,0.320000,-0.975000,-0.807000,1.135000,-0.327000,-2.745000,-5.420000,-4.690000,0.250000,1.505000,1.345000
1.267000,0.314000,-0.953000,-0.790000,1.110000,-0.319000,-2.705000,-5.297000,-4.656000,0.242000,1.489000,1.359000
1.228000,0.303000,-0.925000,-0.765000,1.076000,-0.311000,-2.664000,-5.144000,-4.620000,0.230000,1.473000,1.356000
1.222000,0.295000,-0.927000,-0.759000,1.075000,-0.316000,-2.629000,-5.022000,-4.570000,0.223000,1.457000,1.345000
1.248000,0.290000,-0.958000,-0.769000,1.103000,-0.334000,-2.587000,-4.922000,-4.506000,0.208000,1.440000,1.339000
1.280000,0.285000,-0.995000,-0.782000,1.137000,-0.355000,-2.525000,-4.790000,-4.445000,0.170000,1.420000,1.335000
1.287000,0.250000,-1.037000,-0.768000,1.162000,-0.393000,-2.468000,-4.640000,-4.343000,0.137000,1.400000,1.327000
1.274000,0.216000,-1.058000,-0.745000,1.166000,-0.421000,-2.384000,-4.476000,-4.233000,0.074000,1.383000,1.319000
1.272000,0.180000,-1.093000,-0.726000,1.182000,-0.456000,-2.304000,-4.320000,-4.129000,-0.021000,1.367000,1.312000
1.272000,0.133000,-1.139000,-0.703000,1.205000,-0.502000,-2.245000,-4.190000,-4.031000,-0.162000,1.351000,1.310000
1.250000,0.090000,-1.160000,-0.670000,1.205000,-0.535000,-2.185000,-4.070000,-3.930000,-0.365000,1.335000,1.310000
1.239000,0.054000,-1.185000,-0.646000,1.211000,-0.565000,-2.119000,-3.913000,-3.801000,-0.587000,1.319000,1.310000
1.219000,0.017000,-1.202000,-0.618000,1.210000,-0.592000,-2.036000,-3.744000,-3.653000,-0.827000,1.306000,1.310000
1.223000,-0.014000,-1.237000,-0.604000,1.231000,-0.626000,-1.962000,-3.591000,-3.526000,-1.055000,1.294000,1.310000
1.223000,-0.043000,-1.266000,-0.590000,1.245000,-0.655000,-1.897000,-3.432000,-3.398000,-1.261000,1.291000,1.310000
1.180000,-0.070000,-1.250000,-0.555000,1.215000,-0.660000,-1.810000,-3.240000,-3.215000,-1.460000,1.310000,1.310000
1.179000,-0.067000,-1.246000,-0.556000,1.213000,-0.656000,-1.716000,-3.028000,-3.001000,-1.644000,1.348000,1.311000
1.136000,-0.062000,-1.198000,-0.537000,1.167000,-0.630000,-1.607000,-2.783000,-2.743000,-1.828000,1.393000,1.302000
1.067000,-0.057000,-1.124000,-0.505000,1.095000,-0.590000,-1.510000,-2.564000,-2.519000,-1.975000,1.403000,1.289000
1.012000,-0.066000,-1.078000,-0.472000,1.045000,-0.572000,-1.421000,-2.394000,-2.364000,-2.080000,1.388000,1.277000
0.960000,-0.110000,-1.070000,-0.425000,1.015000,-0.590000,-1.320000,-2.225000,-2.220000,-2.165000,1.380000,1.265000
0.912000,-0.147000,-1.058000,-0.382000,0.985000,-0.602000,-1.226000,-2.045000,-2.056000,-2.205000,1.338000,1.256000
0.903000,-0.143000,-1.046000,-0.379000,0.974000,-0.594000,-1.148000,-1.865000,-1.897000,-2.260000,1.289000,1.219000
0.918000,-0.116000,-1.034000,-0.401000,0.976000,-0.575000,-1.071000,-1.684000,-1.725000,-2.330000,1.255000,1.173000
0.907000,-0.115000,-1.022000,-0.395000,0.964000,-0.568000,-0.999000,-1.517000,-1.558000,-2.414000,1.236000,1.128000
0.855000,-0.150000,-1.005000,-0.352000,0.930000,-0.577000,-0.940000,-1.375000,-1.430000,-2.525000,1.210000,1.075000
0.829000,-0.159000,-0.988000,-0.335000,0.909000,-0.573000,-0.868000,-1.228000,-1.292000,-2.633000,1.150000,1.025000
0.841000,-0.172000,-1.013000,-0.334000,0.927000,-0.592000,-0.803000,-1.108000,-1.174000,-2.703000,1.096000,0.957000
0.804000,-0.184000,-0.988000,-0.309000,0.896000,-0.586000,-0.731000,-0.966000,-1.045000,-2.759000,1.022000,0.871000
0.722000,-0.185000,-0.907000,-0.268000,0.815000,-0.546000,-0.643000,-0.793000,-0.892000,-2.820000,0.937000,0.785000
0.660000,-0.185000,-0.845000,-0.237000,0.753000,-0.515000,-0.565000,-0.650000,-0.760000,-2.860000,0.860000,0.695000
0.590000,-0.185000,-0.775000,-0.202000,0.683000,-0.479000,-0.503000,-0.541000,-0.679000,-2.857000,0.714000,0.558000
0.610000,-0.185000,-0.795000,-0.212000,0.703000,-0.490000,-0.449000,-0.430000,-0.592000,-2.857000,0.544000,0.379000
0.563000,-0.185000,-0.748000,-0.188000,0.656000,-0.467000,-0.372000,-0.294000,-0.470000,-2.842000,0.441000,0.259000
0.453000,-0.185000,-0.637000,-0.134000,0.546000,-0.411000,-0.287000,-0.142000,-0.331000,-2.807000,0.382000,0.189000
0.440000,-0.185000,-0.625000,-0.127000,0.533000,-0.405000,-0.230000,-0.010000,-0.215000,-2.775000,0.280000,0.080000
0.416000,-0.193000,-0.609000,-0.111000,0.513000,-0.401000,-0.174000,0.068000,-0.153000,-2.713000,0.154000,-0.038000
0.367000,-0.196000,-0.563000,-0.085000,0.466000,-0.379000,-0.121000,0.142000,-0.097000,-2.605000,0.048000,-0.140000
0.314000,-0.195000,-0.508000,-0.059000,0.412000,-0.352000,-0.068000,0.229000,-0.030000,-2.491000,-0.050000,-0.245000
0.271000,-0.195000,-0.466000,-0.038000,0.369000,-0.331000,-0.018000,0.316000,0.044000,-2.399000,-0.140000,-0.348000
0.240000,-0.200000,-0.440000,-0.020000,0.340000,-0.320000,0.020000,0.390000,0.105000,-2.315000,-0.215000,-0.430000
0.202000,-0.213000,-0.415000,0.006000,0.309000,-0.314000,0.055000,0.446000,0.138000,-2.211000,-0.312000,-0.522000
0.150000,-0.213000,-0.363000,0.032000,0.257000,-0.288000,0.131000,0.542000,0.208000,-2.069000,-0.395000,-0.610000
0.089000,-0.209000,-0.298000,0.060000,0.193000,-0.253000,0.194000,0.638000,0.281000,-1.882000,-0.465000,-0.687000
0.032000,-0.210000,-0.242000,0.089000,0.137000,-0.226000,0.232000,0.707000,0.334000,-1.700000,-0.521000,-0.739000
-0.010000,-0.205000,-0.195000,0.108000,0.093000,-0.200000,0.285000,0.770000,0.395000,-1.580000,-0.550000,-0.760000
-0.053000,-0.201000,-0.148000,0.127000,0.048000,-0.174000,0.320000,0.823000,0.448000,-1.494000,-0.572000,-0.783000
-0.140000,-0.232000,-0.093000,0.186000,-0.023000,-0.162000,0.369000,0.907000,0.531000,-1.387000,-0.574000,-0.778000
-0.215000,-0.240000,-0.025000,0.227000,-0.095000,-0.132000,0.431000,0.998000,0.624000,-1.295000,-0.569000,-0.765000
-0.228000,-0.207000,0.021000,0.217000,-0.124000,-0.093000,0.470000,1.056000,0.687000,-1.209000,-0.570000,-0.759000
-0.215000,-0.185000,0.030000,0.200000,-0.122000,-0.077000,0.475000,1.090000,0.725000,-1.095000,-0.570000,-0.750000
-0.245000,-0.180000,0.065000,0.213000,-0.155000,-0.057000,0.488000,1.137000,0.769000,-1.018000,-0.566000,-0.738000
-0.274000,-0.177000,0.097000,0.225000,-0.185000,-0.040000,0.520000,1.185000,0.809000,-0.936000,-0.564000,-0.729000
-0.282000,-0.172000,0.109000,0.227000,-0.195000,-0.032000,0.543000,1.221000,0.837000,-0.861000,-0.566000,-0.721000
-0.279000,-0.170000,0.109000,0.224000,-0.194000,-0.030000,0.553000,1.246000,0.862000,-0.798000,-0.564000,-0.713000
-0.280000,-0.170000,0.110000,0.225000,-0.195000,-0.030000,0.565000,1.270000,0.890000,-0.715000,-0.560000,-0.710000
-0.296000,-0.166000,0.130000,0.231000,-0.212000,-0.018000,0.576000,1.293000,0.909000,-0.620000,-0.560000,-0.710000
-0.309000,-0.161000,0.147000,0.235000,-0.228000,-0.007000,0.593000,1.321000,0.935000,-0.556000,-0.560000,-0.708000
-0.324000,-0.160000,0.164000,0.241000,-0.244000,0.002000,0.589000,1.331000,0.947000,-0.515000,-0.561000,-0.718000
-0.337000,-0.159000,0.177000,0.248000,-0.257000,0.008000,0.591000,1.342000,0.956000,-0.448000,-0.559000,-0.732000
-0.335000,-0.155000,0.180000,0.245000,-0.257000,0.012000,0.630000,1.380000,0.990000,-0.350000,-0.555000,-0.730000
-0.330000,-0.150000,0.179000,0.240000,-0.254000,0.014000,0.633000,1.398000,1.008000,-0.292000,-0.566000,-0.729000
-0.335000,-0.150000,0.185000,0.242000,-0.260000,0.017000,0.625000,1.408000,1.017000,-0.240000,-0.581000,-0.739000
-0.328000,-0.148000,0.180000,0.238000,-0.254000,0.016000,0.645000,1.439000,1.039000,-0.195000,-0.586000,-0.748000
-0.340000,-0.145000,0.195000,0.242000,-0.267000,0.025000,0.675000,1.478000,1.073000,-0.162000,-0.585000,-0.750000
-0.390000,-0.145000,0.245000,0.267000,-0.317000,0.050000,0.685000,1.500000,1.095000,-0.130000,-0.585000,-0.750000
-0.381000,-0.141000,0.240000,0.261000,-0.311000,0.049000,0.694000,1.516000,1.107000,-0.094000,-0.585000,-0.750000
-0.366000,-0.139000,0.227000,0.252000,-0.296000,0.043000,0.698000,1.531000,1.121000,-0.062000,-0.586000,-0.750000
-0.382000,-0.141000,0.241000,0.261000,-0.312000,0.050000,0.721000,1.567000,1.154000,-0.024000,-0.581000,-0.750000
-0.402000,-0.139000,0.263000,0.271000,-0.333000,0.062000,0.749000,1.598000,1.184000,0.021000,-0.584000,-0.749000
-0.400000,-0.135000,0.265000,0.267000,-0.332000,0.065000,0.745000,1.595000,1.185000,0.065000,-0.610000,-0.750000
-0.400000,-0.135000,0.265000,0.267000,-0.332000,0.065000,0.743000,1.616000,1.198000,0.110000,-0.624000,-0.763000
-0.397000,-0.132000,0.265000,0.264000,-0.331000,0.066000,0.758000,1.652000,1.229000,0.144000,-0.623000,-0.765000
-0.394000,-0.129000,0.265000,0.261000,-0.330000,0.067000,0.765000,1.671000,1.242000,0.197000,-0.635000,-0.770000
-0.395000,-0.130000,0.265000,0.262000,-0.330000,0.067000,0.759000,1.677000,1.242000,0.274000,-0.659000,-0.782000
-0.395000,-0.130000,0.265000,0.262000,-0.330000,0.067000,0.760000,1.695000,1.265000,0.335000,-0.665000,-0.785000
-0.391000,-0.126000,0.265000,0.258000,-0.327000,0.070000,0.771000,1.719000,1.289000,0.363000,-0.665000,-0.790000
-0.389000,-0.125000,0.264000,0.257000,-0.326000,0.069000,0.787000,1.741000,1.310000,0.399000,-0.667000,-0.790000
-0.376000,-0.123000,0.253000,0.250000,-0.314000,0.064000,0.786000,1.743000,1.315000,0.436000,-0.690000,-0.808000
-0.383000,-0.119000,0.264000,0.251000,-0.324000,0.072000,0.790000,1.752000,1.326000,0.461000,-0.711000,-0.834000
-0.425000,-0.120000,0.305000,0.272000,-0.365000,0.092000,0.820000,1.790000,1.360000,0.480000,-0.705000,-0.835000
-0.416000,-0.121000,0.295000,0.268000,-0.356000,0.087000,0.825000,1.806000,1.377000,0.489000,-0.717000,-0.834000
-0.434000,-0.117000,0.317000,0.275000,-0.376000,0.100000,0.830000,1.828000,1.391000,0.494000,-0.725000,-0.842000
-0.457000,-0.115000,0.342000,0.285000,-0.399000,0.114000,0.841000,1.846000,1.409000,0.509000,-0.725000,-0.845000
-0.482000,-0.115000,0.367000,0.298000,-0.424000,0.126000,0.853000,1.860000,1.431000,0.520000,-0.725000,-0.839000
-0.535000,-0.115000,0.420000,0.325000,-0.477000,0.152000,0.865000,1.885000,1.455000,0.515000,-0.725000,-0.835000
-0.540000,-0.125000,0.415000,0.332000,-0.477000,0.145000,0.876000,1.901000,1.478000,0.534000,-0.726000,-0.832000
-0.553000,-0.151000,0.402000,0.352000,-0.478000,0.125000,0.897000,1.922000,1.509000,0.552000,-0.718000,-0.822000
-0.556000,-0.158000,0.398000,0.357000,-0.477000,0.120000,0.906000,1.932000,1.522000,0.555000,-0.735000,-0.840000
-0.535000,-0.142000,0.393000,0.338000,-0.464000,0.126000,0.898000,1.922000,1.512000,0.566000,-0.763000,-0.869000
-0.520000,-0.135000,0.385000,0.327000,-0.452000,0.125000,0.895000,1.920000,1.510000,0.600000,-0.755000,-0.865000
-0.504000,-0.127000,0.377000,0.315000,-0.440000,0.125000,0.895000,1.949000,1.539000,0.614000,-0.749000,-0.865000
-0.489000,-0.119000,0.370000,0.304000,-0.429000,0.126000,0.892000,1.956000,1.549000,0.618000,-0.761000,-0.865000
-0.485000,-0.112000,0.373000,0.299000,-0.429000,0.130000,0.890000,1.945000,1.540000,0.622000,-0.777000,-0.867000
-0.492000,-0.101000,0.391000,0.296000,-0.441000,0.145000,0.889000,1.948000,1.552000,0.635000,-0.779000,-0.861000
-0.500000,-0.095000,0.405000,0.297000,-0.452000,0.155000,0.885000,1.965000,1.580000,0.655000,-0.770000,-0.850000
-0.522000,-0.129000,0.393000,0.325000,-0.457000,0.132000,0.885000,1.962000,1.566000,0.661000,-0.761000,-0.871000
-0.555000,-0.130000,0.425000,0.342000,-0.490000,0.147000,0.883000,1.960000,1.587000,0.657000,-0.757000,-0.869000
-0.549000,-0.114000,0.435000,0.331000,-0.492000,0.160000,0.877000,1.958000,1.612000,0.669000,-0.752000,-0.853000
-0.531000,-0.109000,0.422000,0.320000,-0.477000,0.157000,0.875000,1.955000,1.608000,0.679000,-0.743000,-0.842000
-0.560000,-0.100000,0.460000,0.330000,-0.510000,0.180000,0.875000,1.955000,1.610000,0.670000,-0.735000,-0.830000
-0.575000,-0.088000,0.488000,0.332000,-0.531000,0.199000,0.871000,1.950000,1.627000,0.685000,-0.732000,-0.822000
-0.567000,-0.078000,0.488000,0.322000,-0.527000,0.205000,0.870000,1.952000,1.629000,0.698000,-0.722000,-0.809000
-0.556000,-0.072000,0.484000,0.313000,-0.520000,0.207000,0.868000,1.942000,1.622000,0.700000,-0.709000,-0.792000
-0.546000,-0.062000,0.484000,0.304000,-0.515000,0.211000,0.865000,1.919000,1.619000,0.692000,-0.697000,-0.776000
-0.530000,-0.050000,0.480000,0.290000,-0.505000,0.215000,0.865000,1.900000,1.615000,0.690000,-0.685000,-0.760000
-0.522000,-0.042000,0.480000,0.282000,-0.501000,0.219000,0.850000,1.884000,1.611000,0.714000,-0.673000,-0.748000
-0.511000,-0.035000,0.476000,0.273000,-0.494000,0.220000,0.833000,1.869000,1.607000,0.728000,-0.658000,-0.733000
-0.501000,-0.024000,0.477000,0.262000,-0.488000,0.226000,0.817000,1.849000,1.604000,0.735000,-0.642000,-0.717000
-0.484000,-0.013000,0.471000,0.248000,-0.477000,0.229000,0.802000,1.824000,1.597000,0.748000,-0.626000,-0.701000
-0.465000,-0.005000,0.460000,0.235000,-0.462000,0.227000,0.790000,1.800000,1.580000,0.760000,-0.610000,-0.685000
-0.489000,0.005000,0.494000,0.242000,-0.492000,0.248000,0.778000,1.776000,1.568000,0.772000,-0.598000,-0.673000
-0.500000,-0.002000,0.498000,0.251000,-0.499000,0.248000,0.766000,1.753000,1.553000,0.786000,-0.583000,-0.658000
-0.503000,-0.017000,0.486000,0.260000,-0.494000,0.234000,0.754000,1.724000,1.539000,0.805000,-0.570000,-0.643000
-0.503000,-0.018000,0.485000,0.260000,-0.494000,0.233000,0.743000,1.693000,1.527000,0.815000,-0.554000,-0.623000
-0.485000,-0.005000,0.480000,0.245000,-0.482000,0.237000,0.730000,1.665000,1.515000,0.805000,-0.525000,-0.590000
-0.468000,0.003000,0.472000,0.232000,-0.470000,0.237000,0.706000,1.626000,1.508000,0.797000,-0.497000,-0.558000
-0.457000,0.010000,0.468000,0.223000,-0.463000,0.239000,0.684000,1.584000,1.488000,0.822000,-0.469000,-0.528000
-0.439000,0.021000,0.460000,0.209000,-0.450000,0.240000,0.665000,1.547000,1.463000,0.838000,-0.441000,-0.503000
-0.433000,0.032000,0.465000,0.200000,-0.449000,0.249000,0.645000,1.511000,1.438000,0.826000,-0.413000,-0.478000
-0.450000,0.040000,0.490000,0.205000,-0.470000,0.265000,0.625000,1.475000,1.410000,0.825000,-0.390000,-0.450000
-0.428000,0.048000,0.476000,0.190000,-0.452000,0.262000,0.600000,1.434000,1.387000,0.853000,-0.371000,-0.426000
-0.400000,0.057000,0.457000,0.172000,-0.428000,0.257000,0.582000,1.400000,1.356000,0.838000,-0.344000,-0.399000
-0.381000,0.062000,0.443000,0.160000,-0.412000,0.252000,0.553000,1.354000,1.325000,0.842000,-0.318000,-0.371000
-0.349000,0.076000,0.425000,0.136000,-0.387000,0.251000,0.509000,1.295000,1.298000,0.874000,-0.293000,-0.342000
-0.305000,0.105000,0.410000,0.100000,-0.358000,0.257000,0.470000,1.240000,1.270000,0.870000,-0.260000,-0.305000
-0.295000,0.111000,0.406000,0.092000,-0.350000,0.258000,0.449000,1.195000,1.243000,0.876000,-0.228000,-0.268000
-0.292000,0.110000,0.402000,0.091000,-0.347000,0.256000,0.431000,1.156000,1.209000,0.896000,-0.198000,-0.238000
-0.290000,0.110000,0.400000,0.090000,-0.345000,0.255000,0.406000,1.110000,1.172000,0.909000,-0.172000,-0.213000
-0.290000,0.110000,0.400000,0.090000,-0.345000,0.255000,0.378000,1.057000,1.135000,0.910000,-0.150000,-0.189000
-0.285000,0.110000,0.395000,0.087000,-0.340000,0.252000,0.355000,1.010000,1.095000,0.910000,-0.130000,-0.165000
-0.279000,0.110000,0.390000,0.084000,-0.335000,0.250000,0.334000,0.969000,1.055000,0.913000,-0.111000,-0.146000
-0.286000,0.108000,0.394000,0.089000,-0.340000,0.251000,0.317000,0.931000,1.018000,0.925000,-0.085000,-0.117000
-0.257000,0.118000,0.375000,0.069000,-0.316000,0.246000,0.287000,0.885000,0.982000,0.930000,-0.056000,-0.085000
-0.188000,0.140000,0.328000,0.024000,-0.258000,0.233000,0.245000,0.832000,0.945000,0.923000,-0.029000,-0.059000
-0.140000,0.150000,0.290000,-0.005000,-0.215000,0.220000,0.210000,0.780000,0.905000,0.920000,-0.005000,-0.035000
-0.134000,0.146000,0.281000,-0.006000,-0.208000,0.213000,0.186000,0.732000,0.865000,0.920000,0.015000,-0.011000
-0.132000,0.142000,0.274000,-0.005000,-0.203000,0.208000,0.162000,0.687000,0.828000,0.917000,0.035000,0.013000
-0.130000,0.138000,0.268000,-0.004000,-0.199000,0.203000,0.139000,0.643000,0.792000,0.915000,0.056000,0.038000
-0.129000,0.135000,0.264000,-0.004000,-0.197000,0.199000,0.121000,0.599000,0.757000,0.915000,0.073000,0.060000
-0.120000,0.135000,0.255000,-0.008000,-0.188000,0.195000,0.105000,0.560000,0.725000,0.910000,0.085000,0.075000
-0.115000,0.131000,0.246000,-0.009000,-0.180000,0.188000,0.089000,0.531000,0.693000,0.905000,0.101000,0.091000
-0.118000,0.126000,0.244000,-0.004000,-0.181000,0.185000,0.074000,0.505000,0.659000,0.905000,0.115000,0.104000
-0.104000,0.125000,0.229000,-0.011000,-0.167000,0.176000,0.054000,0.471000,0.621000,0.903000,0.125000,0.116000
-0.073000,0.124000,0.198000,-0.026000,-0.136000,0.161000,0.028000,0.429000,0.587000,0.900000,0.130000,0.127000
-0.055000,0.120000,0.175000,-0.033000,-0.115000,0.147000,0.005000,0.390000,0.560000,0.900000,0.135000,0.140000
-0.047000,0.116000,0.162000,-0.034000,-0.105000,0.138000,-0.008000,0.361000,0.532000,0.888000,0.157000,0.162000
-0.039000,0.115000,0.154000,-0.038000,-0.097000,0.134000,-0.016000,0.336000,0.504000,0.878000,0.158000,0.165000
-0.032000,0.114000,0.146000,-0.041000,-0.089000,0.130000,-0.024000,0.316000,0.477000,0.872000,0.159000,0.172000
-0.029000,0.109000,0.138000,-0.040000,-0.084000,0.123000,-0.032000,0.301000,0.455000,0.862000,0.173000,0.187000
-0.025000,0.105000,0.130000,-0.040000,-0.078000,0.117000,-0.040000,0.285000,0.440000,0.850000,0.180000,0.190000
-0.017000,0.105000,0.122000,-0.044000,-0.070000,0.113000,-0.048000,0.269000,0.430000,0.841000,0.193000,0.211000
-0.013000,0.102000,0.115000,-0.044000,-0.064000,0.108000,-0.054000,0.253000,0.400000,0.835000,0.193000,0.214000
-0.003000,0.100000,0.103000,-0.048000,-0.053000,0.101000,-0.070000,0.237000,0.361000,0.821000,0.187000,0.209000
0.014000,0.100000,0.086000,-0.057000,-0.036000,0.093000,-0.087000,0.222000,0.336000,0.800000,0.184000,0.209000
0.025000,0.095000,0.070000,-0.060000,-0.023000,0.082000,-0.085000,0.210000,0.325000,0.785000,0.180000,0.205000
0.036000,0.090000,0.054000,-0.063000,-0.009000,0.072000,-0.085000,0.198000,0.313000,0.769000,0.176000,0.205000
0.054000,0.090000,0.036000,-0.072000,0.009000,0.063000,-0.086000,0.186000,0.304000,0.753000,0.172000,0.202000
0.061000,0.088000,0.027000,-0.075000,0.016000,0.058000,-0.082000,0.174000,0.295000,0.737000,0.169000,0.200000
0.062000,0.085000,0.023000,-0.074000,0.019000,0.054000,-0.091000,0.163000,0.282000,0.721000,0.163000,0.199000
0.060000,0.085000,0.025000,-0.073000,0.017000,0.055000,-0.120000,0.155000,0.270000,0.705000,0.150000,0.190000
0.018000,0.081000,0.063000,-0.050000,-0.023000,0.072000,-0.117000,0.147000,0.262000,0.681000,0.137000,0.182000
0.008000,0.077000,0.069000,-0.043000,-0.030000,0.072000,-0.114000,0.139000,0.254000,0.657000,0.129000,0.174000
0.019000,0.073000,0.054000,-0.046000,-0.018000,0.063000,-0.116000,0.131000,0.246000,0.633000,0.119000,0.166000
0.021000,0.070000,0.049000,-0.045000,-0.014000,0.059000,-0.114000,0.122000,0.239000,0.610000,0.107000,0.158000
0.025000,0.070000,0.045000,-0.048000,-0.010000,0.057000,-0.110000,0.115000,0.235000,0.590000,0.095000,0.150000
0.029000,0.066000,0.037000,-0.048000,-0.004000,0.052000,-0.110000,0.119000,0.227000,0.570000,0.085000,0.142000
0.032000,0.061000,0.030000,-0.047000,0.001000,0.045000,-0.111000,0.121000,0.218000,0.551000,0.095000,0.136000
0.040000,0.060000,0.019000,-0.051000,0.011000,0.039000,-0.108000,0.120000,0.213000,0.528000,0.098000,0.135000
0.034000,0.059000,0.025000,-0.047000,0.004000,0.042000,-0.105000,0.120000,0.209000,0.505000,0.088000,0.135000
0.005000,0.055000,0.050000,-0.030000,-0.023000,0.052000,-0.105000,0.120000,0.205000,0.485000,0.085000,0.135000
0.011000,0.050000,0.040000,-0.031000,-0.015000,0.045000,-0.105000,0.120000,0.205000,0.461000,0.081000,0.131000
0.025000,0.050000,0.025000,-0.038000,0.000000,0.038000,-0.102000,0.120000,0.205000,0.440000,0.077000,0.130000
0.034000,0.048000,0.014000,-0.042000,0.010000,0.031000,-0.099000,0.120000,0.205000,0.420000,0.073000,0.130000
0.042000,0.045000,0.003000,-0.043000,0.019000,0.024000,-0.100000,0.120000,0.205000,0.401000,0.069000,0.130000
0.050000,0.045000,-0.005000,-0.047000,0.027000,0.020000,-0.100000,0.120000,0.205000,0.385000,0.065000,0.130000
0.066000,0.045000,-0.021000,-0.055000,0.043000,0.012000,-0.096000,0.120000,0.201000,0.369000,0.061000,0.126000
0.078000,0.046000,-0.033000,-0.062000,0.055000,0.006000,-0.094000,0.120000,0.200000,0.353000,0.057000,0.125000
0.095000,0.043000,-0.052000,-0.069000,0.073000,-0.005000,-0.096000,0.120000,0.200000,0.337000,0.053000,0.125000
0.104000,0.040000,-0.064000,-0.071000,0.084000,-0.012000,-0.094000,0.120000,0.200000,0.321000,0.050000,0.125000
0.085000,0.040000,-0.045000,-0.062000,0.065000,-0.002000,-0.090000,0.120000,0.200000,0.305000,0.050000,0.125000
0.071000,0.040000,-0.031000,-0.056000,0.051000,0.004000,-0.090000,0.128000,0.200000,0.288000,0.046000,0.121000
0.069000,0.040000,-0.029000,-0.055000,0.049000,0.005000,-0.090000,0.131000,0.200000,0.284000,0.045000,0.120000
0.070000,0.040000,-0.030000,-0.055000,0.050000,0.005000,-0.090000,0.130000,0.200000,0.285000,0.045000,0.120000
0.070000,0.040000,-0.030000,-0.055000,0.050000,0.005000,-0.090000,0.130000,0.200000,0.285000,0.045000,0.120000
0.070000,0.040000,-0.030000,-0.055000,0.050000,0.005000,-0.090000,0.130000,0.200000,0.285000,0.045000,0.120000
0.070000,0.040000,-0.030000,-0.055000,0.050000,0.005000,-0.090000,0.130000,0.200000,0.285000,0.045000,0.120000
0.070000,0.040000,-0.030000,-0.055000,0.050000,0.005000,-0.090000,0.130000,0.200000,0.285000,0.045000,0.120000
0.070000,0.040000,-0.030000,-0.055000,0.050000,0.005000,-0.090000,0.130000,0.200000,0.285000,0.045000,0.120000
0.070000,0.040000,-0.030000,-0.055000,0.050000,0.005000,-0.090000,0.130000,0.200000,0.285000,0.045000,0.120000
0.070000,0.040000,-0.030000,-0.055000,0.050000,0.005000,-0.090000,0.130000,0.200000,0.285000,0.045000,0.120000
0.070000,0.040000,-0.030000,-0.055000,0.050000,0.005000,-0.090000,0.130000,0.200000,0.285000,0.045000,0.120000
0.070000,0.040000,-0.030000,-0.055000,0.050000,0.005000,-0.090000,0.130000,0.200000,0.285000,0.045000,0.120000
0.070000,0.040000,-0.030000,-0.055000,0.050000,0.005000,-0.090000,0.130000,0.200000,0.285000,0.045000,0.120000
0.070000,0.040000,-0.030000,-0.055000,0.050000,0.005000,-0.090000,0.130000,0.200000,0.285000,0.045000,0.120000
0.070000,0.040000,-0.030000,-0.055000,0.050000,0.005000,-0.090000,0.130000,0.200000,0.285000,0.045000,0.120000
0.070000,0.040000,-0.030000,-0.055000,0.050000,0.005000,-0.090000,0.130000,0.200000,0.285000,0.045000,0.120000
0.070000,0.040000,-0.030000,-0.055000,0.050000,0.005000,-0.090000,0.130000,0.200000,0.285000,0.045000,0.120000
0.070000,0.040000,-0.030000,-0.055000,0.050000,0.005000,-0.090000,0.130000,0.200000,0.285000,0.045000,0.120000
0.070000,0.040000,-0.030000,-0.055000,0.050000,0.005000,-0.090000,0.130000,0.200000,0.285000,0.045000,0.120000
0.070000,0.040000,-0.030000,-0.055000,0.050000,0.005000,-0.090000,0.130000,0.200000,0.285000,0.045000,0.120000
0.070000,0.040000,-0.030000,-0.055000,0.050000,0.005000,-0.090000,0.130000,0.200000,0.285000,0.045000,0.120000
0.070000,0.040000,-0.030000,-0.055000,0.050000,0.005000,-0.090000,0.130000,0.200000,0.285000,0.045000,0.120000
0.070000,0.040000,-0.030000,-0.055000,0.050000,0.005000,-0.090000,0.130000,0.200000,0.285000,0.045000,0.120000
0.070000,0.040000,-0.030000,-0.055000,0.050000,0.005000,-0.090000,0.130000,0.200000,0.285000,0.045000,0.120000
0.070000,0.040000,-0.030000,-0.055000,0.050000,0.005000,-0.090000,0.130000,0.200000,0.285000,0.045000,0.120000
0.070000,0.040000,-0.030000,-0.055000,0.050000,0.005000,-0.090000,0.130000,0.200000,0.285000,0.045000,0.120000
0.070000,0.040000,-0.030000,-0.055000,0.050000,0.005000,-0.090000,0.130000,0.200000,0.285000,0.045000,0.120000
0.070000,0.040000,-0.030000,-0.055000,0.050000,0.005000,-0.090000,0.130000,0.200000,0.285000,0.045000,0.120000
0.070000,0.040000,-0.030000,-0.055000,0.050000,0.005000,-0.090000,0.130000,0.200000,0.285000,0.045000,0.120000
0.070000,0.040000,-0.030000,-0.055000,0.050000,0.005000,-0.090000,0.130000,0.200000,0.285000,0.045000,0.120000
0.070000,0.040000,-0.030000,-0.055000,0.050000,0.005000,-0.090000,0.130000,0.200000,0.285000,0.045000,0.120000
0.070000,0.040000,-0.030000,-0.055000,0.050000,0.005000,-0.090000,0.130000,0.200000,0.285000,0.045000,0.120000
0.070000,0.040000,-0.030000,-0.055000,0.050000,0.005000,-0.090000,0.130000,0.200000,0.285000,0.045000,0.120000
0.070000,0.040000,-0.030000,-0.055000,0.050000,0.005000,-0.090000,0.130000,0.200000,0.285000,0.045000,0.120000
0.070000,0.040000,-0.030000,-0.055000,0.050000,0.005000,-0.090000,0.130000,0.200000,0.285000,0.045000,0.120000
0.070000,0.040000,-0.030000,-0.055000,0.050000,0.005000,-0.090000,0.130000,0.200000,0.285000,0.045000,0.120000
0.070000,0.040000,-0.030000,-0.055000,0.050000,0.005000,-0.090000,0.130000,0.200000,0.285000,0.045000,0.120000
0.070000,0.040000,-0.030000,-0.055000,0.050000,0.005000,-0.090000,0.130000,0.200000,0.285000,0.045000,0.120000
0.070000,0.040000,-0.030000,-0.055000,0.050000,0.005000,-0.090000,0.130000,0.200000,0.285000,0.045000,0.120000
0.070000,0.040000,-0.030000,-0.055000,0.050000,0.005000,-0.090000,0.130000,0.200000,0.285000,0.045000,0.120000
0.070000,0.040000,-0.030000,-0.055000,0.050000,0.005000,-0.090000,0.130000,0.200000,0.285000,0.045000,0.120000
0.070000,0.040000,-0.030000,-0.055000,0.050000,0.005000,-0.090000,0.130000,0.200000,0.285000,0.045000,0.120000
0.070000,0.040000,-0.030000,-0.055000,0.050000,0.005000,-0.090000,0.130000,0.200000,0.285000,0.045000,0.120000
0.070000,0.040000,-0.030000,-0.055000,0.050000,0.005000,-0.090000,0.130000,0.200000,0.285000,0.045000,0.120000
0.070000,0.040000,-0.030000,-0.055000,0.050000,0.005000,-0.090000,0.130000,0.200000,0.285000,0.045000,0.120000
0.070000,0.040000,-0.030000,-0.055000,0.050000,0.005000,-0.090000,0.130000,0.200000,0.285000,0.045000,0.120000
0.070000,0.040000,-0.030000,-0.055000,0.050000,0.005000,-0.090000,0.130000,0.200000,0.285000,0.045000,0.120000
0.070000,0.040000,-0.030000,-0.055000,0.050000,0.005000,-0.090000,0.130000,0.200000,0.285000,0.045000,0.120000
0.070000,0.040000,-0.030000,-0.055000,0.050000,0.005000,-0.090000,0.130000,0.200000,0.285000,0.045000,0.120000
0.070000,0.040000,-0.030000,-0.055000,0.050000,0.005000,-0.090000,0.130000,0.200000,0.285000,0.045000,0.120000
0.070000,0.040000,-0.030000,-0.055000,0.050000,0.005000,-0.090000,0.130000,0.200000,0.285000,0.045000,0.120000
0.070000,0.040000,-0.030000,-0.055000,0.050000,0.005000,-0.090000,0.130000,0.200000,0.285000,0.045000,0.120000
0.070000,0.040000,-0.030000,-0.055000,0.050000,0.005000,-0.090000,0.130000,0.200000,0.285000,0.045000,0.120000
0.070000,0.040000,-0.030000,-0.055000,0.050000,0.005000,-0.090000,0.130000,0.200000,0.285000,0.045000,0.120000
